  0
SECTION
  2
HEADER
  9
$ANGBASE
  50
0.0
  9
$ANGDIR
  70
1
  9
$MEASUREMENT
  70
1
  0
ENDSEC
  0
SECTION
  2
TABLES
  0
TABLE
  2
LTYPE
  70
4
  0
LTYPE
  5
40F
  2
CONTINUOUS
  70
0
  3
Solid line
  72
65
  73
0
  40
0.0
  0
LTYPE
  5
410
  2
DASHDOT
 70
0
  3
Dash Dot ____ _ ____ _
 72
65
 73
4
 40
2.0
 49
1.25
 49
-0.25
 49
0.25
 49
-0.25
  0
LTYPE
  5
411
  2
DASHED
 70
0
  3
Dashed __ __ __ __ __
 72
65
 73
2
 40
0.75
 49
0.5
 49
-0.25
  0
LTYPE
  5
43B
  2
DOTTED
 70
0
  3
Dotted .  .  .  .
 72
65
 73
2
 40
0.2
 49
0.0
 49
-0.2
  0
ENDTAB
  0
TABLE
  2
STYLE
  70
4
  0
STYLE
  2
KICAD
  70
0
  40
0
  41
1
  42
1
  50
0
  71
0
  3
isocp.shx
  0
STYLE
  2
KICADB
  70
0
  40
0
  41
1
  42
1
  50
0
  71
0
  3
isocp.shx
  0
STYLE
  2
KICADI
  70
0
  40
0
  41
1
  42
1
  50
15
  71
0
  3
isocp.shx
  0
STYLE
  2
KICADBI
  70
0
  40
0
  41
1
  42
1
  50
15
  71
0
  3
isocp.shx
  0
ENDTAB
  0
TABLE
  2
LAYER
  70
1
  0
LAYER
  2
BLACK
  70
0
  62
7
  6
CONTINUOUS
  0
ENDTAB
  0
ENDSEC
  0
SECTION
  2
ENTITIES
0
LINE
8
BLACK
6
CONTINUOUS
10
182.4274159999999938
20
-75.225752
11
182.5580909999999903
21
-75.2753939999999915
0
LINE
8
BLACK
6
CONTINUOUS
10
182.5580909999999903
20
-75.2753939999999915
11
182.672032999999999
21
-75.3563729999999907
0
LINE
8
BLACK
6
CONTINUOUS
10
182.672032999999999
20
-75.3563729999999907
11
182.7618819999999857
21
-75.4634590000000003
0
LINE
8
BLACK
6
CONTINUOUS
10
182.7618819999999857
20
-75.4634590000000003
11
182.8218369999999879
21
-75.589736000000002
0
LINE
8
BLACK
6
CONTINUOUS
10
182.8218369999999879
20
-75.589736000000002
11
182.848023999999981
21
-75.7270479999999964
0
LINE
8
BLACK
6
CONTINUOUS
10
182.848023999999981
20
-75.7270479999999964
11
182.8387519999999995
21
-75.8665259999999932
0
LINE
8
BLACK
6
CONTINUOUS
10
182.8387519999999995
20
-75.8665259999999932
11
182.794620999999978
21
-75.9991639999999933
0
LINE
8
BLACK
6
CONTINUOUS
10
182.794620999999978
20
-75.9991639999999933
11
182.7945379999999886
21
-75.9991239999999948
0
LINE
8
BLACK
6
CONTINUOUS
10
182.7945379999999886
20
-75.9991239999999948
11
182.7945200000000057
21
-75.9991409999999945
0
LINE
8
BLACK
6
CONTINUOUS
10
182.7945200000000057
20
-75.9991409999999945
11
182.7799079999999776
21
-76.0294969999999921
0
LINE
8
BLACK
6
CONTINUOUS
10
182.7799079999999776
20
-76.0294969999999921
11
182.7600419999999986
21
-76.0939290000000028
0
LINE
8
BLACK
6
CONTINUOUS
10
182.7600419999999986
20
-76.0939290000000028
11
182.749998000000005
21
-76.1606009999999998
0
LINE
8
BLACK
6
CONTINUOUS
10
182.749998000000005
20
-76.1606009999999998
11
182.75
21
-76.1943139999999914
0
LINE
8
BLACK
6
CONTINUOUS
10
182.75
20
-76.1943139999999914
11
182.75
21
-76.1943160000000006
0
LINE
8
BLACK
6
CONTINUOUS
10
182.75
20
-76.1943160000000006
11
182.75
21
-77.5999999999999943
0
LINE
8
BLACK
6
CONTINUOUS
10
182.75
20
-77.5999999999999943
11
182.7500009999999975
21
-77.5999999999999943
0
LINE
8
BLACK
6
CONTINUOUS
10
182.7500009999999975
20
-77.5999999999999943
11
182.75
21
-77.6337120000000027
0
LINE
8
BLACK
6
CONTINUOUS
10
182.75
20
-77.6337120000000027
11
182.7600459999999885
21
-77.7003839999999997
0
LINE
8
BLACK
6
CONTINUOUS
10
182.7600459999999885
20
-77.7003839999999997
11
182.7799139999999909
21
-77.7648149999999987
0
LINE
8
BLACK
6
CONTINUOUS
10
182.7799139999999909
20
-77.7648149999999987
11
182.7945369999999912
21
-77.795189999999991
0
LINE
8
BLACK
6
CONTINUOUS
10
182.7945369999999912
20
-77.795189999999991
11
182.7945369999999912
21
-77.79519599999999
0
LINE
8
BLACK
6
CONTINUOUS
10
182.7945369999999912
20
-77.79519599999999
11
182.8386840000000007
21
-77.9278149999999954
0
LINE
8
BLACK
6
CONTINUOUS
10
182.8386840000000007
20
-77.9278149999999954
11
182.8479710000000011
21
-78.0672909999999973
0
LINE
8
BLACK
6
CONTINUOUS
10
182.8479710000000011
20
-78.0672909999999973
11
182.8217970000000037
21
-78.2046040000000033
0
LINE
8
BLACK
6
CONTINUOUS
10
182.8217970000000037
20
-78.2046040000000033
11
182.7618530000000021
21
-78.3308839999999975
0
LINE
8
BLACK
6
CONTINUOUS
10
182.7618530000000021
20
-78.3308839999999975
11
182.6720090000000027
21
-78.4379729999999995
0
LINE
8
BLACK
6
CONTINUOUS
10
182.6720090000000027
20
-78.4379729999999995
11
182.5580699999999865
21
-78.5189529999999962
0
LINE
8
BLACK
6
CONTINUOUS
10
182.5580699999999865
20
-78.5189529999999962
11
182.4273969999999849
21
-78.568595000000002
0
LINE
8
BLACK
6
CONTINUOUS
10
182.4273969999999849
20
-78.568595000000002
11
182.2884289999999794
21
-78.5836899999999901
0
LINE
8
BLACK
6
CONTINUOUS
10
182.2884289999999794
20
-78.5836899999999901
11
182.1501439999999832
21
-78.5632650000000012
0
LINE
8
BLACK
6
CONTINUOUS
10
182.1501439999999832
20
-78.5632650000000012
11
182.0214739999999836
21
-78.5086379999999906
0
LINE
8
BLACK
6
CONTINUOUS
10
182.0214739999999836
20
-78.5086379999999906
11
182.0214819999999918
21
-78.508624999999995
0
LINE
8
BLACK
6
CONTINUOUS
10
182.0214819999999918
20
-78.508624999999995
11
182.0214179999999828
21
-78.5085539999999895
0
LINE
8
BLACK
6
CONTINUOUS
10
182.0214179999999828
20
-78.5085539999999895
11
181.9871550000000013
21
-78.4885779999999897
0
LINE
8
BLACK
6
CONTINUOUS
10
181.9871550000000013
20
-78.4885779999999897
11
181.9125159999999823
21
-78.461125999999993
0
LINE
8
BLACK
6
CONTINUOUS
10
181.9125159999999823
20
-78.461125999999993
11
181.8342209999999852
21
-78.4471889999999945
0
LINE
8
BLACK
6
CONTINUOUS
10
181.8342209999999852
20
-78.4471889999999945
11
181.7944579999999917
21
-78.4471580000000017
0
LINE
8
BLACK
6
CONTINUOUS
10
181.7944579999999917
20
-78.4471580000000017
11
181.7944559999999967
21
-78.44715699999999
0
LINE
8
BLACK
6
CONTINUOUS
10
181.7944559999999967
20
-78.44715699999999
11
181.7944530000000043
21
-78.4471580000000017
0
LINE
8
BLACK
6
CONTINUOUS
10
181.7944530000000043
20
-78.4471580000000017
11
180.205553999999978
21
-78.4471580000000017
0
LINE
8
BLACK
6
CONTINUOUS
10
180.205553999999978
20
-78.4471580000000017
11
180.2055489999999907
21
-78.4471580000000017
0
LINE
8
BLACK
6
CONTINUOUS
10
180.2055489999999907
20
-78.4471580000000017
11
180.2054530000000057
21
-78.4471389999999928
0
LINE
8
BLACK
6
CONTINUOUS
10
180.2054530000000057
20
-78.4471389999999928
11
180.1657909999999845
21
-78.4471769999999964
0
LINE
8
BLACK
6
CONTINUOUS
10
180.1657909999999845
20
-78.4471769999999964
11
180.0874989999999798
21
-78.4611299999999972
0
LINE
8
BLACK
6
CONTINUOUS
10
180.0874989999999798
20
-78.4611299999999972
11
180.012867
21
-78.488593999999992
0
LINE
8
BLACK
6
CONTINUOUS
10
180.012867
20
-78.488593999999992
11
179.9785190000000057
21
-78.5086269999999899
0
LINE
8
BLACK
6
CONTINUOUS
10
179.9785190000000057
20
-78.5086269999999899
11
179.9785190000000057
21
-78.5086259999999925
0
LINE
8
BLACK
6
CONTINUOUS
10
179.9785190000000057
20
-78.5086259999999925
11
179.9785009999999943
21
-78.5086289999999991
0
LINE
8
BLACK
6
CONTINUOUS
10
179.9785009999999943
20
-78.5086289999999991
11
179.8498539999999934
21
-78.563248999999999
0
LINE
8
BLACK
6
CONTINUOUS
10
179.8498539999999934
20
-78.563248999999999
11
179.7115729999999871
21
-78.583674000000002
0
LINE
8
BLACK
6
CONTINUOUS
10
179.7115729999999871
20
-78.583674000000002
11
179.5726089999999999
21
-78.5685799999999972
0
LINE
8
BLACK
6
CONTINUOUS
10
179.5726089999999999
20
-78.5685799999999972
11
179.4419389999999908
21
-78.5189400000000006
0
LINE
8
BLACK
6
CONTINUOUS
10
179.4419389999999908
20
-78.5189400000000006
11
179.3280029999999954
21
-78.4379619999999989
0
LINE
8
BLACK
6
CONTINUOUS
10
179.3280029999999954
20
-78.4379619999999989
11
179.238160999999991
21
-78.3308760000000035
0
LINE
8
BLACK
6
CONTINUOUS
10
179.238160999999991
20
-78.3308760000000035
11
179.1782179999999869
21
-78.2045999999999992
0
LINE
8
BLACK
6
CONTINUOUS
10
179.1782179999999869
20
-78.2045999999999992
11
179.1520449999999869
21
-78.0672909999999973
0
LINE
8
BLACK
6
CONTINUOUS
10
179.1520449999999869
20
-78.0672909999999973
11
179.1613319999999874
21
-77.927818000000002
0
LINE
8
BLACK
6
CONTINUOUS
10
179.1613319999999874
20
-77.927818000000002
11
179.2054540000000031
21
-77.7952669999999955
0
LINE
8
BLACK
6
CONTINUOUS
10
179.2054540000000031
20
-77.7952669999999955
11
179.2054650000000038
21
-77.795189999999991
0
LINE
8
BLACK
6
CONTINUOUS
10
179.2054650000000038
20
-77.795189999999991
11
179.2054660000000013
21
-77.795189999999991
0
LINE
8
BLACK
6
CONTINUOUS
10
179.2054660000000013
20
-77.795189999999991
11
179.2200890000000015
21
-77.7648149999999987
0
LINE
8
BLACK
6
CONTINUOUS
10
179.2200890000000015
20
-77.7648149999999987
11
179.239957000000004
21
-77.7003849999999971
0
LINE
8
BLACK
6
CONTINUOUS
10
179.239957000000004
20
-77.7003849999999971
11
179.2500029999999924
21
-77.6337130000000002
0
LINE
8
BLACK
6
CONTINUOUS
10
179.2500029999999924
20
-77.6337130000000002
11
179.250001999999995
21
-77.6000009999999918
0
LINE
8
BLACK
6
CONTINUOUS
10
179.250001999999995
20
-77.6000009999999918
11
179.250001999999995
21
-77.5999999999999943
0
LINE
8
BLACK
6
CONTINUOUS
10
179.250001999999995
20
-77.5999999999999943
11
179.250001999999995
21
-76.1943160000000006
0
LINE
8
BLACK
6
CONTINUOUS
10
179.250001999999995
20
-76.1943160000000006
11
179.250001999999995
21
-76.1943139999999914
0
LINE
8
BLACK
6
CONTINUOUS
10
179.250001999999995
20
-76.1943139999999914
11
179.2499939999999867
21
-76.1943139999999914
0
LINE
8
BLACK
6
CONTINUOUS
10
179.2499939999999867
20
-76.1943139999999914
11
179.2499959999999817
21
-76.1606029999999947
0
LINE
8
BLACK
6
CONTINUOUS
10
179.2499959999999817
20
-76.1606029999999947
11
179.2399519999999882
21
-76.0939309999999978
0
LINE
8
BLACK
6
CONTINUOUS
10
179.2399519999999882
20
-76.0939309999999978
11
179.2200869999999782
21
-76.0294999999999987
0
LINE
8
BLACK
6
CONTINUOUS
10
179.2200869999999782
20
-76.0294999999999987
11
179.2054639999999779
21
-75.9991249999999923
0
LINE
8
BLACK
6
CONTINUOUS
10
179.2054639999999779
20
-75.9991249999999923
11
179.2054650000000038
21
-75.9991239999999948
0
LINE
8
BLACK
6
CONTINUOUS
10
179.2054650000000038
20
-75.9991239999999948
11
179.1613409999999931
21
-75.8665089999999935
0
LINE
8
BLACK
6
CONTINUOUS
10
179.1613409999999931
20
-75.8665089999999935
11
179.1520709999999781
21
-75.7270539999999954
0
LINE
8
BLACK
6
CONTINUOUS
10
179.1520709999999781
20
-75.7270539999999954
11
179.1782539999999813
21
-75.5897659999999973
0
LINE
8
BLACK
6
CONTINUOUS
10
179.1782539999999813
20
-75.5897659999999973
11
179.2381979999999828
21
-75.4635109999999969
0
LINE
8
BLACK
6
CONTINUOUS
10
179.2381979999999828
20
-75.4635109999999969
11
179.328031999999979
21
-75.3564429999999987
0
LINE
8
BLACK
6
CONTINUOUS
10
179.328031999999979
20
-75.3564429999999987
11
179.4419539999999813
21
-75.2754779999999926
0
LINE
8
BLACK
6
CONTINUOUS
10
179.4419539999999813
20
-75.2754779999999926
11
179.5726059999999791
21
-75.2258449999999925
0
LINE
8
BLACK
6
CONTINUOUS
10
179.5726059999999791
20
-75.2258449999999925
11
179.7115509999999858
21
-75.2107479999999953
0
LINE
8
BLACK
6
CONTINUOUS
10
179.7115509999999858
20
-75.2107479999999953
11
179.8498149999999782
21
-75.2311639999999926
0
LINE
8
BLACK
6
CONTINUOUS
10
179.8498149999999782
20
-75.2311639999999926
11
179.9780119999999783
21
-75.2855789999999985
0
LINE
8
BLACK
6
CONTINUOUS
10
179.9780119999999783
20
-75.2855789999999985
11
179.9785149999999874
21
-75.2856889999999908
0
LINE
8
BLACK
6
CONTINUOUS
10
179.9785149999999874
20
-75.2856889999999908
11
179.9785159999999848
21
-75.2856889999999908
0
LINE
8
BLACK
6
CONTINUOUS
10
179.9785159999999848
20
-75.2856889999999908
11
179.9785169999999823
21
-75.2856900000000024
0
LINE
8
BLACK
6
CONTINUOUS
10
179.9785169999999823
20
-75.2856900000000024
11
179.978525999999988
21
-75.2856740000000002
0
LINE
8
BLACK
6
CONTINUOUS
10
179.978525999999988
20
-75.2856740000000002
11
180.0128729999999848
21
-75.3057060000000007
0
LINE
8
BLACK
6
CONTINUOUS
10
180.0128729999999848
20
-75.3057060000000007
11
180.0875029999999981
21
-75.3331680000000006
0
LINE
8
BLACK
6
CONTINUOUS
10
180.0875029999999981
20
-75.3331680000000006
11
180.165791999999982
21
-75.3471199999999897
0
LINE
8
BLACK
6
CONTINUOUS
10
180.165791999999982
20
-75.3471199999999897
11
180.2055529999999806
21
-75.3471579999999932
0
LINE
8
BLACK
6
CONTINUOUS
10
180.2055529999999806
20
-75.3471579999999932
11
180.2055560000000014
21
-75.3471589999999907
0
LINE
8
BLACK
6
CONTINUOUS
10
180.2055560000000014
20
-75.3471589999999907
11
181.7944540000000018
21
-75.3471589999999907
0
LINE
8
BLACK
6
CONTINUOUS
10
181.7944540000000018
20
-75.3471589999999907
11
181.7944569999999942
21
-75.3471589999999907
0
LINE
8
BLACK
6
CONTINUOUS
10
181.7944569999999942
20
-75.3471589999999907
11
181.7944589999999891
21
-75.3471589999999907
0
LINE
8
BLACK
6
CONTINUOUS
10
181.7944589999999891
20
-75.3471589999999907
11
181.7944589999999891
21
-75.3471409999999935
0
LINE
8
BLACK
6
CONTINUOUS
10
181.7944589999999891
20
-75.3471409999999935
11
181.8342189999999903
21
-75.3471100000000007
0
LINE
8
BLACK
6
CONTINUOUS
10
181.8342189999999903
20
-75.3471100000000007
11
181.912509
21
-75.333170999999993
0
LINE
8
BLACK
6
CONTINUOUS
10
181.912509
20
-75.333170999999993
11
181.9871399999999824
21
-75.3057170000000013
0
LINE
8
BLACK
6
CONTINUOUS
10
181.9871399999999824
20
-75.3057170000000013
11
182.0214880000000051
21
-75.2856889999999908
0
LINE
8
BLACK
6
CONTINUOUS
10
182.0214880000000051
20
-75.2856889999999908
11
182.0214929999999924
21
-75.2856869999999958
0
LINE
8
BLACK
6
CONTINUOUS
10
182.0214929999999924
20
-75.2856869999999958
11
182.1501599999999996
21
-75.2310719999999975
0
LINE
8
BLACK
6
CONTINUOUS
10
182.1501599999999996
20
-75.2310719999999975
11
182.2884479999999883
21
-75.2106529999999935
0
LINE
8
BLACK
6
CONTINUOUS
10
182.2884479999999883
20
-75.2106529999999935
11
182.4274159999999938
21
-75.225752
0
LINE
8
BLACK
6
CONTINUOUS
10
182.2327379999999835
20
-75.3118410000000011
11
182.1217560000000049
21
-75.3430350000000004
0
LINE
8
BLACK
6
CONTINUOUS
10
182.1217560000000049
20
-75.3430350000000004
11
182.0719389999999862
21
-75.3720299999999952
0
LINE
8
BLACK
6
CONTINUOUS
10
182.0719389999999862
20
-75.3720299999999952
11
182.0719379999999887
21
-75.3720299999999952
0
LINE
8
BLACK
6
CONTINUOUS
10
182.0719379999999887
20
-75.3720299999999952
11
182.0719359999999938
21
-75.3720299999999952
0
LINE
8
BLACK
6
CONTINUOUS
10
182.0719359999999938
20
-75.3720299999999952
11
182.0719359999999938
21
-75.3720309999999927
0
LINE
8
BLACK
6
CONTINUOUS
10
182.0719359999999938
20
-75.3720309999999927
11
181.984359999999981
21
-75.4133279999999928
0
LINE
8
BLACK
6
CONTINUOUS
10
181.984359999999981
20
-75.4133279999999928
11
181.8908989999999903
21
-75.4386259999999993
0
LINE
8
BLACK
6
CONTINUOUS
10
181.8908989999999903
20
-75.4386259999999993
11
181.7946199999999806
21
-75.4471249999999998
0
LINE
8
BLACK
6
CONTINUOUS
10
181.7946199999999806
20
-75.4471249999999998
11
181.7944540000000018
21
-75.4471589999999992
0
LINE
8
BLACK
6
CONTINUOUS
10
181.7944540000000018
20
-75.4471589999999992
11
181.794448999999986
21
-75.4471589999999992
0
LINE
8
BLACK
6
CONTINUOUS
10
181.794448999999986
20
-75.4471589999999992
11
180.2055489999999907
21
-75.4471589999999992
0
LINE
8
BLACK
6
CONTINUOUS
10
180.2055489999999907
20
-75.4471589999999992
11
180.2055430000000058
21
-75.44715699999999
0
LINE
8
BLACK
6
CONTINUOUS
10
180.2055430000000058
20
-75.44715699999999
11
180.2055430000000058
21
-75.4471580000000017
0
LINE
8
BLACK
6
CONTINUOUS
10
180.2055430000000058
20
-75.4471580000000017
11
180.1090969999999913
21
-75.4386269999999968
0
LINE
8
BLACK
6
CONTINUOUS
10
180.1090969999999913
20
-75.4386269999999968
11
180.0156419999999855
21
-75.4133169999999922
0
LINE
8
BLACK
6
CONTINUOUS
10
180.0156419999999855
20
-75.4133169999999922
11
179.9281409999999823
21
-75.372045
0
LINE
8
BLACK
6
CONTINUOUS
10
179.9281409999999823
20
-75.372045
11
179.9280639999999778
21
-75.3720289999999977
0
LINE
8
BLACK
6
CONTINUOUS
10
179.9280639999999778
20
-75.3720289999999977
11
179.9280139999999903
21
-75.3721129999999988
0
LINE
8
BLACK
6
CONTINUOUS
10
179.9280139999999903
20
-75.3721129999999988
11
179.8782070000000033
21
-75.3431240000000031
0
LINE
8
BLACK
6
CONTINUOUS
10
179.8782070000000033
20
-75.3431240000000031
11
179.7672489999999925
21
-75.3119360000000029
0
LINE
8
BLACK
6
CONTINUOUS
10
179.7672489999999925
20
-75.3119360000000029
11
179.6520129999999824
21
-75.3097240000000028
0
LINE
8
BLACK
6
CONTINUOUS
10
179.6520129999999824
20
-75.3097240000000028
11
179.5399400000000014
21
-75.336632999999992
0
LINE
8
BLACK
6
CONTINUOUS
10
179.5399400000000014
20
-75.336632999999992
11
179.4382689999999911
21
-75.3909230000000008
0
LINE
8
BLACK
6
CONTINUOUS
10
179.4382689999999911
20
-75.3909230000000008
11
179.3535669999999982
21
-75.4690889999999968
0
LINE
8
BLACK
6
CONTINUOUS
10
179.3535669999999982
20
-75.4690889999999968
11
179.2913029999999992
21
-75.5660819999999944
0
LINE
8
BLACK
6
CONTINUOUS
10
179.2913029999999992
20
-75.5660819999999944
11
179.2554999999999836
21
-75.6756379999999922
0
LINE
8
BLACK
6
CONTINUOUS
10
179.2554999999999836
20
-75.6756379999999922
11
179.2484699999999975
21
-75.7906809999999922
0
LINE
8
BLACK
6
CONTINUOUS
10
179.2484699999999975
20
-75.7906809999999922
11
179.2706660000000056
21
-75.9037819999999925
0
LINE
8
BLACK
6
CONTINUOUS
10
179.2706660000000056
20
-75.9037819999999925
11
179.2955699999999979
21
-75.9557519999999897
0
LINE
8
BLACK
6
CONTINUOUS
10
179.2955699999999979
20
-75.9557519999999897
11
179.2955690000000004
21
-75.9557519999999897
0
LINE
8
BLACK
6
CONTINUOUS
10
179.2955690000000004
20
-75.9557519999999897
11
179.3255800000000022
21
-76.0322519999999997
0
LINE
8
BLACK
6
CONTINUOUS
10
179.3255800000000022
20
-76.0322519999999997
11
179.3438569999999856
21
-76.1123699999999985
0
LINE
8
BLACK
6
CONTINUOUS
10
179.3438569999999856
20
-76.1123699999999985
11
179.3499879999999962
21
-76.1942499999999967
0
LINE
8
BLACK
6
CONTINUOUS
10
179.3499879999999962
20
-76.1942499999999967
11
179.3500019999999893
21
-76.1943160000000006
0
LINE
8
BLACK
6
CONTINUOUS
10
179.3500019999999893
20
-76.1943160000000006
11
179.3500019999999893
21
-77.5999999999999943
0
LINE
8
BLACK
6
CONTINUOUS
10
179.3500019999999893
20
-77.5999999999999943
11
179.3500019999999893
21
-77.6000009999999918
0
LINE
8
BLACK
6
CONTINUOUS
10
179.3500019999999893
20
-77.6000009999999918
11
179.3438629999999989
21
-77.6819479999999913
0
LINE
8
BLACK
6
CONTINUOUS
10
179.3438629999999989
20
-77.6819479999999913
11
179.3255819999999972
21
-77.7620659999999901
0
LINE
8
BLACK
6
CONTINUOUS
10
179.3255819999999972
20
-77.7620659999999901
11
179.2955690000000004
21
-77.8385660000000001
0
LINE
8
BLACK
6
CONTINUOUS
10
179.2955690000000004
20
-77.8385660000000001
11
179.2955659999999796
21
-77.8385679999999951
0
LINE
8
BLACK
6
CONTINUOUS
10
179.2955659999999796
20
-77.8385679999999951
11
179.2955659999999796
21
-77.8385710000000017
0
LINE
8
BLACK
6
CONTINUOUS
10
179.2955659999999796
20
-77.8385710000000017
11
179.2955790000000036
21
-77.8385770000000008
0
LINE
8
BLACK
6
CONTINUOUS
10
179.2955790000000036
20
-77.8385770000000008
11
179.2706639999999823
21
-77.8905510000000021
0
LINE
8
BLACK
6
CONTINUOUS
10
179.2706639999999823
20
-77.8905510000000021
11
179.2484499999999912
21
-78.003664999999998
0
LINE
8
BLACK
6
CONTINUOUS
10
179.2484499999999912
20
-78.003664999999998
11
179.2554700000000025
21
-78.1187249999999977
0
LINE
8
BLACK
6
CONTINUOUS
10
179.2554700000000025
20
-78.1187249999999977
11
179.2912689999999998
21
-78.2282999999999902
0
LINE
8
BLACK
6
CONTINUOUS
10
179.2912689999999998
20
-78.2282999999999902
11
179.3535359999999912
21
-78.3253100000000018
0
LINE
8
BLACK
6
CONTINUOUS
10
179.3535359999999912
20
-78.3253100000000018
11
179.4382479999999873
21
-78.4034899999999908
0
LINE
8
BLACK
6
CONTINUOUS
10
179.4382479999999873
20
-78.4034899999999908
11
179.5399329999999907
21
-78.4577889999999911
0
LINE
8
BLACK
6
CONTINUOUS
10
179.5399329999999907
20
-78.4577889999999911
11
179.6520219999999881
21
-78.4846999999999895
0
LINE
8
BLACK
6
CONTINUOUS
10
179.6520219999999881
20
-78.4846999999999895
11
179.7672759999999812
21
-78.4824839999999995
0
LINE
8
BLACK
6
CONTINUOUS
10
179.7672759999999812
20
-78.4824839999999995
11
179.8782469999999876
21
-78.4512840000000011
0
LINE
8
BLACK
6
CONTINUOUS
10
179.8782469999999876
20
-78.4512840000000011
11
179.9280599999999879
21
-78.4222869999999972
0
LINE
8
BLACK
6
CONTINUOUS
10
179.9280599999999879
20
-78.4222869999999972
11
179.9280749999999784
21
-78.4222829999999931
0
LINE
8
BLACK
6
CONTINUOUS
10
179.9280749999999784
20
-78.4222829999999931
11
180.0156360000000006
21
-78.380982000000003
0
LINE
8
BLACK
6
CONTINUOUS
10
180.0156360000000006
20
-78.380982000000003
11
180.1090949999999964
21
-78.355671000000001
0
LINE
8
BLACK
6
CONTINUOUS
10
180.1090949999999964
20
-78.355671000000001
11
180.2055440000000033
21
-78.3471389999999985
0
LINE
8
BLACK
6
CONTINUOUS
10
180.2055440000000033
20
-78.3471389999999985
11
180.2055440000000033
21
-78.3471579999999932
0
LINE
8
BLACK
6
CONTINUOUS
10
180.2055440000000033
20
-78.3471579999999932
11
180.2055450000000008
21
-78.3471579999999932
0
LINE
8
BLACK
6
CONTINUOUS
10
180.2055450000000008
20
-78.3471579999999932
11
180.2055489999999907
21
-78.3471579999999932
0
LINE
8
BLACK
6
CONTINUOUS
10
180.2055489999999907
20
-78.3471579999999932
11
181.7944530000000043
21
-78.3471579999999932
0
LINE
8
BLACK
6
CONTINUOUS
10
181.7944530000000043
20
-78.3471579999999932
11
181.7944559999999967
21
-78.3471579999999932
0
LINE
8
BLACK
6
CONTINUOUS
10
181.7944559999999967
20
-78.3471579999999932
11
181.8909009999999853
21
-78.3556719999999984
0
LINE
8
BLACK
6
CONTINUOUS
10
181.8909009999999853
20
-78.3556719999999984
11
181.9843659999999943
21
-78.3809660000000008
0
LINE
8
BLACK
6
CONTINUOUS
10
181.9843659999999943
20
-78.3809660000000008
11
182.0719469999999944
21
-78.4222589999999968
0
LINE
8
BLACK
6
CONTINUOUS
10
182.0719469999999944
20
-78.4222589999999968
11
182.0719330000000014
21
-78.4222839999999906
0
LINE
8
BLACK
6
CONTINUOUS
10
182.0719330000000014
20
-78.4222839999999906
11
182.0719359999999938
21
-78.4222869999999972
0
LINE
8
BLACK
6
CONTINUOUS
10
182.0719359999999938
20
-78.4222869999999972
11
182.0719419999999786
21
-78.4222889999999921
0
LINE
8
BLACK
6
CONTINUOUS
10
182.0719419999999786
20
-78.4222889999999921
11
182.0719399999999837
21
-78.4222919999999988
0
LINE
8
BLACK
6
CONTINUOUS
10
182.0719399999999837
20
-78.4222919999999988
11
182.0719650000000058
21
-78.4223199999999991
0
LINE
8
BLACK
6
CONTINUOUS
10
182.0719650000000058
20
-78.4223199999999991
11
182.1217479999999966
21
-78.4513000000000034
0
LINE
8
BLACK
6
CONTINUOUS
10
182.1217479999999966
20
-78.4513000000000034
11
182.2327239999999904
21
-78.4825009999999992
0
LINE
8
BLACK
6
CONTINUOUS
10
182.2327239999999904
20
-78.4825009999999992
11
182.3479810000000043
21
-78.4847159999999917
0
LINE
8
BLACK
6
CONTINUOUS
10
182.3479810000000043
20
-78.4847159999999917
11
182.4600749999999891
21
-78.4578049999999934
0
LINE
8
BLACK
6
CONTINUOUS
10
182.4600749999999891
20
-78.4578049999999934
11
182.5617629999999849
21
-78.4035030000000006
0
LINE
8
BLACK
6
CONTINUOUS
10
182.5617629999999849
20
-78.4035030000000006
11
182.6464780000000019
21
-78.3253199999999907
0
LINE
8
BLACK
6
CONTINUOUS
10
182.6464780000000019
20
-78.3253199999999907
11
182.7087459999999908
21
-78.2283060000000035
0
LINE
8
BLACK
6
CONTINUOUS
10
182.7087459999999908
20
-78.2283060000000035
11
182.744546999999983
21
-78.1187279999999902
0
LINE
8
BLACK
6
CONTINUOUS
10
182.744546999999983
20
-78.1187279999999902
11
182.7515669999999943
21
-78.0036630000000031
0
LINE
8
BLACK
6
CONTINUOUS
10
182.7515669999999943
20
-78.0036630000000031
11
182.7293520000000058
21
-77.890545000000003
0
LINE
8
BLACK
6
CONTINUOUS
10
182.7293520000000058
20
-77.890545000000003
11
182.704435999999987
21
-77.83856999999999
0
LINE
8
BLACK
6
CONTINUOUS
10
182.704435999999987
20
-77.83856999999999
11
182.7044349999999895
21
-77.8385679999999951
0
LINE
8
BLACK
6
CONTINUOUS
10
182.7044349999999895
20
-77.8385679999999951
11
182.7044329999999945
21
-77.8385660000000001
0
LINE
8
BLACK
6
CONTINUOUS
10
182.7044329999999945
20
-77.8385660000000001
11
182.704433999999992
21
-77.8385650000000027
0
LINE
8
BLACK
6
CONTINUOUS
10
182.704433999999992
20
-77.8385650000000027
11
182.6744209999999953
21
-77.7620649999999927
0
LINE
8
BLACK
6
CONTINUOUS
10
182.6744209999999953
20
-77.7620649999999927
11
182.6561399999999935
21
-77.6819469999999939
0
LINE
8
BLACK
6
CONTINUOUS
10
182.6561399999999935
20
-77.6819469999999939
11
182.6500010000000032
21
-77.6000080000000025
0
LINE
8
BLACK
6
CONTINUOUS
10
182.6500010000000032
20
-77.6000080000000025
11
182.6500000000000057
21
-77.5999999999999943
0
LINE
8
BLACK
6
CONTINUOUS
10
182.6500000000000057
20
-77.5999999999999943
11
182.6500000000000057
21
-76.1943160000000006
0
LINE
8
BLACK
6
CONTINUOUS
10
182.6500000000000057
20
-76.1943160000000006
11
182.6500000000000057
21
-76.1943139999999914
0
LINE
8
BLACK
6
CONTINUOUS
10
182.6500000000000057
20
-76.1943139999999914
11
182.6561370000000011
21
-76.1123690000000011
0
LINE
8
BLACK
6
CONTINUOUS
10
182.6561370000000011
20
-76.1123690000000011
11
182.674414999999982
21
-76.0322499999999906
0
LINE
8
BLACK
6
CONTINUOUS
10
182.674414999999982
20
-76.0322499999999906
11
182.7044259999999838
21
-75.9557479999999998
0
LINE
8
BLACK
6
CONTINUOUS
10
182.7044259999999838
20
-75.9557479999999998
11
182.7044329999999945
21
-75.9557509999999922
0
LINE
8
BLACK
6
CONTINUOUS
10
182.7044329999999945
20
-75.9557509999999922
11
182.7046379999999886
21
-75.9555349999999976
0
LINE
8
BLACK
6
CONTINUOUS
10
182.7046379999999886
20
-75.9555349999999976
11
182.729424999999992
21
-75.9038120000000021
0
LINE
8
BLACK
6
CONTINUOUS
10
182.729424999999992
20
-75.9038120000000021
11
182.7516259999999875
21
-75.7906869999999913
0
LINE
8
BLACK
6
CONTINUOUS
10
182.7516259999999875
20
-75.7906869999999913
11
182.744593999999978
21
-75.675619999999995
0
LINE
8
BLACK
6
CONTINUOUS
10
182.744593999999978
20
-75.675619999999995
11
182.7087829999999826
21
-75.5660409999999985
0
LINE
8
BLACK
6
CONTINUOUS
10
182.7087829999999826
20
-75.5660409999999985
11
182.6465069999999855
21
-75.469026999999997
0
LINE
8
BLACK
6
CONTINUOUS
10
182.6465069999999855
20
-75.469026999999997
11
182.5617869999999812
21
-75.3908449999999988
0
LINE
8
BLACK
6
CONTINUOUS
10
182.5617869999999812
20
-75.3908449999999988
11
182.4600949999999955
21
-75.3365429999999918
0
LINE
8
BLACK
6
CONTINUOUS
10
182.4600949999999955
20
-75.3365429999999918
11
182.3479979999999898
21
-75.309629000000001
0
LINE
8
BLACK
6
CONTINUOUS
10
182.3479979999999898
20
-75.309629000000001
11
182.2327379999999835
21
-75.3118410000000011
0
LINE
8
BLACK
6
CONTINUOUS
10
132.4274159999999938
20
-42.725752
11
132.5580909999999903
21
-42.7753939999999986
0
LINE
8
BLACK
6
CONTINUOUS
10
132.5580909999999903
20
-42.7753939999999986
11
132.672032999999999
21
-42.8563729999999978
0
LINE
8
BLACK
6
CONTINUOUS
10
132.672032999999999
20
-42.8563729999999978
11
132.7618819999999857
21
-42.9634590000000003
0
LINE
8
BLACK
6
CONTINUOUS
10
132.7618819999999857
20
-42.9634590000000003
11
132.8218369999999879
21
-43.0897359999999949
0
LINE
8
BLACK
6
CONTINUOUS
10
132.8218369999999879
20
-43.0897359999999949
11
132.848023999999981
21
-43.2270479999999964
0
LINE
8
BLACK
6
CONTINUOUS
10
132.848023999999981
20
-43.2270479999999964
11
132.8387519999999995
21
-43.3665260000000004
0
LINE
8
BLACK
6
CONTINUOUS
10
132.8387519999999995
20
-43.3665260000000004
11
132.7946210000000065
21
-43.4991640000000004
0
LINE
8
BLACK
6
CONTINUOUS
10
132.7946210000000065
20
-43.4991640000000004
11
132.7945379999999886
21
-43.4991239999999948
0
LINE
8
BLACK
6
CONTINUOUS
10
132.7945379999999886
20
-43.4991239999999948
11
132.7945200000000057
21
-43.4991409999999945
0
LINE
8
BLACK
6
CONTINUOUS
10
132.7945200000000057
20
-43.4991409999999945
11
132.779908000000006
21
-43.5294969999999992
0
LINE
8
BLACK
6
CONTINUOUS
10
132.779908000000006
20
-43.5294969999999992
11
132.7600419999999986
21
-43.5939289999999957
0
LINE
8
BLACK
6
CONTINUOUS
10
132.7600419999999986
20
-43.5939289999999957
11
132.749998000000005
21
-43.6606009999999998
0
LINE
8
BLACK
6
CONTINUOUS
10
132.749998000000005
20
-43.6606009999999998
11
132.75
21
-43.6943130000000011
0
LINE
8
BLACK
6
CONTINUOUS
10
132.75
20
-43.6943130000000011
11
132.75
21
-43.6943139999999985
0
LINE
8
BLACK
6
CONTINUOUS
10
132.75
20
-43.6943139999999985
11
132.75
21
-43.6943160000000006
0
LINE
8
BLACK
6
CONTINUOUS
10
132.75
20
-43.6943160000000006
11
132.75
21
-45.1000000000000014
0
LINE
8
BLACK
6
CONTINUOUS
10
132.75
20
-45.1000000000000014
11
132.7500009999999975
21
-45.1000000000000014
0
LINE
8
BLACK
6
CONTINUOUS
10
132.7500009999999975
20
-45.1000000000000014
11
132.75
21
-45.1337119999999956
0
LINE
8
BLACK
6
CONTINUOUS
10
132.75
20
-45.1337119999999956
11
132.7600459999999885
21
-45.2003839999999997
0
LINE
8
BLACK
6
CONTINUOUS
10
132.7600459999999885
20
-45.2003839999999997
11
132.7799139999999909
21
-45.2648149999999987
0
LINE
8
BLACK
6
CONTINUOUS
10
132.7799139999999909
20
-45.2648149999999987
11
132.7945369999999912
21
-45.2951899999999981
0
LINE
8
BLACK
6
CONTINUOUS
10
132.7945369999999912
20
-45.2951899999999981
11
132.7945369999999912
21
-45.2951959999999971
0
LINE
8
BLACK
6
CONTINUOUS
10
132.7945369999999912
20
-45.2951959999999971
11
132.8386840000000007
21
-45.4278149999999954
0
LINE
8
BLACK
6
CONTINUOUS
10
132.8386840000000007
20
-45.4278149999999954
11
132.8479710000000011
21
-45.5672909999999973
0
LINE
8
BLACK
6
CONTINUOUS
10
132.8479710000000011
20
-45.5672909999999973
11
132.8217970000000037
21
-45.7046039999999962
0
LINE
8
BLACK
6
CONTINUOUS
10
132.8217970000000037
20
-45.7046039999999962
11
132.7618530000000021
21
-45.8308839999999975
0
LINE
8
BLACK
6
CONTINUOUS
10
132.7618530000000021
20
-45.8308839999999975
11
132.6720090000000027
21
-45.9379729999999995
0
LINE
8
BLACK
6
CONTINUOUS
10
132.6720090000000027
20
-45.9379729999999995
11
132.5580699999999865
21
-46.0189529999999962
0
LINE
8
BLACK
6
CONTINUOUS
10
132.5580699999999865
20
-46.0189529999999962
11
132.4273969999999849
21
-46.0685949999999949
0
LINE
8
BLACK
6
CONTINUOUS
10
132.4273969999999849
20
-46.0685949999999949
11
132.2884290000000078
21
-46.0836899999999972
0
LINE
8
BLACK
6
CONTINUOUS
10
132.2884290000000078
20
-46.0836899999999972
11
132.1501439999999832
21
-46.0632650000000012
0
LINE
8
BLACK
6
CONTINUOUS
10
132.1501439999999832
20
-46.0632650000000012
11
132.0214739999999836
21
-46.0086379999999977
0
LINE
8
BLACK
6
CONTINUOUS
10
132.0214739999999836
20
-46.0086379999999977
11
132.0214819999999918
21
-46.008624999999995
0
LINE
8
BLACK
6
CONTINUOUS
10
132.0214819999999918
20
-46.008624999999995
11
132.0214179999999828
21
-46.0085539999999966
0
LINE
8
BLACK
6
CONTINUOUS
10
132.0214179999999828
20
-46.0085539999999966
11
131.9871550000000013
21
-45.9885779999999968
0
LINE
8
BLACK
6
CONTINUOUS
10
131.9871550000000013
20
-45.9885779999999968
11
131.9125159999999823
21
-45.9611260000000001
0
LINE
8
BLACK
6
CONTINUOUS
10
131.9125159999999823
20
-45.9611260000000001
11
131.8342209999999852
21
-45.9471889999999945
0
LINE
8
BLACK
6
CONTINUOUS
10
131.8342209999999852
20
-45.9471889999999945
11
131.7944579999999917
21
-45.9471579999999946
0
LINE
8
BLACK
6
CONTINUOUS
10
131.7944579999999917
20
-45.9471579999999946
11
131.7944559999999967
21
-45.9471569999999971
0
LINE
8
BLACK
6
CONTINUOUS
10
131.7944559999999967
20
-45.9471569999999971
11
131.7944530000000043
21
-45.9471579999999946
0
LINE
8
BLACK
6
CONTINUOUS
10
131.7944530000000043
20
-45.9471579999999946
11
130.2055540000000065
21
-45.9471579999999946
0
LINE
8
BLACK
6
CONTINUOUS
10
130.2055540000000065
20
-45.9471579999999946
11
130.2055489999999907
21
-45.9471579999999946
0
LINE
8
BLACK
6
CONTINUOUS
10
130.2055489999999907
20
-45.9471579999999946
11
130.2054530000000057
21
-45.947139
0
LINE
8
BLACK
6
CONTINUOUS
10
130.2054530000000057
20
-45.947139
11
130.1657909999999845
21
-45.9471769999999964
0
LINE
8
BLACK
6
CONTINUOUS
10
130.1657909999999845
20
-45.9471769999999964
11
130.0874990000000082
21
-45.9611299999999972
0
LINE
8
BLACK
6
CONTINUOUS
10
130.0874990000000082
20
-45.9611299999999972
11
130.012867
21
-45.9885939999999991
0
LINE
8
BLACK
6
CONTINUOUS
10
130.012867
20
-45.9885939999999991
11
129.9785190000000057
21
-46.0086269999999971
0
LINE
8
BLACK
6
CONTINUOUS
10
129.9785190000000057
20
-46.0086269999999971
11
129.9785190000000057
21
-46.0086259999999996
0
LINE
8
BLACK
6
CONTINUOUS
10
129.9785190000000057
20
-46.0086259999999996
11
129.9785009999999943
21
-46.0086289999999991
0
LINE
8
BLACK
6
CONTINUOUS
10
129.9785009999999943
20
-46.0086289999999991
11
129.8498539999999934
21
-46.063248999999999
0
LINE
8
BLACK
6
CONTINUOUS
10
129.8498539999999934
20
-46.063248999999999
11
129.7115729999999871
21
-46.0836739999999949
0
LINE
8
BLACK
6
CONTINUOUS
10
129.7115729999999871
20
-46.0836739999999949
11
129.5726089999999999
21
-46.0685799999999972
0
LINE
8
BLACK
6
CONTINUOUS
10
129.5726089999999999
20
-46.0685799999999972
11
129.4419389999999908
21
-46.0189400000000006
0
LINE
8
BLACK
6
CONTINUOUS
10
129.4419389999999908
20
-46.0189400000000006
11
129.3280029999999954
21
-45.9379619999999989
0
LINE
8
BLACK
6
CONTINUOUS
10
129.3280029999999954
20
-45.9379619999999989
11
129.238160999999991
21
-45.8308759999999964
0
LINE
8
BLACK
6
CONTINUOUS
10
129.238160999999991
20
-45.8308759999999964
11
129.1782179999999869
21
-45.7045999999999992
0
LINE
8
BLACK
6
CONTINUOUS
10
129.1782179999999869
20
-45.7045999999999992
11
129.1520449999999869
21
-45.5672909999999973
0
LINE
8
BLACK
6
CONTINUOUS
10
129.1520449999999869
20
-45.5672909999999973
11
129.1613319999999874
21
-45.4278179999999949
0
LINE
8
BLACK
6
CONTINUOUS
10
129.1613319999999874
20
-45.4278179999999949
11
129.2054540000000031
21
-45.2952669999999955
0
LINE
8
BLACK
6
CONTINUOUS
10
129.2054540000000031
20
-45.2952669999999955
11
129.2054650000000038
21
-45.2951899999999981
0
LINE
8
BLACK
6
CONTINUOUS
10
129.2054650000000038
20
-45.2951899999999981
11
129.2054660000000013
21
-45.2951899999999981
0
LINE
8
BLACK
6
CONTINUOUS
10
129.2054660000000013
20
-45.2951899999999981
11
129.2200890000000015
21
-45.2648149999999987
0
LINE
8
BLACK
6
CONTINUOUS
10
129.2200890000000015
20
-45.2648149999999987
11
129.239957000000004
21
-45.2003849999999971
0
LINE
8
BLACK
6
CONTINUOUS
10
129.239957000000004
20
-45.2003849999999971
11
129.2500029999999924
21
-45.1337130000000002
0
LINE
8
BLACK
6
CONTINUOUS
10
129.2500029999999924
20
-45.1337130000000002
11
129.250001999999995
21
-45.1000009999999989
0
LINE
8
BLACK
6
CONTINUOUS
10
129.250001999999995
20
-45.1000009999999989
11
129.250001999999995
21
-45.1000000000000014
0
LINE
8
BLACK
6
CONTINUOUS
10
129.250001999999995
20
-45.1000000000000014
11
129.250001999999995
21
-43.6943160000000006
0
LINE
8
BLACK
6
CONTINUOUS
10
129.250001999999995
20
-43.6943160000000006
11
129.250001999999995
21
-43.6943139999999985
0
LINE
8
BLACK
6
CONTINUOUS
10
129.250001999999995
20
-43.6943139999999985
11
129.2499939999999867
21
-43.6943139999999985
0
LINE
8
BLACK
6
CONTINUOUS
10
129.2499939999999867
20
-43.6943139999999985
11
129.2499959999999817
21
-43.6606029999999947
0
LINE
8
BLACK
6
CONTINUOUS
10
129.2499959999999817
20
-43.6606029999999947
11
129.2399519999999882
21
-43.5939309999999978
0
LINE
8
BLACK
6
CONTINUOUS
10
129.2399519999999882
20
-43.5939309999999978
11
129.2200870000000066
21
-43.5294999999999987
0
LINE
8
BLACK
6
CONTINUOUS
10
129.2200870000000066
20
-43.5294999999999987
11
129.2054640000000063
21
-43.4991249999999994
0
LINE
8
BLACK
6
CONTINUOUS
10
129.2054640000000063
20
-43.4991249999999994
11
129.2054650000000038
21
-43.4991239999999948
0
LINE
8
BLACK
6
CONTINUOUS
10
129.2054650000000038
20
-43.4991239999999948
11
129.1613409999999931
21
-43.3665090000000006
0
LINE
8
BLACK
6
CONTINUOUS
10
129.1613409999999931
20
-43.3665090000000006
11
129.1520710000000065
21
-43.2270539999999954
0
LINE
8
BLACK
6
CONTINUOUS
10
129.1520710000000065
20
-43.2270539999999954
11
129.1782539999999813
21
-43.0897659999999973
0
LINE
8
BLACK
6
CONTINUOUS
10
129.1782539999999813
20
-43.0897659999999973
11
129.2381979999999828
21
-42.9635109999999969
0
LINE
8
BLACK
6
CONTINUOUS
10
129.2381979999999828
20
-42.9635109999999969
11
129.3280320000000074
21
-42.8564429999999987
0
LINE
8
BLACK
6
CONTINUOUS
10
129.3280320000000074
20
-42.8564429999999987
11
129.4419539999999813
21
-42.7754779999999997
0
LINE
8
BLACK
6
CONTINUOUS
10
129.4419539999999813
20
-42.7754779999999997
11
129.5726060000000075
21
-42.7258449999999996
0
LINE
8
BLACK
6
CONTINUOUS
10
129.5726060000000075
20
-42.7258449999999996
11
129.7115509999999858
21
-42.7107479999999953
0
LINE
8
BLACK
6
CONTINUOUS
10
129.7115509999999858
20
-42.7107479999999953
11
129.8498150000000066
21
-42.7311639999999997
0
LINE
8
BLACK
6
CONTINUOUS
10
129.8498150000000066
20
-42.7311639999999997
11
129.9780120000000068
21
-42.7855789999999985
0
LINE
8
BLACK
6
CONTINUOUS
10
129.9780120000000068
20
-42.7855789999999985
11
129.9785149999999874
21
-42.7856889999999979
0
LINE
8
BLACK
6
CONTINUOUS
10
129.9785149999999874
20
-42.7856889999999979
11
129.9785159999999848
21
-42.7856889999999979
0
LINE
8
BLACK
6
CONTINUOUS
10
129.9785159999999848
20
-42.7856889999999979
11
129.9785169999999823
21
-42.7856899999999953
0
LINE
8
BLACK
6
CONTINUOUS
10
129.9785169999999823
20
-42.7856899999999953
11
129.978525999999988
21
-42.7856740000000002
0
LINE
8
BLACK
6
CONTINUOUS
10
129.978525999999988
20
-42.7856740000000002
11
130.0128729999999848
21
-42.8057060000000007
0
LINE
8
BLACK
6
CONTINUOUS
10
130.0128729999999848
20
-42.8057060000000007
11
130.0875029999999981
21
-42.8331680000000006
0
LINE
8
BLACK
6
CONTINUOUS
10
130.0875029999999981
20
-42.8331680000000006
11
130.165791999999982
21
-42.8471199999999968
0
LINE
8
BLACK
6
CONTINUOUS
10
130.165791999999982
20
-42.8471199999999968
11
130.2055529999999806
21
-42.8471580000000003
0
LINE
8
BLACK
6
CONTINUOUS
10
130.2055529999999806
20
-42.8471580000000003
11
130.2055560000000014
21
-42.8471589999999978
0
LINE
8
BLACK
6
CONTINUOUS
10
130.2055560000000014
20
-42.8471589999999978
11
131.7944540000000018
21
-42.8471589999999978
0
LINE
8
BLACK
6
CONTINUOUS
10
131.7944540000000018
20
-42.8471589999999978
11
131.7944569999999942
21
-42.8471589999999978
0
LINE
8
BLACK
6
CONTINUOUS
10
131.7944569999999942
20
-42.8471589999999978
11
131.7944589999999891
21
-42.8471589999999978
0
LINE
8
BLACK
6
CONTINUOUS
10
131.7944589999999891
20
-42.8471589999999978
11
131.7944589999999891
21
-42.8471410000000006
0
LINE
8
BLACK
6
CONTINUOUS
10
131.7944589999999891
20
-42.8471410000000006
11
131.8342189999999903
21
-42.8471100000000007
0
LINE
8
BLACK
6
CONTINUOUS
10
131.8342189999999903
20
-42.8471100000000007
11
131.912509
21
-42.8331710000000001
0
LINE
8
BLACK
6
CONTINUOUS
10
131.912509
20
-42.8331710000000001
11
131.9871399999999824
21
-42.8057170000000013
0
LINE
8
BLACK
6
CONTINUOUS
10
131.9871399999999824
20
-42.8057170000000013
11
132.0214880000000051
21
-42.7856889999999979
0
LINE
8
BLACK
6
CONTINUOUS
10
132.0214880000000051
20
-42.7856889999999979
11
132.0214929999999924
21
-42.7856869999999958
0
LINE
8
BLACK
6
CONTINUOUS
10
132.0214929999999924
20
-42.7856869999999958
11
132.1501599999999996
21
-42.7310719999999975
0
LINE
8
BLACK
6
CONTINUOUS
10
132.1501599999999996
20
-42.7310719999999975
11
132.2884479999999883
21
-42.7106530000000006
0
LINE
8
BLACK
6
CONTINUOUS
10
132.2884479999999883
20
-42.7106530000000006
11
132.4274159999999938
21
-42.725752
0
LINE
8
BLACK
6
CONTINUOUS
10
132.2327379999999835
20
-42.8118410000000011
11
132.1217560000000049
21
-42.8430350000000004
0
LINE
8
BLACK
6
CONTINUOUS
10
132.1217560000000049
20
-42.8430350000000004
11
132.0719389999999862
21
-42.8720299999999952
0
LINE
8
BLACK
6
CONTINUOUS
10
132.0719389999999862
20
-42.8720299999999952
11
132.0719379999999887
21
-42.8720299999999952
0
LINE
8
BLACK
6
CONTINUOUS
10
132.0719379999999887
20
-42.8720299999999952
11
132.0719359999999938
21
-42.8720299999999952
0
LINE
8
BLACK
6
CONTINUOUS
10
132.0719359999999938
20
-42.8720299999999952
11
132.0719359999999938
21
-42.8720309999999998
0
LINE
8
BLACK
6
CONTINUOUS
10
132.0719359999999938
20
-42.8720309999999998
11
131.984359999999981
21
-42.9133279999999999
0
LINE
8
BLACK
6
CONTINUOUS
10
131.984359999999981
20
-42.9133279999999999
11
131.8908989999999903
21
-42.9386259999999993
0
LINE
8
BLACK
6
CONTINUOUS
10
131.8908989999999903
20
-42.9386259999999993
11
131.7946199999999806
21
-42.9471249999999998
0
LINE
8
BLACK
6
CONTINUOUS
10
131.7946199999999806
20
-42.9471249999999998
11
131.7944540000000018
21
-42.9471589999999992
0
LINE
8
BLACK
6
CONTINUOUS
10
131.7944540000000018
20
-42.9471589999999992
11
131.794448999999986
21
-42.9471589999999992
0
LINE
8
BLACK
6
CONTINUOUS
10
131.794448999999986
20
-42.9471589999999992
11
130.2055489999999907
21
-42.9471589999999992
0
LINE
8
BLACK
6
CONTINUOUS
10
130.2055489999999907
20
-42.9471589999999992
11
130.2055430000000058
21
-42.9471569999999971
0
LINE
8
BLACK
6
CONTINUOUS
10
130.2055430000000058
20
-42.9471569999999971
11
130.2055430000000058
21
-42.9471579999999946
0
LINE
8
BLACK
6
CONTINUOUS
10
130.2055430000000058
20
-42.9471579999999946
11
130.1090969999999913
21
-42.9386269999999968
0
LINE
8
BLACK
6
CONTINUOUS
10
130.1090969999999913
20
-42.9386269999999968
11
130.0156419999999855
21
-42.9133169999999993
0
LINE
8
BLACK
6
CONTINUOUS
10
130.0156419999999855
20
-42.9133169999999993
11
129.9281409999999823
21
-42.872045
0
LINE
8
BLACK
6
CONTINUOUS
10
129.9281409999999823
20
-42.872045
11
129.9280640000000062
21
-42.8720289999999977
0
LINE
8
BLACK
6
CONTINUOUS
10
129.9280640000000062
20
-42.8720289999999977
11
129.9280139999999903
21
-42.8721129999999988
0
LINE
8
BLACK
6
CONTINUOUS
10
129.9280139999999903
20
-42.8721129999999988
11
129.8782070000000033
21
-42.843123999999996
0
LINE
8
BLACK
6
CONTINUOUS
10
129.8782070000000033
20
-42.843123999999996
11
129.7672489999999925
21
-42.8119359999999958
0
LINE
8
BLACK
6
CONTINUOUS
10
129.7672489999999925
20
-42.8119359999999958
11
129.6520129999999824
21
-42.8097239999999957
0
LINE
8
BLACK
6
CONTINUOUS
10
129.6520129999999824
20
-42.8097239999999957
11
129.5399400000000014
21
-42.8366329999999991
0
LINE
8
BLACK
6
CONTINUOUS
10
129.5399400000000014
20
-42.8366329999999991
11
129.4382689999999911
21
-42.8909230000000008
0
LINE
8
BLACK
6
CONTINUOUS
10
129.4382689999999911
20
-42.8909230000000008
11
129.3535669999999982
21
-42.9690889999999968
0
LINE
8
BLACK
6
CONTINUOUS
10
129.3535669999999982
20
-42.9690889999999968
11
129.2913029999999992
21
-43.0660820000000015
0
LINE
8
BLACK
6
CONTINUOUS
10
129.2913029999999992
20
-43.0660820000000015
11
129.2554999999999836
21
-43.1756379999999993
0
LINE
8
BLACK
6
CONTINUOUS
10
129.2554999999999836
20
-43.1756379999999993
11
129.2484699999999975
21
-43.2906809999999993
0
LINE
8
BLACK
6
CONTINUOUS
10
129.2484699999999975
20
-43.2906809999999993
11
129.2706660000000056
21
-43.4037819999999996
0
LINE
8
BLACK
6
CONTINUOUS
10
129.2706660000000056
20
-43.4037819999999996
11
129.2955699999999979
21
-43.4557519999999968
0
LINE
8
BLACK
6
CONTINUOUS
10
129.2955699999999979
20
-43.4557519999999968
11
129.2955690000000004
21
-43.4557519999999968
0
LINE
8
BLACK
6
CONTINUOUS
10
129.2955690000000004
20
-43.4557519999999968
11
129.3255800000000022
21
-43.5322519999999997
0
LINE
8
BLACK
6
CONTINUOUS
10
129.3255800000000022
20
-43.5322519999999997
11
129.3438569999999856
21
-43.6123699999999985
0
LINE
8
BLACK
6
CONTINUOUS
10
129.3438569999999856
20
-43.6123699999999985
11
129.3499879999999962
21
-43.6942499999999967
0
LINE
8
BLACK
6
CONTINUOUS
10
129.3499879999999962
20
-43.6942499999999967
11
129.3500019999999893
21
-43.6943160000000006
0
LINE
8
BLACK
6
CONTINUOUS
10
129.3500019999999893
20
-43.6943160000000006
11
129.3500019999999893
21
-45.1000000000000014
0
LINE
8
BLACK
6
CONTINUOUS
10
129.3500019999999893
20
-45.1000000000000014
11
129.3500019999999893
21
-45.1000009999999989
0
LINE
8
BLACK
6
CONTINUOUS
10
129.3500019999999893
20
-45.1000009999999989
11
129.3438629999999989
21
-45.1819479999999984
0
LINE
8
BLACK
6
CONTINUOUS
10
129.3438629999999989
20
-45.1819479999999984
11
129.3255819999999972
21
-45.2620659999999972
0
LINE
8
BLACK
6
CONTINUOUS
10
129.3255819999999972
20
-45.2620659999999972
11
129.2955690000000004
21
-45.3385660000000001
0
LINE
8
BLACK
6
CONTINUOUS
10
129.2955690000000004
20
-45.3385660000000001
11
129.295566000000008
21
-45.3385679999999951
0
LINE
8
BLACK
6
CONTINUOUS
10
129.295566000000008
20
-45.3385679999999951
11
129.295566000000008
21
-45.3385709999999946
0
LINE
8
BLACK
6
CONTINUOUS
10
129.295566000000008
20
-45.3385709999999946
11
129.2955790000000036
21
-45.3385770000000008
0
LINE
8
BLACK
6
CONTINUOUS
10
129.2955790000000036
20
-45.3385770000000008
11
129.2706639999999823
21
-45.390550999999995
0
LINE
8
BLACK
6
CONTINUOUS
10
129.2706639999999823
20
-45.390550999999995
11
129.2484499999999912
21
-45.503664999999998
0
LINE
8
BLACK
6
CONTINUOUS
10
129.2484499999999912
20
-45.503664999999998
11
129.2554700000000025
21
-45.6187249999999977
0
LINE
8
BLACK
6
CONTINUOUS
10
129.2554700000000025
20
-45.6187249999999977
11
129.2912689999999998
21
-45.7282999999999973
0
LINE
8
BLACK
6
CONTINUOUS
10
129.2912689999999998
20
-45.7282999999999973
11
129.3535359999999912
21
-45.8253099999999947
0
LINE
8
BLACK
6
CONTINUOUS
10
129.3535359999999912
20
-45.8253099999999947
11
129.4382479999999873
21
-45.9034899999999979
0
LINE
8
BLACK
6
CONTINUOUS
10
129.4382479999999873
20
-45.9034899999999979
11
129.5399329999999907
21
-45.9577889999999982
0
LINE
8
BLACK
6
CONTINUOUS
10
129.5399329999999907
20
-45.9577889999999982
11
129.6520219999999881
21
-45.9846999999999966
0
LINE
8
BLACK
6
CONTINUOUS
10
129.6520219999999881
20
-45.9846999999999966
11
129.7672759999999812
21
-45.9824839999999995
0
LINE
8
BLACK
6
CONTINUOUS
10
129.7672759999999812
20
-45.9824839999999995
11
129.8782469999999876
21
-45.9512840000000011
0
LINE
8
BLACK
6
CONTINUOUS
10
129.8782469999999876
20
-45.9512840000000011
11
129.9280599999999879
21
-45.9222869999999972
0
LINE
8
BLACK
6
CONTINUOUS
10
129.9280599999999879
20
-45.9222869999999972
11
129.9280750000000069
21
-45.9222830000000002
0
LINE
8
BLACK
6
CONTINUOUS
10
129.9280750000000069
20
-45.9222830000000002
11
130.0156360000000006
21
-45.8809819999999959
0
LINE
8
BLACK
6
CONTINUOUS
10
130.0156360000000006
20
-45.8809819999999959
11
130.1090949999999964
21
-45.855671000000001
0
LINE
8
BLACK
6
CONTINUOUS
10
130.1090949999999964
20
-45.855671000000001
11
130.2055440000000033
21
-45.8471389999999985
0
LINE
8
BLACK
6
CONTINUOUS
10
130.2055440000000033
20
-45.8471389999999985
11
130.2055440000000033
21
-45.8471580000000003
0
LINE
8
BLACK
6
CONTINUOUS
10
130.2055440000000033
20
-45.8471580000000003
11
130.2055450000000008
21
-45.8471580000000003
0
LINE
8
BLACK
6
CONTINUOUS
10
130.2055450000000008
20
-45.8471580000000003
11
130.2055489999999907
21
-45.8471580000000003
0
LINE
8
BLACK
6
CONTINUOUS
10
130.2055489999999907
20
-45.8471580000000003
11
131.7944530000000043
21
-45.8471580000000003
0
LINE
8
BLACK
6
CONTINUOUS
10
131.7944530000000043
20
-45.8471580000000003
11
131.7944559999999967
21
-45.8471580000000003
0
LINE
8
BLACK
6
CONTINUOUS
10
131.7944559999999967
20
-45.8471580000000003
11
131.8909009999999853
21
-45.8556719999999984
0
LINE
8
BLACK
6
CONTINUOUS
10
131.8909009999999853
20
-45.8556719999999984
11
131.9843659999999943
21
-45.8809660000000008
0
LINE
8
BLACK
6
CONTINUOUS
10
131.9843659999999943
20
-45.8809660000000008
11
132.0719469999999944
21
-45.9222589999999968
0
LINE
8
BLACK
6
CONTINUOUS
10
132.0719469999999944
20
-45.9222589999999968
11
132.0719330000000014
21
-45.9222839999999977
0
LINE
8
BLACK
6
CONTINUOUS
10
132.0719330000000014
20
-45.9222839999999977
11
132.0719359999999938
21
-45.9222869999999972
0
LINE
8
BLACK
6
CONTINUOUS
10
132.0719359999999938
20
-45.9222869999999972
11
132.0719420000000071
21
-45.9222889999999992
0
LINE
8
BLACK
6
CONTINUOUS
10
132.0719420000000071
20
-45.9222889999999992
11
132.0719399999999837
21
-45.9222919999999988
0
LINE
8
BLACK
6
CONTINUOUS
10
132.0719399999999837
20
-45.9222919999999988
11
132.0719650000000058
21
-45.9223199999999991
0
LINE
8
BLACK
6
CONTINUOUS
10
132.0719650000000058
20
-45.9223199999999991
11
132.1217479999999966
21
-45.9512999999999963
0
LINE
8
BLACK
6
CONTINUOUS
10
132.1217479999999966
20
-45.9512999999999963
11
132.2327239999999904
21
-45.9825009999999992
0
LINE
8
BLACK
6
CONTINUOUS
10
132.2327239999999904
20
-45.9825009999999992
11
132.3479810000000043
21
-45.9847159999999988
0
LINE
8
BLACK
6
CONTINUOUS
10
132.3479810000000043
20
-45.9847159999999988
11
132.4600749999999891
21
-45.9578050000000005
0
LINE
8
BLACK
6
CONTINUOUS
10
132.4600749999999891
20
-45.9578050000000005
11
132.5617629999999849
21
-45.9035030000000006
0
LINE
8
BLACK
6
CONTINUOUS
10
132.5617629999999849
20
-45.9035030000000006
11
132.6464780000000019
21
-45.8253199999999978
0
LINE
8
BLACK
6
CONTINUOUS
10
132.6464780000000019
20
-45.8253199999999978
11
132.7087459999999908
21
-45.7283059999999963
0
LINE
8
BLACK
6
CONTINUOUS
10
132.7087459999999908
20
-45.7283059999999963
11
132.744546999999983
21
-45.6187279999999973
0
LINE
8
BLACK
6
CONTINUOUS
10
132.744546999999983
20
-45.6187279999999973
11
132.7515669999999943
21
-45.503662999999996
0
LINE
8
BLACK
6
CONTINUOUS
10
132.7515669999999943
20
-45.503662999999996
11
132.7293520000000058
21
-45.3905449999999959
0
LINE
8
BLACK
6
CONTINUOUS
10
132.7293520000000058
20
-45.3905449999999959
11
132.704435999999987
21
-45.3385699999999972
0
LINE
8
BLACK
6
CONTINUOUS
10
132.704435999999987
20
-45.3385699999999972
11
132.7044349999999895
21
-45.3385679999999951
0
LINE
8
BLACK
6
CONTINUOUS
10
132.7044349999999895
20
-45.3385679999999951
11
132.7044329999999945
21
-45.3385660000000001
0
LINE
8
BLACK
6
CONTINUOUS
10
132.7044329999999945
20
-45.3385660000000001
11
132.704433999999992
21
-45.3385649999999956
0
LINE
8
BLACK
6
CONTINUOUS
10
132.704433999999992
20
-45.3385649999999956
11
132.6744209999999953
21
-45.2620649999999998
0
LINE
8
BLACK
6
CONTINUOUS
10
132.6744209999999953
20
-45.2620649999999998
11
132.6561399999999935
21
-45.181947000000001
0
LINE
8
BLACK
6
CONTINUOUS
10
132.6561399999999935
20
-45.181947000000001
11
132.6500010000000032
21
-45.1000079999999954
0
LINE
8
BLACK
6
CONTINUOUS
10
132.6500010000000032
20
-45.1000079999999954
11
132.6500000000000057
21
-45.1000000000000014
0
LINE
8
BLACK
6
CONTINUOUS
10
132.6500000000000057
20
-45.1000000000000014
11
132.6500000000000057
21
-43.6943160000000006
0
LINE
8
BLACK
6
CONTINUOUS
10
132.6500000000000057
20
-43.6943160000000006
11
132.6500000000000057
21
-43.6943139999999985
0
LINE
8
BLACK
6
CONTINUOUS
10
132.6500000000000057
20
-43.6943139999999985
11
132.6561370000000011
21
-43.6123690000000011
0
LINE
8
BLACK
6
CONTINUOUS
10
132.6561370000000011
20
-43.6123690000000011
11
132.674414999999982
21
-43.5322499999999977
0
LINE
8
BLACK
6
CONTINUOUS
10
132.674414999999982
20
-43.5322499999999977
11
132.7044259999999838
21
-43.4557479999999998
0
LINE
8
BLACK
6
CONTINUOUS
10
132.7044259999999838
20
-43.4557479999999998
11
132.7044329999999945
21
-43.4557509999999994
0
LINE
8
BLACK
6
CONTINUOUS
10
132.7044329999999945
20
-43.4557509999999994
11
132.7046379999999886
21
-43.4555349999999976
0
LINE
8
BLACK
6
CONTINUOUS
10
132.7046379999999886
20
-43.4555349999999976
11
132.729424999999992
21
-43.403811999999995
0
LINE
8
BLACK
6
CONTINUOUS
10
132.729424999999992
20
-43.403811999999995
11
132.7516259999999875
21
-43.2906869999999984
0
LINE
8
BLACK
6
CONTINUOUS
10
132.7516259999999875
20
-43.2906869999999984
11
132.7445940000000064
21
-43.175619999999995
0
LINE
8
BLACK
6
CONTINUOUS
10
132.7445940000000064
20
-43.175619999999995
11
132.7087829999999826
21
-43.0660409999999985
0
LINE
8
BLACK
6
CONTINUOUS
10
132.7087829999999826
20
-43.0660409999999985
11
132.6465069999999855
21
-42.969026999999997
0
LINE
8
BLACK
6
CONTINUOUS
10
132.6465069999999855
20
-42.969026999999997
11
132.5617869999999812
21
-42.8908449999999988
0
LINE
8
BLACK
6
CONTINUOUS
10
132.5617869999999812
20
-42.8908449999999988
11
132.4600949999999955
21
-42.8365429999999989
0
LINE
8
BLACK
6
CONTINUOUS
10
132.4600949999999955
20
-42.8365429999999989
11
132.3479979999999898
21
-42.809629000000001
0
LINE
8
BLACK
6
CONTINUOUS
10
132.3479979999999898
20
-42.809629000000001
11
132.2327379999999835
21
-42.8118410000000011
0
LINE
8
BLACK
6
CONTINUOUS
10
131.4926419999999894
20
-38.6148779999999974
11
131.5119980000000055
21
-38.6179780000000008
0
LINE
8
BLACK
6
CONTINUOUS
10
131.5119980000000055
20
-38.6179780000000008
11
131.5180009999999982
21
-38.620902000000001
0
LINE
8
BLACK
6
CONTINUOUS
10
131.5180009999999982
20
-38.620902000000001
11
131.5245559999999898
21
-38.6221850000000018
0
LINE
8
BLACK
6
CONTINUOUS
10
131.5245559999999898
20
-38.6221850000000018
11
131.5418740000000071
21
-38.6313710000000015
0
LINE
8
BLACK
6
CONTINUOUS
10
131.5418740000000071
20
-38.6313710000000015
11
131.5987829999999974
21
-38.6691360000000017
0
LINE
8
BLACK
6
CONTINUOUS
10
131.5987829999999974
20
-38.6691360000000017
11
131.7386119999999892
21
-38.7511870000000016
0
LINE
8
BLACK
6
CONTINUOUS
10
131.7386119999999892
20
-38.7511870000000016
11
131.8928879999999992
21
-38.8288709999999995
0
LINE
8
BLACK
6
CONTINUOUS
10
131.8928879999999992
20
-38.8288709999999995
11
132.0690500000000043
21
-38.9054799999999972
0
LINE
8
BLACK
6
CONTINUOUS
10
132.0690500000000043
20
-38.9054799999999972
11
132.2529399999999953
21
-38.974339999999998
0
LINE
8
BLACK
6
CONTINUOUS
10
132.2529399999999953
20
-38.974339999999998
11
132.6263189999999952
21
-39.083950999999999
0
LINE
8
BLACK
6
CONTINUOUS
10
132.6263189999999952
20
-39.083950999999999
11
132.9564090000000078
21
-39.1462399999999988
0
LINE
8
BLACK
6
CONTINUOUS
10
132.9564090000000078
20
-39.1462399999999988
11
133.2216640000000041
21
-39.1653919999999971
0
LINE
8
BLACK
6
CONTINUOUS
10
133.2216640000000041
20
-39.1653919999999971
11
133.3781339999999886
21
-39.1704349999999977
0
LINE
8
BLACK
6
CONTINUOUS
10
133.3781339999999886
20
-39.1704349999999977
11
133.3810979999999802
21
-39.1708229999999986
0
LINE
8
BLACK
6
CONTINUOUS
10
133.3810979999999802
20
-39.1708229999999986
11
133.3840899999999863
21
-39.1708050000000014
0
LINE
8
BLACK
6
CONTINUOUS
10
133.3840899999999863
20
-39.1708050000000014
11
133.5691649999999981
21
-39.1878619999999955
0
LINE
8
BLACK
6
CONTINUOUS
10
133.5691649999999981
20
-39.1878619999999955
11
133.5719589999999926
21
-39.1883989999999969
0
LINE
8
BLACK
6
CONTINUOUS
10
133.5719589999999926
20
-39.1883989999999969
11
133.5747959999999921
21
-39.1885429999999957
0
LINE
8
BLACK
6
CONTINUOUS
10
133.5747959999999921
20
-39.1885429999999957
11
133.7652860000000032
21
-39.2170659999999955
0
LINE
8
BLACK
6
CONTINUOUS
10
133.7652860000000032
20
-39.2170659999999955
11
133.7678469999999891
21
-39.2177110000000013
0
LINE
8
BLACK
6
CONTINUOUS
10
133.7678469999999891
20
-39.2177110000000013
11
133.7704729999999813
21
-39.2179829999999967
0
LINE
8
BLACK
6
CONTINUOUS
10
133.7704729999999813
20
-39.2179829999999967
11
133.9782089999999926
21
-39.2603779999999958
0
LINE
8
BLACK
6
CONTINUOUS
10
133.9782089999999926
20
-39.2603779999999958
11
133.9805670000000077
21
-39.2611059999999981
0
LINE
8
BLACK
6
CONTINUOUS
10
133.9805670000000077
20
-39.2611059999999981
11
133.9830139999999972
21
-39.2614820000000009
0
LINE
8
BLACK
6
CONTINUOUS
10
133.9830139999999972
20
-39.2614820000000009
11
134.1945910000000026
21
-39.3156479999999959
0
LINE
8
BLACK
6
CONTINUOUS
10
134.1945910000000026
20
-39.3156479999999959
11
134.1967719999999815
21
-39.3164409999999975
0
LINE
8
BLACK
6
CONTINUOUS
10
134.1967719999999815
20
-39.3164409999999975
11
134.1990449999999839
21
-39.3168989999999994
0
LINE
8
BLACK
6
CONTINUOUS
10
134.1990449999999839
20
-39.3168989999999994
11
134.4236429999999984
21
-39.3856129999999993
0
LINE
8
BLACK
6
CONTINUOUS
10
134.4236429999999984
20
-39.3856129999999993
11
134.4256739999999866
21
-39.3864599999999996
0
LINE
8
BLACK
6
CONTINUOUS
10
134.4256739999999866
20
-39.3864599999999996
11
134.4278149999999812
21
-39.3869899999999973
0
LINE
8
BLACK
6
CONTINUOUS
10
134.4278149999999812
20
-39.3869899999999973
11
134.6539630000000045
21
-39.4671990000000008
0
LINE
8
BLACK
6
CONTINUOUS
10
134.6539630000000045
20
-39.4671990000000008
11
134.6558689999999956
21
-39.4680940000000007
0
LINE
8
BLACK
6
CONTINUOUS
10
134.6558689999999956
20
-39.4680940000000007
11
134.6578789999999799
21
-39.4686820000000012
0
LINE
8
BLACK
6
CONTINUOUS
10
134.6578789999999799
20
-39.4686820000000012
11
134.8902659999999969
21
-39.5622320000000016
0
LINE
8
BLACK
6
CONTINUOUS
10
134.8902659999999969
20
-39.5622320000000016
11
134.8920709999999872
21
-39.5631739999999965
0
LINE
8
BLACK
6
CONTINUOUS
10
134.8920709999999872
20
-39.5631739999999965
11
134.8939939999999922
21
-39.5638219999999947
0
LINE
8
BLACK
6
CONTINUOUS
10
134.8939939999999922
20
-39.5638219999999947
11
135.1250900000000001
21
-39.6679229999999947
0
LINE
8
BLACK
6
CONTINUOUS
10
135.1250900000000001
20
-39.6679229999999947
11
135.1276440000000036
21
-39.6693899999999999
0
LINE
8
BLACK
6
CONTINUOUS
10
135.1276440000000036
20
-39.6693899999999999
11
135.1303839999999923
21
-39.6704969999999975
0
LINE
8
BLACK
6
CONTINUOUS
10
135.1303839999999923
20
-39.6704969999999975
11
135.5842849999999942
21
-39.9080259999999996
0
LINE
8
BLACK
6
CONTINUOUS
10
135.5842849999999942
20
-39.9080259999999996
11
135.5875330000000076
21
-39.9101549999999961
0
LINE
8
BLACK
6
CONTINUOUS
10
135.5875330000000076
20
-39.9101549999999961
11
135.5910149999999987
21
-39.9118870000000001
0
LINE
8
BLACK
6
CONTINUOUS
10
135.5910149999999987
20
-39.9118870000000001
11
136.0138309999999819
21
-40.1768149999999977
0
LINE
8
BLACK
6
CONTINUOUS
10
136.0138309999999819
20
-40.1768149999999977
11
136.0169850000000054
21
-40.1792519999999982
0
LINE
8
BLACK
6
CONTINUOUS
10
136.0169850000000054
20
-40.1792519999999982
11
136.0204049999999825
21
-40.1813080000000014
0
LINE
8
BLACK
6
CONTINUOUS
10
136.0204049999999825
20
-40.1813080000000014
11
136.3954909999999927
21
-40.460214999999998
0
LINE
8
BLACK
6
CONTINUOUS
10
136.3954909999999927
20
-40.460214999999998
11
136.3986439999999902
21
-40.4630799999999979
0
LINE
8
BLACK
6
CONTINUOUS
10
136.3986439999999902
20
-40.4630799999999979
11
136.4020930000000078
21
-40.4655750000000012
0
LINE
8
BLACK
6
CONTINUOUS
10
136.4020930000000078
20
-40.4655750000000012
11
136.7195909999999799
21
-40.7465469999999996
0
LINE
8
BLACK
6
CONTINUOUS
10
136.7195909999999799
20
-40.7465469999999996
11
136.7227919999999983
21
-40.7499949999999984
0
LINE
8
BLACK
6
CONTINUOUS
10
136.7227919999999983
20
-40.7499949999999984
11
136.7263209999999845
21
-40.7530919999999952
0
LINE
8
BLACK
6
CONTINUOUS
10
136.7263209999999845
20
-40.7530919999999952
11
136.9828420000000051
21
-41.0271029999999968
0
LINE
8
BLACK
6
CONTINUOUS
10
136.9828420000000051
20
-41.0271029999999968
11
136.9860809999999844
21
-41.0313269999999974
0
LINE
8
BLACK
6
CONTINUOUS
10
136.9860809999999844
20
-41.0313269999999974
11
136.9896799999999928
21
-41.0352339999999955
0
LINE
8
BLACK
6
CONTINUOUS
10
136.9896799999999928
20
-41.0352339999999955
11
137.1866819999999905
21
-41.2964549999999946
0
LINE
8
BLACK
6
CONTINUOUS
10
137.1866819999999905
20
-41.2964549999999946
11
137.189267000000001
21
-41.3006910000000005
0
LINE
8
BLACK
6
CONTINUOUS
10
137.189267000000001
20
-41.3006910000000005
11
137.1922559999999862
21
-41.3046629999999979
0
LINE
8
BLACK
6
CONTINUOUS
10
137.1922559999999862
20
-41.3046629999999979
11
137.3620129999999904
21
-41.5834779999999995
0
LINE
8
BLACK
6
CONTINUOUS
10
137.3620129999999904
20
-41.5834779999999995
11
137.3641250000000014
21
-41.5878650000000007
0
LINE
8
BLACK
6
CONTINUOUS
10
137.3641250000000014
20
-41.5878650000000007
11
137.3666639999999859
21
-41.5920270000000016
0
LINE
8
BLACK
6
CONTINUOUS
10
137.3666639999999859
20
-41.5920270000000016
11
137.5182910000000049
21
-41.9062920000000005
0
LINE
8
BLACK
6
CONTINUOUS
10
137.5182910000000049
20
-41.9062920000000005
11
137.5197599999999909
21
-41.9102999999999994
0
LINE
8
BLACK
6
CONTINUOUS
10
137.5197599999999909
20
-41.9102999999999994
11
137.5216680000000053
21
-41.9141279999999981
0
LINE
8
BLACK
6
CONTINUOUS
10
137.5216680000000053
20
-41.9141279999999981
11
137.5834749999999929
21
-42.076276
0
LINE
8
BLACK
6
CONTINUOUS
10
137.5834749999999929
20
-42.076276
11
137.5842360000000042
21
-42.0790719999999965
0
LINE
8
BLACK
6
CONTINUOUS
10
137.5842360000000042
20
-42.0790719999999965
11
137.5853759999999966
21
-42.0817329999999998
0
LINE
8
BLACK
6
CONTINUOUS
10
137.5853759999999966
20
-42.0817329999999998
11
137.6384589999999832
21
-42.2495350000000016
0
LINE
8
BLACK
6
CONTINUOUS
10
137.6384589999999832
20
-42.2495350000000016
11
137.6390519999999924
21
-42.2523419999999987
0
LINE
8
BLACK
6
CONTINUOUS
10
137.6390519999999924
20
-42.2523419999999987
11
137.6400299999999959
21
-42.2550439999999981
0
LINE
8
BLACK
6
CONTINUOUS
10
137.6400299999999959
20
-42.2550439999999981
11
137.6865949999999827
21
-42.4381039999999956
0
LINE
8
BLACK
6
CONTINUOUS
10
137.6865949999999827
20
-42.4381039999999956
11
137.6870079999999916
21
-42.4408199999999951
0
LINE
8
BLACK
6
CONTINUOUS
10
137.6870079999999916
20
-42.4408199999999951
11
137.6877999999999815
21
-42.4434499999999986
0
LINE
8
BLACK
6
CONTINUOUS
10
137.6877999999999815
20
-42.4434499999999986
11
137.7257469999999842
21
-42.6363089999999971
0
LINE
8
BLACK
6
CONTINUOUS
10
137.7257469999999842
20
-42.6363089999999971
11
137.7259959999999808
21
-42.6389009999999971
0
LINE
8
BLACK
6
CONTINUOUS
10
137.7259959999999808
20
-42.6389009999999971
11
137.726616000000007
21
-42.6414259999999956
0
LINE
8
BLACK
6
CONTINUOUS
10
137.726616000000007
20
-42.6414259999999956
11
137.7588959999999929
21
-42.8666289999999961
0
LINE
8
BLACK
6
CONTINUOUS
10
137.7588959999999929
20
-42.8666289999999961
11
137.7589999999999861
21
-42.8689949999999982
0
LINE
8
BLACK
6
CONTINUOUS
10
137.7589999999999861
20
-42.8689949999999982
11
137.7594560000000001
21
-42.8713219999999993
0
LINE
8
BLACK
6
CONTINUOUS
10
137.7594560000000001
20
-42.8713219999999993
11
137.782510000000002
21
-43.1130220000000008
0
LINE
8
BLACK
6
CONTINUOUS
10
137.782510000000002
20
-43.1130220000000008
11
137.7825029999999913
21
-43.1151739999999961
0
LINE
8
BLACK
6
CONTINUOUS
10
137.7825029999999913
20
-43.1151739999999961
11
137.782826
21
-43.1173049999999947
0
LINE
8
BLACK
6
CONTINUOUS
10
137.782826
20
-43.1173049999999947
11
137.79898799999998
21
-43.4269539999999949
0
LINE
8
BLACK
6
CONTINUOUS
10
137.79898799999998
20
-43.4269539999999949
11
137.7989019999999982
21
-43.4288079999999965
0
LINE
8
BLACK
6
CONTINUOUS
10
137.7989019999999982
20
-43.4288079999999965
11
137.7991119999999796
21
-43.4306479999999979
0
LINE
8
BLACK
6
CONTINUOUS
10
137.7991119999999796
20
-43.4306479999999979
11
137.8042779999999823
21
-43.7706909999999993
0
LINE
8
BLACK
6
CONTINUOUS
10
137.8042779999999823
20
-43.7706909999999993
11
137.8041429999999821
21
-43.7723129999999969
0
LINE
8
BLACK
6
CONTINUOUS
10
137.8041429999999821
20
-43.7723129999999969
11
137.8042749999999899
21
-43.7739419999999981
0
LINE
8
BLACK
6
CONTINUOUS
10
137.8042749999999899
20
-43.7739419999999981
11
137.8007690000000025
21
-43.9763960000000012
0
LINE
8
BLACK
6
CONTINUOUS
10
137.8007690000000025
20
-43.9763960000000012
11
137.8004259999999874
21
-43.9793459999999996
0
LINE
8
BLACK
6
CONTINUOUS
10
137.8004259999999874
20
-43.9793459999999996
11
137.8004909999999938
21
-43.9823149999999998
0
LINE
8
BLACK
6
CONTINUOUS
10
137.8004909999999938
20
-43.9823149999999998
11
137.7648389999999949
21
-44.4469579999999951
0
LINE
8
BLACK
6
CONTINUOUS
10
137.7648389999999949
20
-44.4469579999999951
11
137.7642879999999934
21
-44.4500749999999982
0
LINE
8
BLACK
6
CONTINUOUS
10
137.7642879999999934
20
-44.4500749999999982
11
137.7641569999999831
21
-44.4532389999999964
0
LINE
8
BLACK
6
CONTINUOUS
10
137.7641569999999831
20
-44.4532389999999964
11
137.7312039999999911
21
-44.6874690000000001
0
LINE
8
BLACK
6
CONTINUOUS
10
137.7312039999999911
20
-44.6874690000000001
11
137.7307089999999903
21
-44.689509000000001
0
LINE
8
BLACK
6
CONTINUOUS
10
137.7307089999999903
20
-44.689509000000001
11
137.7305340000000058
21
-44.6916019999999961
0
LINE
8
BLACK
6
CONTINUOUS
10
137.7305340000000058
20
-44.6916019999999961
11
137.6868709999999965
21
-44.9293309999999977
0
LINE
8
BLACK
6
CONTINUOUS
10
137.6868709999999965
20
-44.9293309999999977
11
137.6862999999999886
21
-44.931317
0
LINE
8
BLACK
6
CONTINUOUS
10
137.6862999999999886
20
-44.931317
11
137.6860439999999812
21
-44.9333619999999954
0
LINE
8
BLACK
6
CONTINUOUS
10
137.6860439999999812
20
-44.9333619999999954
11
137.6301739999999825
21
-45.1799669999999978
0
LINE
8
BLACK
6
CONTINUOUS
10
137.6301739999999825
20
-45.1799669999999978
11
137.6295450000000073
21
-45.1818570000000008
0
LINE
8
BLACK
6
CONTINUOUS
10
137.6295450000000073
20
-45.1818570000000008
11
137.6292190000000062
21
-45.1838259999999963
0
LINE
8
BLACK
6
CONTINUOUS
10
137.6292190000000062
20
-45.1838259999999963
11
137.5613280000000032
21
-45.4364360000000005
0
LINE
8
BLACK
6
CONTINUOUS
10
137.5613280000000032
20
-45.4364360000000005
11
137.5606520000000046
21
-45.4382260000000002
0
LINE
8
BLACK
6
CONTINUOUS
10
137.5606520000000046
20
-45.4382260000000002
11
137.5602669999999819
21
-45.4401039999999981
0
LINE
8
BLACK
6
CONTINUOUS
10
137.5602669999999819
20
-45.4401039999999981
11
137.4765789999999868
21
-45.7099369999999965
0
LINE
8
BLACK
6
CONTINUOUS
10
137.4765789999999868
20
-45.7099369999999965
11
137.4758730000000071
21
-45.7116100000000003
0
LINE
8
BLACK
6
CONTINUOUS
10
137.4758730000000071
20
-45.7116100000000003
11
137.4754470000000026
21
-45.7133639999999986
0
LINE
8
BLACK
6
CONTINUOUS
10
137.4754470000000026
20
-45.7133639999999986
11
137.3777680000000032
21
-45.9923069999999967
0
LINE
8
BLACK
6
CONTINUOUS
10
137.3777680000000032
20
-45.9923069999999967
11
137.377048000000002
21
-45.9938539999999989
0
LINE
8
BLACK
6
CONTINUOUS
10
137.377048000000002
20
-45.9938539999999989
11
137.3765909999999906
21
-45.9954919999999987
0
LINE
8
BLACK
6
CONTINUOUS
10
137.3765909999999906
20
-45.9954919999999987
11
137.2573390000000018
21
-46.3022379999999956
0
LINE
8
BLACK
6
CONTINUOUS
10
137.2573390000000018
20
-46.3022379999999956
11
137.2566280000000063
21
-46.3036389999999969
0
LINE
8
BLACK
6
CONTINUOUS
10
137.2566280000000063
20
-46.3036389999999969
11
137.2561550000000068
21
-46.3051499999999976
0
LINE
8
BLACK
6
CONTINUOUS
10
137.2561550000000068
20
-46.3051499999999976
11
137.1199990000000071
21
-46.6252119999999977
0
LINE
8
BLACK
6
CONTINUOUS
10
137.1199990000000071
20
-46.6252119999999977
11
137.1192979999999864
21
-46.6264919999999989
0
LINE
8
BLACK
6
CONTINUOUS
10
137.1192979999999864
20
-46.6264919999999989
11
137.1188239999999894
21
-46.6278649999999999
0
LINE
8
BLACK
6
CONTINUOUS
10
137.1188239999999894
20
-46.6278649999999999
11
136.9517679999999871
21
-46.9909419999999969
0
LINE
8
BLACK
6
CONTINUOUS
10
136.9517679999999871
20
-46.9909419999999969
11
136.9510999999999967
21
-46.9920819999999964
0
LINE
8
BLACK
6
CONTINUOUS
10
136.9510999999999967
20
-46.9920819999999964
11
136.9506360000000029
21
-46.9933189999999996
0
LINE
8
BLACK
6
CONTINUOUS
10
136.9506360000000029
20
-46.9933189999999996
11
136.76226699999998
21
-47.3758629999999954
0
LINE
8
BLACK
6
CONTINUOUS
10
136.76226699999998
20
-47.3758629999999954
11
136.7616359999999815
21
-47.3768770000000004
0
LINE
8
BLACK
6
CONTINUOUS
10
136.7616359999999815
20
-47.3768770000000004
11
136.7611880000000042
21
-47.3779909999999944
0
LINE
8
BLACK
6
CONTINUOUS
10
136.7611880000000042
20
-47.3779909999999944
11
136.5258389999999906
21
-47.8284809999999965
0
LINE
8
BLACK
6
CONTINUOUS
10
136.5258389999999906
20
-47.8284809999999965
11
136.5252569999999821
21
-47.8293689999999998
0
LINE
8
BLACK
6
CONTINUOUS
10
136.5252569999999821
20
-47.8293689999999998
11
136.5248379999999884
21
-47.8303489999999982
0
LINE
8
BLACK
6
CONTINUOUS
10
136.5248379999999884
20
-47.8303489999999982
11
136.26108499999998
21
-48.3101549999999946
0
LINE
8
BLACK
6
CONTINUOUS
10
136.26108499999998
20
-48.3101549999999946
11
136.2605519999999899
21
-48.3109320000000011
0
LINE
8
BLACK
6
CONTINUOUS
10
136.2605519999999899
20
-48.3109320000000011
11
136.2601609999999823
21
-48.3118009999999956
0
LINE
8
BLACK
6
CONTINUOUS
10
136.2601609999999823
20
-48.3118009999999956
11
135.9174140000000079
21
-48.9083579999999998
0
LINE
8
BLACK
6
CONTINUOUS
10
135.9174140000000079
20
-48.9083579999999998
11
135.9169389999999851
21
-48.9090229999999977
0
LINE
8
BLACK
6
CONTINUOUS
10
135.9169389999999851
20
-48.9090229999999977
11
135.9165909999999826
21
-48.9097639999999956
0
LINE
8
BLACK
6
CONTINUOUS
10
135.9165909999999826
20
-48.9097639999999956
11
135.5325719999999876
21
-49.5536460000000005
0
LINE
8
BLACK
6
CONTINUOUS
10
135.5325719999999876
20
-49.5536460000000005
11
135.4886039999999809
21
-49.6280649999999994
0
LINE
8
BLACK
6
CONTINUOUS
10
135.4886039999999809
20
-49.6280649999999994
11
135.3971119999999928
21
-49.7964640000000003
0
LINE
8
BLACK
6
CONTINUOUS
10
135.3971119999999928
20
-49.7964640000000003
11
135.3208029999999837
21
-49.9560529999999972
0
LINE
8
BLACK
6
CONTINUOUS
10
135.3208029999999837
20
-49.9560529999999972
11
135.2222030000000075
21
-50.2157449999999983
0
LINE
8
BLACK
6
CONTINUOUS
10
135.2222030000000075
20
-50.2157449999999983
11
135.1864419999999996
21
-50.377046
0
LINE
8
BLACK
6
CONTINUOUS
10
135.1864419999999996
20
-50.377046
11
135.1873429999999985
21
-50.4436719999999994
0
LINE
8
BLACK
6
CONTINUOUS
10
135.1873429999999985
20
-50.4436719999999994
11
135.2122070000000065
21
-50.4480979999999946
0
LINE
8
BLACK
6
CONTINUOUS
10
135.2122070000000065
20
-50.4480979999999946
11
135.2960929999999848
21
-50.447735999999999
0
LINE
8
BLACK
6
CONTINUOUS
10
135.2960929999999848
20
-50.447735999999999
11
135.458802999999989
21
-50.4306099999999944
0
LINE
8
BLACK
6
CONTINUOUS
10
135.458802999999989
20
-50.4306099999999944
11
135.6668709999999862
21
-50.3950069999999997
0
LINE
8
BLACK
6
CONTINUOUS
10
135.6668709999999862
20
-50.3950069999999997
11
135.9412409999999909
21
-50.3353499999999983
0
LINE
8
BLACK
6
CONTINUOUS
10
135.9412409999999909
20
-50.3353499999999983
11
136.2510910000000024
21
-50.2564769999999967
0
LINE
8
BLACK
6
CONTINUOUS
10
136.2510910000000024
20
-50.2564769999999967
11
136.9304239999999879
21
-50.0520469999999946
0
LINE
8
BLACK
6
CONTINUOUS
10
136.9304239999999879
20
-50.0520469999999946
11
137.9006200000000035
21
-49.7481189999999955
0
LINE
8
BLACK
6
CONTINUOUS
10
137.9006200000000035
20
-49.7481189999999955
11
137.902243999999996
21
-49.7477799999999988
0
LINE
8
BLACK
6
CONTINUOUS
10
137.902243999999996
20
-49.7477799999999988
11
137.903790999999984
21
-49.7471829999999997
0
LINE
8
BLACK
6
CONTINUOUS
10
137.903790999999984
20
-49.7471829999999997
11
138.9584130000000073
21
-49.4547219999999967
0
LINE
8
BLACK
6
CONTINUOUS
10
138.9584130000000073
20
-49.4547219999999967
11
138.9602329999999881
21
-49.4544039999999967
0
LINE
8
BLACK
6
CONTINUOUS
10
138.9602329999999881
20
-49.4544039999999967
11
138.9619840000000011
21
-49.453801999999996
0
LINE
8
BLACK
6
CONTINUOUS
10
138.9619840000000011
20
-49.453801999999996
11
139.9741469999999879
21
-49.212924000000001
0
LINE
8
BLACK
6
CONTINUOUS
10
139.9741469999999879
20
-49.212924000000001
11
139.9760719999999878
21
-49.2126609999999971
0
LINE
8
BLACK
6
CONTINUOUS
10
139.9760719999999878
20
-49.2126609999999971
11
139.9779369999999972
21
-49.2120989999999949
0
LINE
8
BLACK
6
CONTINUOUS
10
139.9779369999999972
20
-49.2120989999999949
11
140.9492879999999957
21
-49.0203969999999956
0
LINE
8
BLACK
6
CONTINUOUS
10
140.9492879999999957
20
-49.0203969999999956
11
140.9513220000000047
21
-49.0201989999999981
0
LINE
8
BLACK
6
CONTINUOUS
10
140.9513220000000047
20
-49.0201989999999981
11
140.9532999999999845
21
-49.0196899999999971
0
LINE
8
BLACK
6
CONTINUOUS
10
140.9532999999999845
20
-49.0196899999999971
11
141.8854969999999867
21
-48.8748859999999965
0
LINE
8
BLACK
6
CONTINUOUS
10
141.8854969999999867
20
-48.8748859999999965
11
141.8876349999999888
21
-48.874766000000001
0
LINE
8
BLACK
6
CONTINUOUS
10
141.8876349999999888
20
-48.874766000000001
11
141.8897340000000042
21
-48.8743199999999973
0
LINE
8
BLACK
6
CONTINUOUS
10
141.8897340000000042
20
-48.8743199999999973
11
142.784435000000002
21
-48.7742789999999999
0
LINE
8
BLACK
6
CONTINUOUS
10
142.784435000000002
20
-48.7742789999999999
11
142.7866779999999949
21
-48.7742489999999975
0
LINE
8
BLACK
6
CONTINUOUS
10
142.7866779999999949
20
-48.7742489999999975
11
142.7888949999999966
21
-48.7738809999999958
0
LINE
8
BLACK
6
CONTINUOUS
10
142.7888949999999966
20
-48.7738809999999958
11
143.6477620000000002
21
-48.7166250000000005
0
LINE
8
BLACK
6
CONTINUOUS
10
143.6477620000000002
20
-48.7166250000000005
11
143.650102000000004
21
-48.7166980000000009
0
LINE
8
BLACK
6
CONTINUOUS
10
143.650102000000004
20
-48.7166980000000009
11
143.6524399999999844
21
-48.7164219999999943
0
LINE
8
BLACK
6
CONTINUOUS
10
143.6524399999999844
20
-48.7164219999999943
11
144.477123000000006
21
-48.7001379999999955
0
LINE
8
BLACK
6
CONTINUOUS
10
144.477123000000006
20
-48.7001379999999955
11
144.4795639999999821
21
-48.7003289999999964
0
LINE
8
BLACK
6
CONTINUOUS
10
144.4795639999999821
20
-48.7003289999999964
11
144.4820059999999842
21
-48.7001609999999943
0
LINE
8
BLACK
6
CONTINUOUS
10
144.4820059999999842
20
-48.7001609999999943
11
145.2741369999999961
21
-48.7232149999999962
0
LINE
8
BLACK
6
CONTINUOUS
10
145.2741369999999961
20
-48.7232149999999962
11
145.27666499999998
21
-48.7235379999999978
0
LINE
8
BLACK
6
CONTINUOUS
10
145.27666499999998
20
-48.7235379999999978
11
145.2792100000000062
21
-48.7234920000000002
0
LINE
8
BLACK
6
CONTINUOUS
10
145.2792100000000062
20
-48.7234920000000002
11
146.0403989999999794
21
-48.7844470000000001
0
LINE
8
BLACK
6
CONTINUOUS
10
146.0403989999999794
20
-48.7844470000000001
11
146.0430000000000064
21
-48.784914999999998
0
LINE
8
BLACK
6
CONTINUOUS
10
146.0430000000000064
20
-48.784914999999998
11
146.0456379999999967
21
-48.7850059999999957
0
LINE
8
BLACK
6
CONTINUOUS
10
146.0456379999999967
20
-48.7850059999999957
11
146.7774519999999825
21
-48.8826229999999953
0
LINE
8
BLACK
6
CONTINUOUS
10
146.7774519999999825
20
-48.8826229999999953
11
146.7801099999999792
21
-48.8832469999999972
0
LINE
8
BLACK
6
CONTINUOUS
10
146.7801099999999792
20
-48.8832469999999972
11
146.7828289999999924
21
-48.8834899999999948
0
LINE
8
BLACK
6
CONTINUOUS
10
146.7828289999999924
20
-48.8834899999999948
11
147.4867979999999932
21
-49.0167489999999972
0
LINE
8
BLACK
6
CONTINUOUS
10
147.4867979999999932
20
-49.0167489999999972
11
147.4894929999999817
21
-49.0175389999999993
0
LINE
8
BLACK
6
CONTINUOUS
10
147.4894929999999817
20
-49.0175389999999993
11
147.4922770000000014
21
-49.0179459999999949
0
LINE
8
BLACK
6
CONTINUOUS
10
147.4922770000000014
20
-49.0179459999999949
11
148.1698629999999923
21
-49.1860479999999995
0
LINE
8
BLACK
6
CONTINUOUS
10
148.1698629999999923
20
-49.1860479999999995
11
148.1725809999999797
21
-49.1870130000000003
0
LINE
8
BLACK
6
CONTINUOUS
10
148.1725809999999797
20
-49.1870130000000003
11
148.1754029999999887
21
-49.1875929999999997
0
LINE
8
BLACK
6
CONTINUOUS
10
148.1754029999999887
20
-49.1875929999999997
11
148.8280049999999903
21
-49.3899709999999956
0
LINE
8
BLACK
6
CONTINUOUS
10
148.8280049999999903
20
-49.3899709999999956
11
148.8307209999999827
21
-49.3911159999999967
0
LINE
8
BLACK
6
CONTINUOUS
10
148.8307209999999827
20
-49.3911159999999967
11
148.8335600000000056
21
-49.3918749999999989
0
LINE
8
BLACK
6
CONTINUOUS
10
148.8335600000000056
20
-49.3918749999999989
11
149.4624849999999867
21
-49.6282019999999946
0
LINE
8
BLACK
6
CONTINUOUS
10
149.4624849999999867
20
-49.6282019999999946
11
149.4651639999999873
21
-49.6295209999999969
0
LINE
8
BLACK
6
CONTINUOUS
10
149.4651639999999873
20
-49.6295209999999969
11
149.4680060000000026
21
-49.6304659999999984
0
LINE
8
BLACK
6
CONTINUOUS
10
149.4680060000000026
20
-49.6304659999999984
11
150.0744669999999985
21
-49.9006550000000004
0
LINE
8
BLACK
6
CONTINUOUS
10
150.0744669999999985
20
-49.9006550000000004
11
150.0770909999999958
21
-49.9021479999999968
0
LINE
8
BLACK
6
CONTINUOUS
10
150.0770909999999958
20
-49.9021479999999968
11
150.0799020000000041
21
-49.9032750000000007
0
LINE
8
BLACK
6
CONTINUOUS
10
150.0799020000000041
20
-49.9032750000000007
11
150.664999999999992
21
-50.2074809999999943
0
LINE
8
BLACK
6
CONTINUOUS
10
150.664999999999992
20
-50.2074809999999943
11
150.6669100000000014
21
-50.2087250000000012
0
LINE
8
BLACK
6
CONTINUOUS
10
150.6669100000000014
20
-50.2087250000000012
11
150.6689879999999846
21
-50.2096710000000002
0
LINE
8
BLACK
6
CONTINUOUS
10
150.6689879999999846
20
-50.2096710000000002
11
150.9538749999999823
21
-50.3746679999999998
0
LINE
8
BLACK
6
CONTINUOUS
10
150.9538749999999823
20
-50.3746679999999998
11
150.9551119999999855
21
-50.3755570000000006
0
LINE
8
BLACK
6
CONTINUOUS
10
150.9551119999999855
20
-50.3755570000000006
11
150.9564799999999991
21
-50.3762299999999996
0
LINE
8
BLACK
6
CONTINUOUS
10
150.9564799999999991
20
-50.3762299999999996
11
151.2363029999999924
21
-50.5498519999999942
0
LINE
8
BLACK
6
CONTINUOUS
10
151.2363029999999924
20
-50.5498519999999942
11
151.2376239999999825
21
-50.5508629999999997
0
LINE
8
BLACK
6
CONTINUOUS
10
151.2376239999999825
20
-50.5508629999999997
11
151.2390969999999868
21
-50.5516499999999951
0
LINE
8
BLACK
6
CONTINUOUS
10
151.2390969999999868
20
-50.5516499999999951
11
151.6241959999999835
21
-50.8086959999999976
0
LINE
8
BLACK
6
CONTINUOUS
10
151.6241959999999835
20
-50.8086959999999976
11
151.6260509999999897
21
-50.8102169999999944
0
LINE
8
BLACK
6
CONTINUOUS
10
151.6260509999999897
20
-50.8102169999999944
11
151.6281079999999974
21
-50.8114449999999991
0
LINE
8
BLACK
6
CONTINUOUS
10
151.6281079999999974
20
-50.8114449999999991
11
152.150968000000006
21
-51.1978019999999958
0
LINE
8
BLACK
6
CONTINUOUS
10
152.150968000000006
20
-51.1978019999999958
11
152.1532489999999882
21
-51.199861999999996
0
LINE
8
BLACK
6
CONTINUOUS
10
152.1532489999999882
20
-51.199861999999996
11
152.1557909999999936
21
-51.2015999999999991
0
LINE
8
BLACK
6
CONTINUOUS
10
152.1557909999999936
20
-51.2015999999999991
11
152.6322779999999852
21
-51.6011389999999963
0
LINE
8
BLACK
6
CONTINUOUS
10
152.6322779999999852
20
-51.6011389999999963
11
152.6345269999999914
21
-51.603435999999995
0
LINE
8
BLACK
6
CONTINUOUS
10
152.6345269999999914
20
-51.603435999999995
11
152.6370579999999961
21
-51.6054159999999982
0
LINE
8
BLACK
6
CONTINUOUS
10
152.6370579999999961
20
-51.6054159999999982
11
153.0806609999999921
21
-52.0286899999999974
0
LINE
8
BLACK
6
CONTINUOUS
10
153.0806609999999921
20
-52.0286899999999974
11
153.082254000000006
21
-52.0305409999999995
0
LINE
8
BLACK
6
CONTINUOUS
10
153.082254000000006
20
-52.0305409999999995
11
153.0841059999999914
21
-52.0321409999999958
0
LINE
8
BLACK
6
CONTINUOUS
10
153.0841059999999914
20
-52.0321409999999958
11
153.2976779999999906
21
-52.2568079999999995
0
LINE
8
BLACK
6
CONTINUOUS
10
153.2976779999999906
20
-52.2568079999999995
11
153.2986760000000004
21
-52.2580880000000008
0
LINE
8
BLACK
6
CONTINUOUS
10
153.2986760000000004
20
-52.2580880000000008
11
153.2998680000000036
21
-52.2591879999999946
0
LINE
8
BLACK
6
CONTINUOUS
10
153.2998680000000036
20
-52.2591879999999946
11
153.5080800000000067
21
-52.4929109999999994
0
LINE
8
BLACK
6
CONTINUOUS
10
153.5080800000000067
20
-52.4929109999999994
11
153.5090249999999799
21
-52.4942080000000004
0
LINE
8
BLACK
6
CONTINUOUS
10
153.5090249999999799
20
-52.4942080000000004
11
153.5101709999999855
21
-52.4953349999999972
0
LINE
8
BLACK
6
CONTINUOUS
10
153.5101709999999855
20
-52.4953349999999972
11
153.7172510000000045
21
-52.7433369999999968
0
LINE
8
BLACK
6
CONTINUOUS
10
153.7172510000000045
20
-52.7433369999999968
11
153.7181349999999895
21
-52.7446359999999999
0
LINE
8
BLACK
6
CONTINUOUS
10
153.7181349999999895
20
-52.7446359999999999
11
153.7192210000000046
21
-52.7457729999999998
0
LINE
8
BLACK
6
CONTINUOUS
10
153.7192210000000046
20
-52.7457729999999998
11
153.9219619999999793
21
-53.0046549999999996
0
LINE
8
BLACK
6
CONTINUOUS
10
153.9219619999999793
20
-53.0046549999999996
11
153.9227850000000046
21
-53.0059499999999986
0
LINE
8
BLACK
6
CONTINUOUS
10
153.9227850000000046
20
-53.0059499999999986
11
153.9238100000000031
21
-53.0070909999999955
0
LINE
8
BLACK
6
CONTINUOUS
10
153.9238100000000031
20
-53.0070909999999955
11
154.1292320000000018
21
-53.2865919999999988
0
LINE
8
BLACK
6
CONTINUOUS
10
154.1292320000000018
20
-53.2865919999999988
11
154.1299879999999973
21
-53.2878660000000011
0
LINE
8
BLACK
6
CONTINUOUS
10
154.1299879999999973
20
-53.2878660000000011
11
154.130943000000002
21
-53.2889939999999953
0
LINE
8
BLACK
6
CONTINUOUS
10
154.130943000000002
20
-53.2889939999999953
11
154.3330719999999872
21
-53.5817289999999957
0
LINE
8
BLACK
6
CONTINUOUS
10
154.3330719999999872
20
-53.5817289999999957
11
154.3337589999999864
21
-53.5829689999999985
0
LINE
8
BLACK
6
CONTINUOUS
10
154.3337589999999864
20
-53.5829689999999985
11
154.3346509999999796
21
-53.5840849999999946
0
LINE
8
BLACK
6
CONTINUOUS
10
154.3346509999999796
20
-53.5840849999999946
11
154.543689999999998
21
-53.905984999999994
0
LINE
8
BLACK
6
CONTINUOUS
10
154.543689999999998
20
-53.905984999999994
11
154.5443099999999959
21
-53.9071819999999988
0
LINE
8
BLACK
6
CONTINUOUS
10
154.5443099999999959
20
-53.9071819999999988
11
154.5451280000000054
21
-53.9082650000000001
0
LINE
8
BLACK
6
CONTINUOUS
10
154.5451280000000054
20
-53.9082650000000001
11
154.7520719999999983
21
-54.2465639999999993
0
LINE
8
BLACK
6
CONTINUOUS
10
154.7520719999999983
20
-54.2465639999999993
11
154.7526309999999796
21
-54.2477189999999965
0
LINE
8
BLACK
6
CONTINUOUS
10
154.7526309999999796
20
-54.2477189999999965
11
154.7533779999999979
21
-54.2487619999999993
0
LINE
8
BLACK
6
CONTINUOUS
10
154.7533779999999979
20
-54.2487619999999993
11
154.9725909999999942
21
-54.6285989999999941
0
LINE
8
BLACK
6
CONTINUOUS
10
154.9725909999999942
20
-54.6285989999999941
11
154.9730849999999975
21
-54.629690999999994
0
LINE
8
BLACK
6
CONTINUOUS
10
154.9730849999999975
20
-54.629690999999994
11
154.9737619999999936
21
-54.6306849999999997
0
LINE
8
BLACK
6
CONTINUOUS
10
154.9737619999999936
20
-54.6306849999999997
11
155.192420999999996
21
-55.0314059999999969
0
LINE
8
BLACK
6
CONTINUOUS
10
155.192420999999996
20
-55.0314059999999969
11
155.1928580000000011
21
-55.0324369999999945
0
LINE
8
BLACK
6
CONTINUOUS
10
155.1928580000000011
20
-55.0324369999999945
11
155.1934699999999907
21
-55.033379999999994
0
LINE
8
BLACK
6
CONTINUOUS
10
155.1934699999999907
20
-55.033379999999994
11
155.4322459999999921
21
-55.4952399999999955
0
LINE
8
BLACK
6
CONTINUOUS
10
155.4322459999999921
20
-55.4952399999999955
11
155.4326269999999965
21
-55.4961979999999997
0
LINE
8
BLACK
6
CONTINUOUS
10
155.4326269999999965
20
-55.4961979999999997
11
155.4331719999999848
21
-55.4970769999999973
0
LINE
8
BLACK
6
CONTINUOUS
10
155.4331719999999848
20
-55.4970769999999973
11
155.6736300000000028
21
-55.9866139999999959
0
LINE
8
BLACK
6
CONTINUOUS
10
155.6736300000000028
20
-55.9866139999999959
11
155.6741590000000031
21
-55.9880279999999999
0
LINE
8
BLACK
6
CONTINUOUS
10
155.6741590000000031
20
-55.9880279999999999
11
155.6749120000000062
21
-55.9893280000000004
0
LINE
8
BLACK
6
CONTINUOUS
10
155.6749120000000062
20
-55.9893280000000004
11
156.0448299999999904
21
-56.8032879999999949
0
LINE
8
BLACK
6
CONTINUOUS
10
156.0448299999999904
20
-56.8032879999999949
11
156.0455469999999991
21
-56.8053939999999997
0
LINE
8
BLACK
6
CONTINUOUS
10
156.0455469999999991
20
-56.8053939999999997
11
156.0465739999999926
21
-56.8073639999999997
0
LINE
8
BLACK
6
CONTINUOUS
10
156.0465739999999926
20
-56.8073639999999997
11
156.3611530000000016
21
-57.5899219999999943
0
LINE
8
BLACK
6
CONTINUOUS
10
156.3611530000000016
20
-57.5899219999999943
11
156.3618199999999945
21
-57.5922069999999948
0
LINE
8
BLACK
6
CONTINUOUS
10
156.3618199999999945
20
-57.5922069999999948
11
156.3628199999999993
21
-57.5943709999999953
0
LINE
8
BLACK
6
CONTINUOUS
10
156.3628199999999993
20
-57.5943709999999953
11
156.6261269999999968
21
-58.3514599999999959
0
LINE
8
BLACK
6
CONTINUOUS
10
156.6261269999999968
20
-58.3514599999999959
11
156.6267139999999927
21
-58.3538959999999989
0
LINE
8
BLACK
6
CONTINUOUS
10
156.6267139999999927
20
-58.3538959999999989
11
156.6276499999999885
21
-58.3562200000000004
0
LINE
8
BLACK
6
CONTINUOUS
10
156.6276499999999885
20
-58.3562200000000004
11
156.8447649999999953
21
-59.0980649999999983
0
LINE
8
BLACK
6
CONTINUOUS
10
156.8447649999999953
20
-59.0980649999999983
11
156.8452460000000031
21
-59.1006129999999956
0
LINE
8
BLACK
6
CONTINUOUS
10
156.8452460000000031
20
-59.1006129999999956
11
156.8460910000000013
21
-59.1030719999999974
0
LINE
8
BLACK
6
CONTINUOUS
10
156.8460910000000013
20
-59.1030719999999974
11
157.0206519999999841
21
-59.8389619999999951
0
LINE
8
BLACK
6
CONTINUOUS
10
157.0206519999999841
20
-59.8389619999999951
11
157.0210079999999948
21
-59.8415879999999945
0
LINE
8
BLACK
6
CONTINUOUS
10
157.0210079999999948
20
-59.8415879999999945
11
157.0217370000000017
21
-59.8441410000000005
0
LINE
8
BLACK
6
CONTINUOUS
10
157.0217370000000017
20
-59.8441410000000005
11
157.1561629999999923
21
-60.582930999999995
0
LINE
8
BLACK
6
CONTINUOUS
10
157.1561629999999923
20
-60.582930999999995
11
157.1563260000000071
21
-60.5849299999999999
0
LINE
8
BLACK
6
CONTINUOUS
10
157.1563260000000071
20
-60.5849299999999999
11
157.1567990000000066
21
-60.5868749999999991
0
LINE
8
BLACK
6
CONTINUOUS
10
157.1567990000000066
20
-60.5868749999999991
11
157.2094999999999914
21
-60.9607600000000005
0
LINE
8
BLACK
6
CONTINUOUS
10
157.2094999999999914
20
-60.9607600000000005
11
157.2095549999999946
21
-60.9620909999999938
0
LINE
8
BLACK
6
CONTINUOUS
10
157.2095549999999946
20
-60.9620909999999938
11
157.2098359999999957
21
-60.9633959999999959
0
LINE
8
BLACK
6
CONTINUOUS
10
157.2098359999999957
20
-60.9633959999999959
11
157.2527570000000026
21
-61.340053999999995
0
LINE
8
BLACK
6
CONTINUOUS
10
157.2527570000000026
20
-61.340053999999995
11
157.2527769999999805
21
-61.3413769999999943
0
LINE
8
BLACK
6
CONTINUOUS
10
157.2527769999999805
20
-61.3413769999999943
11
157.2530219999999872
21
-61.3426839999999984
0
LINE
8
BLACK
6
CONTINUOUS
10
157.2530219999999872
20
-61.3426839999999984
11
157.2865129999999851
21
-61.7265359999999959
0
LINE
8
BLACK
6
CONTINUOUS
10
157.2865129999999851
20
-61.7265359999999959
11
157.2864979999999946
21
-61.7278489999999991
0
LINE
8
BLACK
6
CONTINUOUS
10
157.2864979999999946
20
-61.7278489999999991
11
157.286705999999981
21
-61.7291449999999955
0
LINE
8
BLACK
6
CONTINUOUS
10
157.286705999999981
20
-61.7291449999999955
11
157.3103339999999832
21
-62.1168379999999942
0
LINE
8
BLACK
6
CONTINUOUS
10
157.3103339999999832
20
-62.1168379999999942
11
157.3102849999999933
21
-62.1181319999999957
0
LINE
8
BLACK
6
CONTINUOUS
10
157.3102849999999933
20
-62.1181319999999957
11
157.3104579999999828
21
-62.1194190000000006
0
LINE
8
BLACK
6
CONTINUOUS
10
157.3104579999999828
20
-62.1194190000000006
11
157.324434999999994
21
-62.5182319999999976
0
LINE
8
BLACK
6
CONTINUOUS
10
157.324434999999994
20
-62.5182319999999976
11
157.3243539999999996
21
-62.5195059999999998
0
LINE
8
BLACK
6
CONTINUOUS
10
157.3243539999999996
20
-62.5195059999999998
11
157.3244909999999948
21
-62.5207689999999943
0
LINE
8
BLACK
6
CONTINUOUS
10
157.3244909999999948
20
-62.5207689999999943
11
157.3283899999999846
21
-62.9246160000000003
0
LINE
8
BLACK
6
CONTINUOUS
10
157.3283899999999846
20
-62.9246160000000003
11
157.3282789999999807
21
-62.9258600000000001
0
LINE
8
BLACK
6
CONTINUOUS
10
157.3282789999999807
20
-62.9258600000000001
11
157.3283830000000023
21
-62.9271039999999999
0
LINE
8
BLACK
6
CONTINUOUS
10
157.3283830000000023
20
-62.9271039999999999
11
157.321992999999992
21
-63.3465419999999995
0
LINE
8
BLACK
6
CONTINUOUS
10
157.321992999999992
20
-63.3465419999999995
11
157.3218549999999993
21
-63.3477490000000003
0
LINE
8
BLACK
6
CONTINUOUS
10
157.3218549999999993
20
-63.3477490000000003
11
157.3219269999999881
21
-63.3489679999999993
0
LINE
8
BLACK
6
CONTINUOUS
10
157.3219269999999881
20
-63.3489679999999993
11
157.3050979999999868
21
-63.7748239999999953
0
LINE
8
BLACK
6
CONTINUOUS
10
157.3050979999999868
20
-63.7748239999999953
11
157.3049350000000004
21
-63.7759969999999967
0
LINE
8
BLACK
6
CONTINUOUS
10
157.3049350000000004
20
-63.7759969999999967
11
157.3049769999999796
21
-63.7771829999999937
0
LINE
8
BLACK
6
CONTINUOUS
10
157.3049769999999796
20
-63.7771829999999937
11
157.2767379999999946
21
-64.2239529999999945
0
LINE
8
BLACK
6
CONTINUOUS
10
157.2767379999999946
20
-64.2239529999999945
11
157.2765530000000069
21
-64.2250839999999954
0
LINE
8
BLACK
6
CONTINUOUS
10
157.2765530000000069
20
-64.2250839999999954
11
157.2765679999999975
21
-64.2262329999999935
0
LINE
8
BLACK
6
CONTINUOUS
10
157.2765679999999975
20
-64.2262329999999935
11
157.2373599999999954
21
-64.6810799999999944
0
LINE
8
BLACK
6
CONTINUOUS
10
157.2373599999999954
20
-64.6810799999999944
11
157.2371550000000013
21
-64.6821750000000009
0
LINE
8
BLACK
6
CONTINUOUS
10
157.2371550000000013
20
-64.6821750000000009
11
157.2371449999999982
21
-64.6832789999999989
0
LINE
8
BLACK
6
CONTINUOUS
10
157.2371449999999982
20
-64.6832789999999989
11
157.1848019999999906
21
-65.1656619999999975
0
LINE
8
BLACK
6
CONTINUOUS
10
157.1848019999999906
20
-65.1656619999999975
11
157.184584000000001
21
-65.1667020000000008
0
LINE
8
BLACK
6
CONTINUOUS
10
157.184584000000001
20
-65.1667020000000008
11
157.184550999999999
21
-65.1677689999999927
0
LINE
8
BLACK
6
CONTINUOUS
10
157.184550999999999
20
-65.1677689999999927
11
157.1205039999999826
21
-65.6602839999999901
0
LINE
8
BLACK
6
CONTINUOUS
10
157.1205039999999826
20
-65.6602839999999901
11
157.1202729999999974
21
-65.6612779999999958
0
LINE
8
BLACK
6
CONTINUOUS
10
157.1202729999999974
20
-65.6612779999999958
11
157.1202209999999866
21
-65.6623009999999994
0
LINE
8
BLACK
6
CONTINUOUS
10
157.1202209999999866
20
-65.6623009999999994
11
157.0404879999999821
21
-66.1909929999999918
0
LINE
8
BLACK
6
CONTINUOUS
10
157.0404879999999821
20
-66.1909929999999918
11
157.0402489999999887
21
-66.1919369999999958
0
LINE
8
BLACK
6
CONTINUOUS
10
157.0402489999999887
20
-66.1919369999999958
11
157.0401799999999923
21
-66.1929090000000002
0
LINE
8
BLACK
6
CONTINUOUS
10
157.0401799999999923
20
-66.1929090000000002
11
156.9479629999999872
21
-66.7330609999999922
0
LINE
8
BLACK
6
CONTINUOUS
10
156.9479629999999872
20
-66.7330609999999922
11
156.9110059999999862
21
-66.9908449999999931
0
LINE
8
BLACK
6
CONTINUOUS
10
156.9110059999999862
20
-66.9908449999999931
11
156.9033230000000003
21
-67.2133089999999953
0
LINE
8
BLACK
6
CONTINUOUS
10
156.9033230000000003
20
-67.2133089999999953
11
156.9228729999999814
21
-67.3462279999999964
0
LINE
8
BLACK
6
CONTINUOUS
10
156.9228729999999814
20
-67.3462279999999964
11
156.9535129999999867
21
-67.4147959999999955
0
LINE
8
BLACK
6
CONTINUOUS
10
156.9535129999999867
20
-67.4147959999999955
11
156.9901999999999873
21
-67.4494219999999984
0
LINE
8
BLACK
6
CONTINUOUS
10
156.9901999999999873
20
-67.4494219999999984
11
157.0062979999999868
21
-67.4563419999999923
0
LINE
8
BLACK
6
CONTINUOUS
10
157.0062979999999868
20
-67.4563419999999923
11
157.0339879999999937
21
-67.4613509999999934
0
LINE
8
BLACK
6
CONTINUOUS
10
157.0339879999999937
20
-67.4613509999999934
11
157.0792820000000063
21
-67.460211000000001
0
LINE
8
BLACK
6
CONTINUOUS
10
157.0792820000000063
20
-67.460211000000001
11
157.1365679999999827
21
-67.4489389999999958
0
LINE
8
BLACK
6
CONTINUOUS
10
157.1365679999999827
20
-67.4489389999999958
11
157.2210609999999917
21
-67.4199309999999912
0
LINE
8
BLACK
6
CONTINUOUS
10
157.2210609999999917
20
-67.4199309999999912
11
157.3201899999999966
21
-67.3735229999999916
0
LINE
8
BLACK
6
CONTINUOUS
10
157.3201899999999966
20
-67.3735229999999916
11
157.4563330000000008
21
-67.2951729999999912
0
LINE
8
BLACK
6
CONTINUOUS
10
157.4563330000000008
20
-67.2951729999999912
11
157.6109069999999974
21
-67.192032999999995
0
LINE
8
BLACK
6
CONTINUOUS
10
157.6109069999999974
20
-67.192032999999995
11
157.8174159999999802
21
-67.0379530000000017
0
LINE
8
BLACK
6
CONTINUOUS
10
157.8174159999999802
20
-67.0379530000000017
11
158.0502779999999916
21
-66.8485649999999936
0
LINE
8
BLACK
6
CONTINUOUS
10
158.0502779999999916
20
-66.8485649999999936
11
158.0511249999999848
21
-66.8480040000000031
0
LINE
8
BLACK
6
CONTINUOUS
10
158.0511249999999848
20
-66.8480040000000031
11
158.0518610000000024
21
-66.8473039999999941
0
LINE
8
BLACK
6
CONTINUOUS
10
158.0518610000000024
20
-66.8473039999999941
11
158.3123640000000023
21
-66.644055999999992
0
LINE
8
BLACK
6
CONTINUOUS
10
158.3123640000000023
20
-66.644055999999992
11
158.3160000000000025
21
-66.6417529999999942
0
LINE
8
BLACK
6
CONTINUOUS
10
158.3160000000000025
20
-66.6417529999999942
11
158.319359999999989
21
-66.6390659999999997
0
LINE
8
BLACK
6
CONTINUOUS
10
158.319359999999989
20
-66.6390659999999997
11
158.661799000000002
21
-66.416370999999998
0
LINE
8
BLACK
6
CONTINUOUS
10
158.661799000000002
20
-66.416370999999998
11
158.6650349999999889
21
-66.4146920000000023
0
LINE
8
BLACK
6
CONTINUOUS
10
158.6650349999999889
20
-66.4146920000000023
11
158.6680399999999906
21
-66.412627999999998
0
LINE
8
BLACK
6
CONTINUOUS
10
158.6680399999999906
20
-66.412627999999998
11
158.8489419999999939
21
-66.3129040000000032
0
LINE
8
BLACK
6
CONTINUOUS
10
158.8489419999999939
20
-66.3129040000000032
11
158.8511660000000063
21
-66.311948000000001
0
LINE
8
BLACK
6
CONTINUOUS
10
158.8511660000000063
20
-66.311948000000001
11
158.8532249999999806
21
-66.3106760000000008
0
LINE
8
BLACK
6
CONTINUOUS
10
158.8532249999999806
20
-66.3106760000000008
11
159.0413450000000068
21
-66.2185169999999914
0
LINE
8
BLACK
6
CONTINUOUS
10
159.0413450000000068
20
-66.2185169999999914
11
159.0435819999999865
21
-66.2176809999999989
0
LINE
8
BLACK
6
CONTINUOUS
10
159.0435819999999865
20
-66.2176809999999989
11
159.0456729999999936
21
-66.2165229999999951
0
LINE
8
BLACK
6
CONTINUOUS
10
159.0456729999999936
20
-66.2165229999999951
11
159.2447329999999965
21
-66.1305079999999919
0
LINE
8
BLACK
6
CONTINUOUS
10
159.2447329999999965
20
-66.1305079999999919
11
159.2469519999999932
21
-66.1297969999999964
0
LINE
8
BLACK
6
CONTINUOUS
10
159.2469519999999932
20
-66.1297969999999964
11
159.249038999999982
21
-66.1287650000000014
0
LINE
8
BLACK
6
CONTINUOUS
10
159.249038999999982
20
-66.1287650000000014
11
159.4567759999999907
21
-66.0502359999999982
0
LINE
8
BLACK
6
CONTINUOUS
10
159.4567759999999907
20
-66.0502359999999982
11
159.4589569999999981
21
-66.0496479999999906
0
LINE
8
BLACK
6
CONTINUOUS
10
159.4589569999999981
20
-66.0496479999999906
11
159.4610260000000039
21
-66.0487380000000002
0
LINE
8
BLACK
6
CONTINUOUS
10
159.4610260000000039
20
-66.0487380000000002
11
159.6848320000000001
21
-65.9754760000000005
0
LINE
8
BLACK
6
CONTINUOUS
10
159.6848320000000001
20
-65.9754760000000005
11
159.686949999999996
21
-65.9750059999999934
0
LINE
8
BLACK
6
CONTINUOUS
10
159.686949999999996
20
-65.9750059999999934
11
159.6889649999999961
21
-65.9742219999999975
0
LINE
8
BLACK
6
CONTINUOUS
10
159.6889649999999961
20
-65.9742219999999975
11
159.9233209999999872
21
-65.9085649999999958
0
LINE
8
BLACK
6
CONTINUOUS
10
159.9233209999999872
20
-65.9085649999999958
11
159.9253539999999987
21
-65.9082049999999953
0
LINE
8
BLACK
6
CONTINUOUS
10
159.9253539999999987
20
-65.9082049999999953
11
159.9273139999999955
21
-65.9075339999999983
0
LINE
8
BLACK
6
CONTINUOUS
10
159.9273139999999955
20
-65.9075339999999983
11
160.1842609999999922
21
-65.8468500000000034
0
LINE
8
BLACK
6
CONTINUOUS
10
160.1842609999999922
20
-65.8468500000000034
11
160.1861969999999928
21
-65.8465889999999945
0
LINE
8
BLACK
6
CONTINUOUS
10
160.1861969999999928
20
-65.8465889999999945
11
160.1880639999999971
21
-65.8460299999999989
0
LINE
8
BLACK
6
CONTINUOUS
10
160.1880639999999971
20
-65.8460299999999989
11
160.4580530000000067
21
-65.7932610000000011
0
LINE
8
BLACK
6
CONTINUOUS
10
160.4580530000000067
20
-65.7932610000000011
11
160.4598809999999958
21
-65.7930860000000024
0
LINE
8
BLACK
6
CONTINUOUS
10
160.4598809999999958
20
-65.7930860000000024
11
160.4616570000000024
21
-65.792625000000001
0
LINE
8
BLACK
6
CONTINUOUS
10
160.4616570000000024
20
-65.792625000000001
11
160.7630240000000015
21
-65.7450970000000012
0
LINE
8
BLACK
6
CONTINUOUS
10
160.7630240000000015
20
-65.7450970000000012
11
160.764725999999996
21
-65.7449969999999979
0
LINE
8
BLACK
6
CONTINUOUS
10
160.764725999999996
20
-65.7449969999999979
11
160.7663929999999937
21
-65.7446240000000017
0
LINE
8
BLACK
6
CONTINUOUS
10
160.7663929999999937
20
-65.7446240000000017
11
161.0842169999999953
21
-65.705529999999996
0
LINE
8
BLACK
6
CONTINUOUS
10
161.0842169999999953
20
-65.705529999999996
11
161.0858000000000061
21
-65.705490999999995
0
LINE
8
BLACK
6
CONTINUOUS
10
161.0858000000000061
20
-65.705490999999995
11
161.0873569999999972
21
-65.7051939999999917
0
LINE
8
BLACK
6
CONTINUOUS
10
161.0873569999999972
20
-65.7051939999999917
11
161.4492180000000019
21
-65.6722419999999971
0
LINE
8
BLACK
6
CONTINUOUS
10
161.4492180000000019
20
-65.6722419999999971
11
161.450667999999979
21
-65.6722520000000003
0
LINE
8
BLACK
6
CONTINUOUS
10
161.450667999999979
20
-65.6722520000000003
11
161.4521039999999914
21
-65.6720210000000009
0
LINE
8
BLACK
6
CONTINUOUS
10
161.4521039999999914
20
-65.6720210000000009
11
161.8352899999999863
21
-65.6482819999999947
0
LINE
8
BLACK
6
CONTINUOUS
10
161.8352899999999863
20
-65.6482819999999947
11
161.836623000000003
21
-65.6483300000000014
0
LINE
8
BLACK
6
CONTINUOUS
10
161.836623000000003
20
-65.6483300000000014
11
161.8379369999999824
21
-65.648153999999991
0
LINE
8
BLACK
6
CONTINUOUS
10
161.8379369999999824
20
-65.648153999999991
11
162.2850169999999821
21
-65.6323369999999926
0
LINE
8
BLACK
6
CONTINUOUS
10
162.2850169999999821
20
-65.6323369999999926
11
162.2862140000000011
21
-65.6324120000000022
0
LINE
8
BLACK
6
CONTINUOUS
10
162.2862140000000011
20
-65.6324120000000022
11
162.2874079999999992
21
-65.6322809999999919
0
LINE
8
BLACK
6
CONTINUOUS
10
162.2874079999999992
20
-65.6322809999999919
11
162.763167999999979
21
-65.6268359999999973
0
LINE
8
BLACK
6
CONTINUOUS
10
162.763167999999979
20
-65.6268359999999973
11
162.7642419999999959
21
-65.6269290000000041
0
LINE
8
BLACK
6
CONTINUOUS
10
162.7642419999999959
20
-65.6269290000000041
11
162.7653219999999976
21
-65.6268340000000023
0
LINE
8
BLACK
6
CONTINUOUS
10
162.7653219999999976
20
-65.6268340000000023
11
163.1068229999999915
21
-65.6302790000000016
0
LINE
8
BLACK
6
CONTINUOUS
10
163.1068229999999915
20
-65.6302790000000016
11
163.1087109999999996
21
-65.6304839999999956
0
LINE
8
BLACK
6
CONTINUOUS
10
163.1087109999999996
20
-65.6304839999999956
11
163.1106049999999925
21
-65.6303889999999939
0
LINE
8
BLACK
6
CONTINUOUS
10
163.1106049999999925
20
-65.6303889999999939
11
163.78800099999998
21
-65.6628729999999905
0
LINE
8
BLACK
6
CONTINUOUS
10
163.78800099999998
20
-65.6628729999999905
11
163.7909099999999967
21
-65.6633009999999899
0
LINE
8
BLACK
6
CONTINUOUS
10
163.7909099999999967
20
-65.6633009999999899
11
163.7938570000000027
21
-65.6633259999999979
0
LINE
8
BLACK
6
CONTINUOUS
10
163.7938570000000027
20
-65.6633259999999979
11
164.4164360000000045
21
-65.7299780000000027
0
LINE
8
BLACK
6
CONTINUOUS
10
164.4164360000000045
20
-65.7299780000000027
11
164.4195609999999874
21
-65.7306269999999984
0
LINE
8
BLACK
6
CONTINUOUS
10
164.4195609999999874
20
-65.7306269999999984
11
164.4227379999999812
21
-65.7308570000000003
0
LINE
8
BLACK
6
CONTINUOUS
10
164.4227379999999812
20
-65.7308570000000003
11
165.0248289999999827
21
-65.834391999999994
0
LINE
8
BLACK
6
CONTINUOUS
10
165.0248289999999827
20
-65.834391999999994
11
165.0271929999999827
21
-65.8350420000000014
0
LINE
8
BLACK
6
CONTINUOUS
10
165.0271929999999827
20
-65.8350420000000014
11
165.0296239999999841
21
-65.835337999999993
0
LINE
8
BLACK
6
CONTINUOUS
10
165.0296239999999841
20
-65.835337999999993
11
165.3338889999999992
21
-65.9031140000000022
0
LINE
8
BLACK
6
CONTINUOUS
10
165.3338889999999992
20
-65.9031140000000022
11
165.3354309999999998
21
-65.9036200000000036
0
LINE
8
BLACK
6
CONTINUOUS
10
165.3354309999999998
20
-65.9036200000000036
11
165.3370319999999936
21
-65.9038680000000028
0
LINE
8
BLACK
6
CONTINUOUS
10
165.3370319999999936
20
-65.9038680000000028
11
165.6439129999999977
21
-65.9827149999999989
0
LINE
8
BLACK
6
CONTINUOUS
10
165.6439129999999977
20
-65.9827149999999989
11
165.6454049999999825
21
-65.9832590000000039
0
LINE
8
BLACK
6
CONTINUOUS
10
165.6454049999999825
20
-65.9832590000000039
11
165.6469749999999976
21
-65.9835530000000006
0
LINE
8
BLACK
6
CONTINUOUS
10
165.6469749999999976
20
-65.9835530000000006
11
165.9693169999999895
21
-66.0773750000000035
0
LINE
8
BLACK
6
CONTINUOUS
10
165.9693169999999895
20
-66.0773750000000035
11
165.9707400000000064
21
-66.0779449999999997
0
LINE
8
BLACK
6
CONTINUOUS
10
165.9707400000000064
20
-66.0779449999999997
11
165.9722390000000019
21
-66.0782739999999933
0
LINE
8
BLACK
6
CONTINUOUS
10
165.9722390000000019
20
-66.0782739999999933
11
166.3012399999999786
21
-66.1850439999999907
0
LINE
8
BLACK
6
CONTINUOUS
10
166.3012399999999786
20
-66.1850439999999907
11
166.3025869999999884
21
-66.1856319999999982
0
LINE
8
BLACK
6
CONTINUOUS
10
166.3025869999999884
20
-66.1856319999999982
11
166.3040120000000002
21
-66.1859889999999922
0
LINE
8
BLACK
6
CONTINUOUS
10
166.3040120000000002
20
-66.1859889999999922
11
166.6637289999999894
21
-66.3144869999999997
0
LINE
8
BLACK
6
CONTINUOUS
10
166.6637289999999894
20
-66.3144869999999997
11
166.6649749999999983
21
-66.3150749999999931
0
LINE
8
BLACK
6
CONTINUOUS
10
166.6649749999999983
20
-66.3150749999999931
11
166.6663010000000043
21
-66.3154459999999943
0
LINE
8
BLACK
6
CONTINUOUS
10
166.6663010000000043
20
-66.3154459999999943
11
167.0381459999999834
21
-66.4599029999999971
0
LINE
8
BLACK
6
CONTINUOUS
10
167.0381459999999834
20
-66.4599029999999971
11
167.039291999999989
21
-66.4604829999999964
0
LINE
8
BLACK
6
CONTINUOUS
10
167.039291999999989
20
-66.4604829999999964
11
167.0405250000000024
21
-66.4608619999999917
0
LINE
8
BLACK
6
CONTINUOUS
10
167.0405250000000024
20
-66.4608619999999917
11
167.4673099999999977
21
-66.6393920000000008
0
LINE
8
BLACK
6
CONTINUOUS
10
167.4673099999999977
20
-66.6393920000000008
11
167.468340999999981
21
-66.6399469999999923
0
LINE
8
BLACK
6
CONTINUOUS
10
167.468340999999981
20
-66.6399469999999923
11
167.4694529999999872
21
-66.6403179999999935
0
LINE
8
BLACK
6
CONTINUOUS
10
167.4694529999999872
20
-66.6403179999999935
11
167.9170149999999921
21
-66.8399369999999919
0
LINE
8
BLACK
6
CONTINUOUS
10
167.9170149999999921
20
-66.8399369999999919
11
167.9179450000000031
21
-66.8404670000000038
0
LINE
8
BLACK
6
CONTINUOUS
10
167.9179450000000031
20
-66.8404670000000038
11
167.9189489999999978
21
-66.8408249999999953
0
LINE
8
BLACK
6
CONTINUOUS
10
167.9189489999999978
20
-66.8408249999999953
11
168.4709809999999948
21
-67.101263000000003
0
LINE
8
BLACK
6
CONTINUOUS
10
168.4709809999999948
20
-67.101263000000003
11
168.4717839999999853
21
-67.101742999999999
0
LINE
8
BLACK
6
CONTINUOUS
10
168.4717839999999853
20
-67.101742999999999
11
168.4726589999999931
21
-67.1020740000000018
0
LINE
8
BLACK
6
CONTINUOUS
10
168.4726589999999931
20
-67.1020740000000018
11
169.0620859999999936
21
-67.3937030000000021
0
LINE
8
BLACK
6
CONTINUOUS
10
169.0620859999999936
20
-67.3937030000000021
11
169.8444219999999802
21
-67.7777619999999956
0
LINE
8
BLACK
6
CONTINUOUS
10
169.8444219999999802
20
-67.7777619999999956
11
170.2981599999999958
21
-67.9736529999999988
0
LINE
8
BLACK
6
CONTINUOUS
10
170.2981599999999958
20
-67.9736529999999988
11
170.6480339999999956
21
-68.091785999999999
0
LINE
8
BLACK
6
CONTINUOUS
10
170.6480339999999956
20
-68.091785999999999
11
170.8072939999999846
21
-68.1316869999999994
0
LINE
8
BLACK
6
CONTINUOUS
10
170.8072939999999846
20
-68.1316869999999994
11
170.9664239999999893
21
-68.1617299999999915
0
LINE
8
BLACK
6
CONTINUOUS
10
170.9664239999999893
20
-68.1617299999999915
11
171.1414429999999811
21
-68.1837099999999907
0
LINE
8
BLACK
6
CONTINUOUS
10
171.1414429999999811
20
-68.1837099999999907
11
171.3238089999999829
21
-68.195613999999992
0
LINE
8
BLACK
6
CONTINUOUS
10
171.3238089999999829
20
-68.195613999999992
11
171.5909469999999999
21
-68.197180000000003
0
LINE
8
BLACK
6
CONTINUOUS
10
171.5909469999999999
20
-68.197180000000003
11
171.8906069999999886
21
-68.1837859999999978
0
LINE
8
BLACK
6
CONTINUOUS
10
171.8906069999999886
20
-68.1837859999999978
11
172.6334839999999815
21
-68.1198289999999957
0
LINE
8
BLACK
6
CONTINUOUS
10
172.6334839999999815
20
-68.1198289999999957
11
174.4027130000000056
21
-67.9454959999999915
0
LINE
8
BLACK
6
CONTINUOUS
10
174.4027130000000056
20
-67.9454959999999915
11
175.5792549999999892
21
-66.4479469999999992
0
LINE
8
BLACK
6
CONTINUOUS
10
175.5792549999999892
20
-66.4479469999999992
11
175.579702999999995
21
-66.4474790000000013
0
LINE
8
BLACK
6
CONTINUOUS
10
175.579702999999995
20
-66.4474790000000013
11
175.5800569999999823
21
-66.4469399999999979
0
LINE
8
BLACK
6
CONTINUOUS
10
175.5800569999999823
20
-66.4469399999999979
11
175.745205999999996
21
-66.2422129999999925
0
LINE
8
BLACK
6
CONTINUOUS
10
175.745205999999996
20
-66.2422129999999925
11
175.746183000000002
21
-66.241219000000001
0
LINE
8
BLACK
6
CONTINUOUS
10
175.746183000000002
20
-66.241219000000001
11
175.7469759999999894
21
-66.2400810000000035
0
LINE
8
BLACK
6
CONTINUOUS
10
175.7469759999999894
20
-66.2400810000000035
11
175.9948479999999904
21
-65.9496559999999903
0
LINE
8
BLACK
6
CONTINUOUS
10
175.9948479999999904
20
-65.9496559999999903
11
175.9958560000000034
21
-65.9486849999999976
0
LINE
8
BLACK
6
CONTINUOUS
10
175.9958560000000034
20
-65.9486849999999976
11
175.9966909999999984
21
-65.9475559999999916
0
LINE
8
BLACK
6
CONTINUOUS
10
175.9966909999999984
20
-65.9475559999999916
11
176.2648149999999987
21
-65.6506219999999985
0
LINE
8
BLACK
6
CONTINUOUS
10
176.2648149999999987
20
-65.6506219999999985
11
176.2657580000000053
21
-65.649762999999993
0
LINE
8
BLACK
6
CONTINUOUS
10
176.2657580000000053
20
-65.649762999999993
11
176.2665409999999895
21
-65.6487589999999983
0
LINE
8
BLACK
6
CONTINUOUS
10
176.2665409999999895
20
-65.6487589999999983
11
176.5738120000000038
21
-65.3253679999999974
0
LINE
8
BLACK
6
CONTINUOUS
10
176.5738120000000038
20
-65.3253679999999974
11
176.5747010000000046
21
-65.3245989999999921
0
LINE
8
BLACK
6
CONTINUOUS
10
176.5747010000000046
20
-65.3245989999999921
11
176.5754509999999868
21
-65.3236819999999909
0
LINE
8
BLACK
6
CONTINUOUS
10
176.5754509999999868
20
-65.3236819999999909
11
176.899799999999999
21
-64.9980099999999936
0
LINE
8
BLACK
6
CONTINUOUS
10
176.899799999999999
20
-64.9980099999999936
11
176.9006499999999846
21
-64.9973090000000013
0
LINE
8
BLACK
6
CONTINUOUS
10
176.9006499999999846
20
-64.9973090000000013
11
176.9013649999999984
21
-64.9964729999999946
0
LINE
8
BLACK
6
CONTINUOUS
10
176.9013649999999984
20
-64.9964729999999946
11
177.2532400000000052
21
-64.6583380000000005
0
LINE
8
BLACK
6
CONTINUOUS
10
177.2532400000000052
20
-64.6583380000000005
11
177.2540659999999946
21
-64.6576859999999982
0
LINE
8
BLACK
6
CONTINUOUS
10
177.2540659999999946
20
-64.6576859999999982
11
177.2547689999999818
21
-64.6568989999999957
0
LINE
8
BLACK
6
CONTINUOUS
10
177.2547689999999818
20
-64.6568989999999957
11
177.6179799999999886
21
-64.3222489999999993
0
LINE
8
BLACK
6
CONTINUOUS
10
177.6179799999999886
20
-64.3222489999999993
11
177.6191890000000058
21
-64.3213360000000023
0
LINE
8
BLACK
6
CONTINUOUS
10
177.6191890000000058
20
-64.3213360000000023
11
177.6202349999999797
21
-64.3202330000000018
0
LINE
8
BLACK
6
CONTINUOUS
10
177.6202349999999797
20
-64.3202330000000018
11
178.3678699999999822
21
-63.672075999999997
0
LINE
8
BLACK
6
CONTINUOUS
10
178.3678699999999822
20
-63.672075999999997
11
178.3695189999999968
21
-63.6709069999999997
0
LINE
8
BLACK
6
CONTINUOUS
10
178.3695189999999968
20
-63.6709069999999997
11
178.3709719999999948
21
-63.6694940000000003
0
LINE
8
BLACK
6
CONTINUOUS
10
178.3709719999999948
20
-63.6694940000000003
11
179.0952739999999892
21
-63.0910619999999938
0
LINE
8
BLACK
6
CONTINUOUS
10
179.0952739999999892
20
-63.0910619999999938
11
179.0970869999999877
21
-63.0898849999999953
0
LINE
8
BLACK
6
CONTINUOUS
10
179.0970869999999877
20
-63.0898849999999953
11
179.0987010000000055
21
-63.0884439999999955
0
LINE
8
BLACK
6
CONTINUOUS
10
179.0987010000000055
20
-63.0884439999999955
11
179.7546399999999949
21
-62.6094299999999961
0
LINE
8
BLACK
6
CONTINUOUS
10
179.7546399999999949
20
-62.6094299999999961
11
179.7567689999999914
21
-62.6081749999999957
0
LINE
8
BLACK
6
CONTINUOUS
10
179.7567689999999914
20
-62.6081749999999957
11
179.7586989999999787
21
-62.6066159999999954
0
LINE
8
BLACK
6
CONTINUOUS
10
179.7586989999999787
20
-62.6066159999999954
11
180.3201889999999992
21
-62.2376539999999991
0
LINE
8
BLACK
6
CONTINUOUS
10
180.3201889999999992
20
-62.2376539999999991
11
180.3228550000000041
21
-62.2362539999999953
0
LINE
8
BLACK
6
CONTINUOUS
10
180.3228550000000041
20
-62.2362539999999953
11
180.3253039999999885
21
-62.2345089999999956
0
LINE
8
BLACK
6
CONTINUOUS
10
180.3253039999999885
20
-62.2345089999999956
11
180.7842789999999979
21
-61.9709259999999986
0
LINE
8
BLACK
6
CONTINUOUS
10
180.7842789999999979
20
-61.9709259999999986
11
180.7877869999999803
21
-61.969344999999997
0
LINE
8
BLACK
6
CONTINUOUS
10
180.7877869999999803
20
-61.969344999999997
11
180.7910809999999913
21
-61.9673599999999993
0
LINE
8
BLACK
6
CONTINUOUS
10
180.7910809999999913
20
-61.9673599999999993
11
181.1521909999999878
21
-61.7953729999999979
0
LINE
8
BLACK
6
CONTINUOUS
10
181.1521909999999878
20
-61.7953729999999979
11
181.1545919999999796
21
-61.7945059999999984
0
LINE
8
BLACK
6
CONTINUOUS
10
181.1545919999999796
20
-61.7945059999999984
11
181.1568469999999991
21
-61.7932989999999975
0
LINE
8
BLACK
6
CONTINUOUS
10
181.1568469999999991
20
-61.7932989999999975
11
181.1774199999999837
21
-61.7847579999999965
0
LINE
8
BLACK
6
CONTINUOUS
10
181.1774199999999837
20
-61.7847579999999965
11
181.1786319999999932
21
-61.7843889999999973
0
LINE
8
BLACK
6
CONTINUOUS
10
181.1786319999999932
20
-61.7843889999999973
11
181.1797629999999799
21
-61.7838199999999986
0
LINE
8
BLACK
6
CONTINUOUS
10
181.1797629999999799
20
-61.7838199999999986
11
181.3904679999999985
21
-61.7025140000000007
0
LINE
8
BLACK
6
CONTINUOUS
10
181.3904679999999985
20
-61.7025140000000007
11
181.3926610000000039
21
-61.7019059999999939
0
LINE
8
BLACK
6
CONTINUOUS
10
181.3926610000000039
20
-61.7019059999999939
11
181.3947349999999972
21
-61.7009779999999992
0
LINE
8
BLACK
6
CONTINUOUS
10
181.3947349999999972
20
-61.7009779999999992
11
181.6077829999999835
21
-61.6296859999999995
0
LINE
8
BLACK
6
CONTINUOUS
10
181.6077829999999835
20
-61.6296859999999995
11
181.6099769999999864
21
-61.6291839999999951
0
LINE
8
BLACK
6
CONTINUOUS
10
181.6099769999999864
20
-61.6291839999999951
11
181.6120799999999917
21
-61.6283539999999945
0
LINE
8
BLACK
6
CONTINUOUS
10
181.6120799999999917
20
-61.6283539999999945
11
181.8299710000000005
21
-61.5661889999999943
0
LINE
8
BLACK
6
CONTINUOUS
10
181.8299710000000005
20
-61.5661889999999943
11
181.8321849999999813
21
-61.5657859999999957
0
LINE
8
BLACK
6
CONTINUOUS
10
181.8321849999999813
20
-61.5657859999999957
11
181.8343129999999803
21
-61.5650549999999939
0
LINE
8
BLACK
6
CONTINUOUS
10
181.8343129999999803
20
-61.5650549999999939
11
182.0530029999999897
21
-61.513149999999996
0
LINE
8
BLACK
6
CONTINUOUS
10
182.0530029999999897
20
-61.513149999999996
11
182.0552299999999946
21
-61.5128470000000007
0
LINE
8
BLACK
6
CONTINUOUS
10
182.0552299999999946
20
-61.5128470000000007
11
182.0573859999999797
21
-61.5122129999999956
0
LINE
8
BLACK
6
CONTINUOUS
10
182.0573859999999797
20
-61.5122129999999956
11
182.2772109999999941
21
-61.4703439999999972
0
LINE
8
BLACK
6
CONTINUOUS
10
182.2772109999999941
20
-61.4703439999999972
11
182.2794609999999977
21
-61.4701400000000007
0
LINE
8
BLACK
6
CONTINUOUS
10
182.2794609999999977
20
-61.4701400000000007
11
182.2816550000000007
21
-61.4696009999999973
0
LINE
8
BLACK
6
CONTINUOUS
10
182.2816550000000007
20
-61.4696009999999973
11
182.5006389999999783
21
-61.4380389999999963
0
LINE
8
BLACK
6
CONTINUOUS
10
182.5006389999999783
20
-61.4380389999999963
11
182.5040520000000015
21
-61.4378849999999943
0
LINE
8
BLACK
6
CONTINUOUS
10
182.5040520000000015
20
-61.4378849999999943
11
182.5074170000000038
21
-61.4372969999999938
0
LINE
8
BLACK
6
CONTINUOUS
10
182.5074170000000038
20
-61.4372969999999938
11
182.9371150000000057
21
-61.405034999999998
0
LINE
8
BLACK
6
CONTINUOUS
10
182.9371150000000057
20
-61.405034999999998
11
182.9417939999999874
21
-61.4051429999999954
0
LINE
8
BLACK
6
CONTINUOUS
10
182.9417939999999874
20
-61.4051429999999954
11
182.9464710000000025
21
-61.4047709999999967
0
LINE
8
BLACK
6
CONTINUOUS
10
182.9464710000000025
20
-61.4047709999999967
11
183.3562509999999861
21
-61.412430999999998
0
LINE
8
BLACK
6
CONTINUOUS
10
183.3562509999999861
20
-61.412430999999998
11
183.3611369999999852
21
-61.4130039999999937
0
LINE
8
BLACK
6
CONTINUOUS
10
183.3611369999999852
20
-61.4130039999999937
11
183.3660500000000013
21
-61.4130970000000005
0
LINE
8
BLACK
6
CONTINUOUS
10
183.3660500000000013
20
-61.4130970000000005
11
183.746848
21
-61.4578339999999983
0
LINE
8
BLACK
6
CONTINUOUS
10
183.746848
20
-61.4578339999999983
11
183.7519769999999824
21
-61.4589539999999985
0
LINE
8
BLACK
6
CONTINUOUS
10
183.7519769999999824
20
-61.4589539999999985
11
183.7571779999999819
21
-61.4596009999999993
0
LINE
8
BLACK
6
CONTINUOUS
10
183.7571779999999819
20
-61.4596009999999993
11
184.1024559999999894
21
-61.5374629999999954
0
LINE
8
BLACK
6
CONTINUOUS
10
184.1024559999999894
20
-61.5374629999999954
11
184.1078389999999843
21
-61.5392459999999986
0
LINE
8
BLACK
6
CONTINUOUS
10
184.1078389999999843
20
-61.5392459999999986
11
184.1133539999999869
21
-61.5405789999999939
0
LINE
8
BLACK
6
CONTINUOUS
10
184.1133539999999869
20
-61.5405789999999939
11
184.4193159999999807
21
-61.6471589999999949
0
LINE
8
BLACK
6
CONTINUOUS
10
184.4193159999999807
20
-61.6471589999999949
11
184.4249269999999967
21
-61.649754999999999
0
LINE
8
BLACK
6
CONTINUOUS
10
184.4249269999999967
20
-61.649754999999999
11
184.4307159999999897
21
-61.6519389999999987
0
LINE
8
BLACK
6
CONTINUOUS
10
184.4307159999999897
20
-61.6519389999999987
11
184.6960029999999904
21
-61.7830099999999973
0
LINE
8
BLACK
6
CONTINUOUS
10
184.6960029999999904
20
-61.7830099999999973
11
184.7017309999999952
21
-61.7865769999999941
0
LINE
8
BLACK
6
CONTINUOUS
10
184.7017309999999952
20
-61.7865769999999941
11
184.7076809999999796
21
-61.7897970000000001
0
LINE
8
BLACK
6
CONTINUOUS
10
184.7076809999999796
20
-61.7897970000000001
11
184.9327380000000005
21
-61.9418170000000003
0
LINE
8
BLACK
6
CONTINUOUS
10
184.9327380000000005
20
-61.9418170000000003
11
184.9355549999999937
21
-61.944153
0
LINE
8
BLACK
6
CONTINUOUS
10
184.9355549999999937
20
-61.944153
11
184.9386419999999873
21
-61.9461269999999971
0
LINE
8
BLACK
6
CONTINUOUS
10
184.9386419999999873
20
-61.9461269999999971
11
184.9445189999999855
21
-61.9507569999999959
0
LINE
8
BLACK
6
CONTINUOUS
10
184.9445189999999855
20
-61.9507569999999959
11
184.9453560000000039
21
-61.9515609999999981
0
LINE
8
BLACK
6
CONTINUOUS
10
184.9453560000000039
20
-61.9515609999999981
11
184.9463250000000016
21
-61.9522130000000004
0
LINE
8
BLACK
6
CONTINUOUS
10
184.9463250000000016
20
-61.9522130000000004
11
185.1352990000000034
21
-62.1083009999999973
0
LINE
8
BLACK
6
CONTINUOUS
10
185.1352990000000034
20
-62.1083009999999973
11
185.1367879999999957
21
-62.1097989999999953
0
LINE
8
BLACK
6
CONTINUOUS
10
185.1367879999999957
20
-62.1097989999999953
11
185.1384929999999827
21
-62.1110539999999958
0
LINE
8
BLACK
6
CONTINUOUS
10
185.1384929999999827
20
-62.1110539999999958
11
185.3268620000000055
21
-62.2804989999999989
0
LINE
8
BLACK
6
CONTINUOUS
10
185.3268620000000055
20
-62.2804989999999989
11
185.3282039999999995
21
-62.2819689999999966
0
LINE
8
BLACK
6
CONTINUOUS
10
185.3282039999999995
20
-62.2819689999999966
11
185.3297649999999805
21
-62.2832159999999959
0
LINE
8
BLACK
6
CONTINUOUS
10
185.3297649999999805
20
-62.2832159999999959
11
185.5265529999999785
21
-62.4749279999999985
0
LINE
8
BLACK
6
CONTINUOUS
10
185.5265529999999785
20
-62.4749279999999985
11
185.527764999999988
21
-62.4763669999999962
0
LINE
8
BLACK
6
CONTINUOUS
10
185.527764999999988
20
-62.4763669999999962
11
185.5291929999999923
21
-62.4775980000000004
0
LINE
8
BLACK
6
CONTINUOUS
10
185.5291929999999923
20
-62.4775980000000004
11
185.7248179999999991
21
-62.6830449999999999
0
LINE
8
BLACK
6
CONTINUOUS
10
185.7248179999999991
20
-62.6830449999999999
11
185.7259129999999914
21
-62.6844479999999962
0
LINE
8
BLACK
6
CONTINUOUS
10
185.7259129999999914
20
-62.6844479999999962
11
185.7272179999999935
21
-62.6856569999999991
0
LINE
8
BLACK
6
CONTINUOUS
10
185.7272179999999935
20
-62.6856569999999991
11
185.9302299999999946
21
-62.9146039999999971
0
LINE
8
BLACK
6
CONTINUOUS
10
185.9302299999999946
20
-62.9146039999999971
11
185.9312180000000012
21
-62.9159669999999949
0
LINE
8
BLACK
6
CONTINUOUS
10
185.9312180000000012
20
-62.9159669999999949
11
185.9324179999999842
21
-62.9171559999999985
0
LINE
8
BLACK
6
CONTINUOUS
10
185.9324179999999842
20
-62.9171559999999985
11
186.1335929999999905
21
-63.1600029999999961
0
LINE
8
BLACK
6
CONTINUOUS
10
186.1335929999999905
20
-63.1600029999999961
11
186.1344880000000046
21
-63.1613289999999949
0
LINE
8
BLACK
6
CONTINUOUS
10
186.1344880000000046
20
-63.1613289999999949
11
186.1355869999999868
21
-63.1624899999999982
0
LINE
8
BLACK
6
CONTINUOUS
10
186.1355869999999868
20
-63.1624899999999982
11
186.3426099999999792
21
-63.4292699999999954
0
LINE
8
BLACK
6
CONTINUOUS
10
186.3426099999999792
20
-63.4292699999999954
11
186.3434220000000039
21
-63.4305599999999998
0
LINE
8
BLACK
6
CONTINUOUS
10
186.3434220000000039
20
-63.4305599999999998
11
186.3444329999999809
21
-63.4316949999999977
0
LINE
8
BLACK
6
CONTINUOUS
10
186.3444329999999809
20
-63.4316949999999977
11
186.5488269999999886
21
-63.712260999999998
0
LINE
8
BLACK
6
CONTINUOUS
10
186.5488269999999886
20
-63.712260999999998
11
186.5495599999999854
21
-63.7135089999999948
0
LINE
8
BLACK
6
CONTINUOUS
10
186.5495599999999854
20
-63.7135089999999948
11
186.5504959999999812
21
-63.7146219999999985
0
LINE
8
BLACK
6
CONTINUOUS
10
186.5504959999999812
20
-63.7146219999999985
11
186.758734000000004
21
-64.0185539999999946
0
LINE
8
BLACK
6
CONTINUOUS
10
186.758734000000004
20
-64.0185539999999946
11
186.7594029999999918
21
-64.0197709999999915
0
LINE
8
BLACK
6
CONTINUOUS
10
186.7594029999999918
20
-64.0197709999999915
11
186.7602660000000014
21
-64.020858000000004
0
LINE
8
BLACK
6
CONTINUOUS
10
186.7602660000000014
20
-64.020858000000004
11
186.964981999999992
21
-64.3381349999999941
0
LINE
8
BLACK
6
CONTINUOUS
10
186.964981999999992
20
-64.3381349999999941
11
186.9655909999999892
21
-64.3393200000000007
0
LINE
8
BLACK
6
CONTINUOUS
10
186.9655909999999892
20
-64.3393200000000007
11
186.9663909999999873
21
-64.3403840000000002
0
LINE
8
BLACK
6
CONTINUOUS
10
186.9663909999999873
20
-64.3403840000000002
11
187.1725679999999841
21
-64.6793389999999988
0
LINE
8
BLACK
6
CONTINUOUS
10
187.1725679999999841
20
-64.6793389999999988
11
187.1731230000000039
21
-64.6804939999999959
0
LINE
8
BLACK
6
CONTINUOUS
10
187.1731230000000039
20
-64.6804939999999959
11
187.1738679999999988
21
-64.6815390000000008
0
LINE
8
BLACK
6
CONTINUOUS
10
187.1738679999999988
20
-64.6815390000000008
11
187.3755589999999813
21
-65.0330500000000029
0
LINE
8
BLACK
6
CONTINUOUS
10
187.3755589999999813
20
-65.0330500000000029
11
187.3760669999999777
21
-65.0341810000000038
0
LINE
8
BLACK
6
CONTINUOUS
10
187.3760669999999777
20
-65.0341810000000038
11
187.3767599999999902
21
-65.0352049999999906
0
LINE
8
BLACK
6
CONTINUOUS
10
187.3767599999999902
20
-65.0352049999999906
11
187.5773010000000056
21
-65.4055850000000021
0
LINE
8
BLACK
6
CONTINUOUS
10
187.5773010000000056
20
-65.4055850000000021
11
187.5777659999999969
21
-65.406690999999995
0
LINE
8
BLACK
6
CONTINUOUS
10
187.5777659999999969
20
-65.406690999999995
11
187.5784160000000043
21
-65.4077039999999954
0
LINE
8
BLACK
6
CONTINUOUS
10
187.5784160000000043
20
-65.4077039999999954
11
187.7734769999999855
21
-65.7895180000000011
0
LINE
8
BLACK
6
CONTINUOUS
10
187.7734769999999855
20
-65.7895180000000011
11
187.7739039999999875
21
-65.7906059999999968
0
LINE
8
BLACK
6
CONTINUOUS
10
187.7739039999999875
20
-65.7906059999999968
11
187.7745109999999897
21
-65.7916019999999975
0
LINE
8
BLACK
6
CONTINUOUS
10
187.7745109999999897
20
-65.7916019999999975
11
187.9657709999999895
21
-66.1885089999999963
0
LINE
8
BLACK
6
CONTINUOUS
10
187.9657709999999895
20
-66.1885089999999963
11
187.9661619999999971
21
-66.1895779999999974
0
LINE
8
BLACK
6
CONTINUOUS
10
187.9661619999999971
20
-66.1895779999999974
11
187.9667349999999999
21
-66.190567999999999
0
LINE
8
BLACK
6
CONTINUOUS
10
187.9667349999999999
20
-66.190567999999999
11
188.1515399999999829
21
-66.5974930000000001
0
LINE
8
BLACK
6
CONTINUOUS
10
188.1515399999999829
20
-66.5974930000000001
11
188.151898999999986
21
-66.5985479999999939
0
LINE
8
BLACK
6
CONTINUOUS
10
188.151898999999986
20
-66.5985479999999939
11
188.1524389999999869
21
-66.5995309999999989
0
LINE
8
BLACK
6
CONTINUOUS
10
188.1524389999999869
20
-66.5995309999999989
11
188.3309579999999812
21
-67.0170719999999989
0
LINE
8
BLACK
6
CONTINUOUS
10
188.3309579999999812
20
-67.0170719999999989
11
188.3312889999999982
21
-67.0181219999999911
0
LINE
8
BLACK
6
CONTINUOUS
10
188.3312889999999982
20
-67.0181219999999911
11
188.331797999999992
21
-67.0190979999999996
0
LINE
8
BLACK
6
CONTINUOUS
10
188.331797999999992
20
-67.0190979999999996
11
188.5029539999999884
21
-67.4450319999999977
0
LINE
8
BLACK
6
CONTINUOUS
10
188.5029539999999884
20
-67.4450319999999977
11
188.5034100000000024
21
-67.4465959999999995
0
LINE
8
BLACK
6
CONTINUOUS
10
188.5034100000000024
20
-67.4465959999999995
11
188.5041129999999896
21
-67.4480590000000007
0
LINE
8
BLACK
6
CONTINUOUS
10
188.5041129999999896
20
-67.4480590000000007
11
188.8214069999999936
21
-68.3181689999999975
0
LINE
8
BLACK
6
CONTINUOUS
10
188.8214069999999936
20
-68.3181689999999975
11
188.8219389999999862
21
-68.3202419999999933
0
LINE
8
BLACK
6
CONTINUOUS
10
188.8219389999999862
20
-68.3202419999999933
11
188.8227839999999844
21
-68.3222109999999958
0
LINE
8
BLACK
6
CONTINUOUS
10
188.8227839999999844
20
-68.3222109999999958
11
189.1028859999999838
21
-69.2058579999999921
0
LINE
8
BLACK
6
CONTINUOUS
10
189.1028859999999838
20
-69.2058579999999921
11
189.1033290000000022
21
-69.2079499999999967
0
LINE
8
BLACK
6
CONTINUOUS
10
189.1033290000000022
20
-69.2079499999999967
11
189.1040879999999902
21
-69.2099510000000038
0
LINE
8
BLACK
6
CONTINUOUS
10
189.1040879999999902
20
-69.2099510000000038
11
189.3435409999999877
21
-70.0947529999999972
0
LINE
8
BLACK
6
CONTINUOUS
10
189.3435409999999877
20
-70.0947529999999972
11
189.3438989999999933
21
-70.0968879999999928
0
LINE
8
BLACK
6
CONTINUOUS
10
189.3438989999999933
20
-70.0968879999999928
11
189.3445779999999843
21
-70.0989419999999939
0
LINE
8
BLACK
6
CONTINUOUS
10
189.3445779999999843
20
-70.0989419999999939
11
189.5412680000000023
21
-70.9738399999999956
0
LINE
8
BLACK
6
CONTINUOUS
10
189.5412680000000023
20
-70.9738399999999956
11
189.5413339999999778
21
-70.9743759999999924
0
LINE
8
BLACK
6
CONTINUOUS
10
189.5413339999999778
20
-70.9743759999999924
11
189.5414969999999926
21
-70.9748869999999954
0
LINE
8
BLACK
6
CONTINUOUS
10
189.5414969999999926
20
-70.9748869999999954
11
189.7015769999999861
21
-71.7243989999999911
0
LINE
8
BLACK
6
CONTINUOUS
10
189.7015769999999861
20
-71.7243989999999911
11
189.8552899999999966
21
-72.3287770000000023
0
LINE
8
BLACK
6
CONTINUOUS
10
189.8552899999999966
20
-72.3287770000000023
11
189.9916629999999884
21
-72.7463750000000005
0
LINE
8
BLACK
6
CONTINUOUS
10
189.9916629999999884
20
-72.7463750000000005
11
190.1273099999999943
21
-73.0585449999999952
0
LINE
8
BLACK
6
CONTINUOUS
10
190.1273099999999943
20
-73.0585449999999952
11
190.1980259999999987
21
-73.1883859999999942
0
LINE
8
BLACK
6
CONTINUOUS
10
190.1980259999999987
20
-73.1883859999999942
11
190.2738569999999925
21
-73.3081529999999901
0
LINE
8
BLACK
6
CONTINUOUS
10
190.2738569999999925
20
-73.3081529999999901
11
190.3604139999999916
21
-73.425690000000003
0
LINE
8
BLACK
6
CONTINUOUS
10
190.3604139999999916
20
-73.425690000000003
11
190.454228999999998
21
-73.5357619999999912
0
LINE
8
BLACK
6
CONTINUOUS
10
190.454228999999998
20
-73.5357619999999912
11
190.5818649999999934
21
-73.6653089999999935
0
LINE
8
BLACK
6
CONTINUOUS
10
190.5818649999999934
20
-73.6653089999999935
11
190.7266379999999799
21
-73.7940159999999992
0
LINE
8
BLACK
6
CONTINUOUS
10
190.7266379999999799
20
-73.7940159999999992
11
190.7606229999999812
21
-73.8237960000000015
0
LINE
8
BLACK
6
CONTINUOUS
10
190.7606229999999812
20
-73.8237960000000015
11
190.7628880000000038
21
-73.8262129999999956
0
LINE
8
BLACK
6
CONTINUOUS
10
190.7628880000000038
20
-73.8262129999999956
11
190.7654449999999997
21
-73.8283119999999968
0
LINE
8
BLACK
6
CONTINUOUS
10
190.7654449999999997
20
-73.8283119999999968
11
190.8838049999999953
21
-73.9467269999999957
0
LINE
8
BLACK
6
CONTINUOUS
10
190.8838049999999953
20
-73.9467269999999957
11
190.8859609999999805
21
-73.9493549999999971
0
LINE
8
BLACK
6
CONTINUOUS
10
190.8859609999999805
20
-73.9493549999999971
11
190.8884290000000021
21
-73.9516789999999986
0
LINE
8
BLACK
6
CONTINUOUS
10
190.8884290000000021
20
-73.9516789999999986
11
191.0213749999999777
21
-74.1040589999999924
0
LINE
8
BLACK
6
CONTINUOUS
10
191.0213749999999777
20
-74.1040589999999924
11
191.0228170000000034
21
-74.1060829999999982
0
LINE
8
BLACK
6
CONTINUOUS
10
191.0228170000000034
20
-74.1060829999999982
11
191.0245449999999892
21
-74.1078789999999969
0
LINE
8
BLACK
6
CONTINUOUS
10
191.0245449999999892
20
-74.1078789999999969
11
191.1971159999999941
21
-74.3267110000000031
0
LINE
8
BLACK
6
CONTINUOUS
10
191.1971159999999941
20
-74.3267110000000031
11
191.1981659999999863
21
-74.3283500000000004
0
LINE
8
BLACK
6
CONTINUOUS
10
191.1981659999999863
20
-74.3283500000000004
11
191.1994589999999903
21
-74.3298039999999958
0
LINE
8
BLACK
6
CONTINUOUS
10
191.1994589999999903
20
-74.3298039999999958
11
191.3855109999999797
21
-74.5855469999999912
0
LINE
8
BLACK
6
CONTINUOUS
10
191.3855109999999797
20
-74.5855469999999912
11
191.3863039999999955
21
-74.5868990000000025
0
LINE
8
BLACK
6
CONTINUOUS
10
191.3863039999999955
20
-74.5868990000000025
11
191.3873099999999852
21
-74.5881029999999896
0
LINE
8
BLACK
6
CONTINUOUS
10
191.3873099999999852
20
-74.5881029999999896
11
191.598559999999992
21
-74.8984250000000031
0
LINE
8
BLACK
6
CONTINUOUS
10
191.598559999999992
20
-74.8984250000000031
11
191.5992090000000019
21
-74.8996139999999997
0
LINE
8
BLACK
6
CONTINUOUS
10
191.5992090000000019
20
-74.8996139999999997
11
191.6000520000000051
21
-74.9006809999999916
0
LINE
8
BLACK
6
CONTINUOUS
10
191.6000520000000051
20
-74.9006809999999916
11
191.8180349999999805
21
-75.2402879999999925
0
LINE
8
BLACK
6
CONTINUOUS
10
191.8180349999999805
20
-75.2402879999999925
11
191.8188490000000002
21
-75.2418809999999922
0
LINE
8
BLACK
6
CONTINUOUS
10
191.8188490000000002
20
-75.2418809999999922
11
191.8199060000000031
21
-75.2433209999999946
0
LINE
8
BLACK
6
CONTINUOUS
10
191.8199060000000031
20
-75.2433209999999946
11
192.2528590000000008
21
-75.973866000000001
0
LINE
8
BLACK
6
CONTINUOUS
10
192.2528590000000008
20
-75.973866000000001
11
192.2538119999999822
21
-75.9759069999999923
0
LINE
8
BLACK
6
CONTINUOUS
10
192.2538119999999822
20
-75.9759069999999923
11
192.255061999999981
21
-75.9777809999999931
0
LINE
8
BLACK
6
CONTINUOUS
10
192.255061999999981
20
-75.9777809999999931
11
192.633862999999991
21
-76.6878399999999942
0
LINE
8
BLACK
6
CONTINUOUS
10
192.633862999999991
20
-76.6878399999999942
11
192.6342829999999822
21
-76.6888569999999987
0
LINE
8
BLACK
6
CONTINUOUS
10
192.6342829999999822
20
-76.6888569999999987
11
192.6348769999999888
21
-76.6897909999999996
0
LINE
8
BLACK
6
CONTINUOUS
10
192.6348769999999888
20
-76.6897909999999996
11
193.6445190000000025
21
-78.6868879999999962
0
LINE
8
BLACK
6
CONTINUOUS
10
193.6445190000000025
20
-78.6868879999999962
11
193.7718160000000012
21
-78.9229249999999922
0
LINE
8
BLACK
6
CONTINUOUS
10
193.7718160000000012
20
-78.9229249999999922
11
193.8957479999999975
21
-79.1361769999999893
0
LINE
8
BLACK
6
CONTINUOUS
10
193.8957479999999975
20
-79.1361769999999893
11
193.8958459999999775
21
-79.1363929999999982
0
LINE
8
BLACK
6
CONTINUOUS
10
193.8958459999999775
20
-79.1363929999999982
11
193.895986999999991
21
-79.1365899999999982
0
LINE
8
BLACK
6
CONTINUOUS
10
193.895986999999991
20
-79.1365899999999982
11
194.0305060000000026
21
-79.3706219999999973
0
LINE
8
BLACK
6
CONTINUOUS
10
194.0305060000000026
20
-79.3706219999999973
11
194.032133999999985
21
-79.3742349999999988
0
LINE
8
BLACK
6
CONTINUOUS
10
194.032133999999985
20
-79.3742349999999988
11
194.0341729999999814
21
-79.3776299999999964
0
LINE
8
BLACK
6
CONTINUOUS
10
194.0341729999999814
20
-79.3776299999999964
11
194.1213009999999883
21
-79.5614800000000031
0
LINE
8
BLACK
6
CONTINUOUS
10
194.1213009999999883
20
-79.5614800000000031
11
194.1213039999999808
21
-79.561483999999993
0
LINE
8
BLACK
6
CONTINUOUS
10
194.1213039999999808
20
-79.561483999999993
11
194.1213060000000041
21
-79.5614909999999895
0
LINE
8
BLACK
6
CONTINUOUS
10
194.1213060000000041
20
-79.5614909999999895
11
194.121341000000001
21
-79.56156399999999
0
LINE
8
BLACK
6
CONTINUOUS
10
194.121341000000001
20
-79.56156399999999
11
194.1245830000000012
21
-79.570604000000003
0
LINE
8
BLACK
6
CONTINUOUS
10
194.1245830000000012
20
-79.570604000000003
11
194.1279380000000003
21
-79.579931000000002
0
LINE
8
BLACK
6
CONTINUOUS
10
194.1279380000000003
20
-79.579931000000002
11
194.1279579999999783
21
-79.5800100000000015
0
LINE
8
BLACK
6
CONTINUOUS
10
194.1279579999999783
20
-79.5800100000000015
11
194.1279600000000016
21
-79.5800160000000005
0
LINE
8
BLACK
6
CONTINUOUS
10
194.1279600000000016
20
-79.5800160000000005
11
194.1279600000000016
21
-79.5800179999999955
0
LINE
8
BLACK
6
CONTINUOUS
10
194.1279600000000016
20
-79.5800179999999955
11
194.1575019999999938
21
-79.6971329999999938
0
LINE
8
BLACK
6
CONTINUOUS
10
194.1575019999999938
20
-79.6971329999999938
11
194.1586499999999944
21
-79.7047869999999961
0
LINE
8
BLACK
6
CONTINUOUS
10
194.1586499999999944
20
-79.7047869999999961
11
194.1601149999999905
21
-79.71238799999999
0
LINE
8
BLACK
6
CONTINUOUS
10
194.1601149999999905
20
-79.71238799999999
11
194.5315179999999771
21
-83.730361000000002
0
LINE
8
BLACK
6
CONTINUOUS
10
194.5315179999999771
20
-83.730361000000002
11
194.5314379999999801
21
-83.7435869999999909
0
LINE
8
BLACK
6
CONTINUOUS
10
194.5314379999999801
20
-83.7435869999999909
11
194.5317440000000033
21
-83.7458659999999924
0
LINE
8
BLACK
6
CONTINUOUS
10
194.5317440000000033
20
-83.7458659999999924
11
194.5314119999999889
21
-83.7479039999999912
0
LINE
8
BLACK
6
CONTINUOUS
10
194.5314119999999889
20
-83.7479039999999912
11
194.5313999999999908
21
-83.7499639999999914
0
LINE
8
BLACK
6
CONTINUOUS
10
194.5313999999999908
20
-83.7499639999999914
11
194.5307200000000023
21
-83.7521559999999994
0
LINE
8
BLACK
6
CONTINUOUS
10
194.5307200000000023
20
-83.7521559999999994
11
194.5285959999999932
21
-83.7652149999999978
0
LINE
8
BLACK
6
CONTINUOUS
10
194.5285959999999932
20
-83.7652149999999978
11
194.4241089999999872
21
-84.1589539999999943
0
LINE
8
BLACK
6
CONTINUOUS
10
194.4241089999999872
20
-84.1589539999999943
11
194.4235749999999996
21
-84.1603819999999985
0
LINE
8
BLACK
6
CONTINUOUS
10
194.4235749999999996
20
-84.1603819999999985
11
194.4232869999999878
21
-84.1618689999999958
0
LINE
8
BLACK
6
CONTINUOUS
10
194.4232869999999878
20
-84.1618689999999958
11
194.3258170000000007
21
-84.488868999999994
0
LINE
8
BLACK
6
CONTINUOUS
10
194.3258170000000007
20
-84.488868999999994
11
194.3252289999999789
21
-84.4903059999999897
0
LINE
8
BLACK
6
CONTINUOUS
10
194.3252289999999789
20
-84.4903059999999897
11
194.3248869999999897
21
-84.4918219999999991
0
LINE
8
BLACK
6
CONTINUOUS
10
194.3248869999999897
20
-84.4918219999999991
11
194.225625999999977
21
-84.7907000000000011
0
LINE
8
BLACK
6
CONTINUOUS
10
194.225625999999977
20
-84.7907000000000011
11
194.2249429999999961
21
-84.792232999999996
0
LINE
8
BLACK
6
CONTINUOUS
10
194.2249429999999961
20
-84.792232999999996
11
194.2245179999999891
21
-84.7938589999999976
0
LINE
8
BLACK
6
CONTINUOUS
10
194.2245179999999891
20
-84.7938589999999976
11
194.1212840000000028
21
-85.0730779999999953
0
LINE
8
BLACK
6
CONTINUOUS
10
194.1212840000000028
20
-85.0730779999999953
11
194.120490999999987
21
-85.0747080000000011
0
LINE
8
BLACK
6
CONTINUOUS
10
194.120490999999987
20
-85.0747080000000011
11
194.11997199999999
21
-85.0764369999999985
0
LINE
8
BLACK
6
CONTINUOUS
10
194.11997199999999
20
-85.0764369999999985
11
194.0158249999999782
21
-85.3296599999999899
0
LINE
8
BLACK
6
CONTINUOUS
10
194.0158249999999782
20
-85.3296599999999899
11
194.0149059999999963
21
-85.3313879999999898
0
LINE
8
BLACK
6
CONTINUOUS
10
194.0149059999999963
20
-85.3313879999999898
11
194.0142709999999795
21
-85.3332379999999944
0
LINE
8
BLACK
6
CONTINUOUS
10
194.0142709999999795
20
-85.3332379999999944
11
193.9044889999999839
21
-85.5731119999999947
0
LINE
8
BLACK
6
CONTINUOUS
10
193.9044889999999839
20
-85.5731119999999947
11
193.9034350000000018
21
-85.5749199999999917
0
LINE
8
BLACK
6
CONTINUOUS
10
193.9034350000000018
20
-85.5749199999999917
11
193.9026700000000005
21
-85.5768779999999936
0
LINE
8
BLACK
6
CONTINUOUS
10
193.9026700000000005
20
-85.5768779999999936
11
193.792995999999988
21
-85.792232999999996
0
LINE
8
BLACK
6
CONTINUOUS
10
193.792995999999988
20
-85.792232999999996
11
193.7917709999999829
21
-85.7941459999999978
0
LINE
8
BLACK
6
CONTINUOUS
10
193.7917709999999829
20
-85.7941459999999978
11
193.7908489999999802
21
-85.7962229999999977
0
LINE
8
BLACK
6
CONTINUOUS
10
193.7908489999999802
20
-85.7962229999999977
11
193.6708349999999825
21
-86.0076179999999937
0
LINE
8
BLACK
6
CONTINUOUS
10
193.6708349999999825
20
-86.0076179999999937
11
193.6694420000000036
21
-86.0095900000000029
0
LINE
8
BLACK
6
CONTINUOUS
10
193.6694420000000036
20
-86.0095900000000029
11
193.6683599999999785
21
-86.0117419999999981
0
LINE
8
BLACK
6
CONTINUOUS
10
193.6683599999999785
20
-86.0117419999999981
11
193.5499309999999866
21
-86.1987829999999917
0
LINE
8
BLACK
6
CONTINUOUS
10
193.5499309999999866
20
-86.1987829999999917
11
193.5482569999999782
21
-86.200926999999993
0
LINE
8
BLACK
6
CONTINUOUS
10
193.5482569999999782
20
-86.200926999999993
11
193.5469059999999786
21
-86.2032849999999939
0
LINE
8
BLACK
6
CONTINUOUS
10
193.5469059999999786
20
-86.2032849999999939
11
193.3937640000000044
21
-86.4183850000000007
0
LINE
8
BLACK
6
CONTINUOUS
10
193.3937640000000044
20
-86.4183850000000007
11
193.391902999999985
21
-86.4205189999999988
0
LINE
8
BLACK
6
CONTINUOUS
10
193.391902999999985
20
-86.4205189999999988
11
193.3903619999999819
21
-86.4228880000000004
0
LINE
8
BLACK
6
CONTINUOUS
10
193.3903619999999819
20
-86.4228880000000004
11
193.243471999999997
21
-86.6063460000000021
0
LINE
8
BLACK
6
CONTINUOUS
10
193.243471999999997
20
-86.6063460000000021
11
193.1365940000000023
21
-86.7428000000000026
0
LINE
8
BLACK
6
CONTINUOUS
10
193.1365940000000023
20
-86.7428000000000026
11
193.026678000000004
21
-86.9010099999999994
0
LINE
8
BLACK
6
CONTINUOUS
10
193.026678000000004
20
-86.9010099999999994
11
192.8941859999999906
21
-87.1125579999999928
0
LINE
8
BLACK
6
CONTINUOUS
10
192.8941859999999906
20
-87.1125579999999928
11
192.7610870000000034
21
-87.3461349999999896
0
LINE
8
BLACK
6
CONTINUOUS
10
192.7610870000000034
20
-87.3461349999999896
11
192.6273180000000025
21
-87.6020259999999951
0
LINE
8
BLACK
6
CONTINUOUS
10
192.6273180000000025
20
-87.6020259999999951
11
192.4995299999999929
21
-87.8680269999999979
0
LINE
8
BLACK
6
CONTINUOUS
10
192.4995299999999929
20
-87.8680269999999979
11
192.2839290000000005
21
-88.379343999999989
0
LINE
8
BLACK
6
CONTINUOUS
10
192.2839290000000005
20
-88.379343999999989
11
192.1339109999999835
21
-88.8181199999999933
0
LINE
8
BLACK
6
CONTINUOUS
10
192.1339109999999835
20
-88.8181199999999933
11
192.1339109999999835
21
-88.8181239999999974
0
LINE
8
BLACK
6
CONTINUOUS
10
192.1339109999999835
20
-88.8181239999999974
11
191.9909279999999967
21
-89.2391109999999941
0
LINE
8
BLACK
6
CONTINUOUS
10
191.9909279999999967
20
-89.2391109999999941
11
191.9896980000000042
21
-89.2418229999999966
0
LINE
8
BLACK
6
CONTINUOUS
10
191.9896980000000042
20
-89.2418229999999966
11
191.9888529999999776
21
-89.2446709999999968
0
LINE
8
BLACK
6
CONTINUOUS
10
191.9888529999999776
20
-89.2446709999999968
11
191.8975849999999923
21
-89.4687610000000006
0
LINE
8
BLACK
6
CONTINUOUS
10
191.8975849999999923
20
-89.4687610000000006
11
191.8966159999999945
21
-89.4705989999999929
0
LINE
8
BLACK
6
CONTINUOUS
10
191.8966159999999945
20
-89.4705989999999929
11
191.895939999999996
21
-89.472572999999997
0
LINE
8
BLACK
6
CONTINUOUS
10
191.895939999999996
20
-89.472572999999997
11
191.7955690000000004
21
-89.6924159999999944
0
LINE
8
BLACK
6
CONTINUOUS
10
191.7955690000000004
20
-89.6924159999999944
11
191.7940030000000036
21
-89.6951090000000022
0
LINE
8
BLACK
6
CONTINUOUS
10
191.7940030000000036
20
-89.6951090000000022
11
191.7928149999999903
21
-89.6979829999999936
0
LINE
8
BLACK
6
CONTINUOUS
10
191.7928149999999903
20
-89.6979829999999936
11
191.5657929999999851
21
-90.1231870000000015
0
LINE
8
BLACK
6
CONTINUOUS
10
191.5657929999999851
20
-90.1231870000000015
11
191.5634849999999858
21
-90.1266439999999989
0
LINE
8
BLACK
6
CONTINUOUS
10
191.5634849999999858
20
-90.1266439999999989
11
191.5615839999999821
21
-90.1303389999999922
0
LINE
8
BLACK
6
CONTINUOUS
10
191.5615839999999821
20
-90.1303389999999922
11
191.3027289999999994
21
-90.5311659999999989
0
LINE
8
BLACK
6
CONTINUOUS
10
191.3027289999999994
20
-90.5311659999999989
11
191.3001199999999926
21
-90.5344479999999976
0
LINE
8
BLACK
6
CONTINUOUS
10
191.3001199999999926
20
-90.5344479999999976
11
191.2978980000000035
21
-90.5380009999999942
0
LINE
8
BLACK
6
CONTINUOUS
10
191.2978980000000035
20
-90.5380009999999942
11
191.011273999999986
21
-90.9094999999999942
0
LINE
8
BLACK
6
CONTINUOUS
10
191.011273999999986
20
-90.9094999999999942
11
191.008355999999992
21
-90.9125980000000027
0
LINE
8
BLACK
6
CONTINUOUS
10
191.008355999999992
20
-90.9125980000000027
11
191.0058019999999885
21
-90.9160009999999943
0
LINE
8
BLACK
6
CONTINUOUS
10
191.0058019999999885
20
-90.9160009999999943
11
190.6957079999999962
21
-91.2541539999999998
0
LINE
8
BLACK
6
CONTINUOUS
10
190.6957079999999962
20
-91.2541539999999998
11
190.694090999999986
21
-91.2556019999999961
0
LINE
8
BLACK
6
CONTINUOUS
10
190.694090999999986
20
-91.2556019999999961
11
190.6927159999999901
21
-91.2572779999999995
0
LINE
8
BLACK
6
CONTINUOUS
10
190.6927159999999901
20
-91.2572779999999995
11
189.7189719999999795
21
-92.2310209999999984
0
LINE
8
BLACK
6
CONTINUOUS
10
189.7189719999999795
20
-92.2310209999999984
11
189.6055539999999837
21
-96.0915849999999949
0
LINE
8
BLACK
6
CONTINUOUS
10
189.6055539999999837
20
-96.0915849999999949
11
189.6055409999999881
21
-96.0916840000000008
0
LINE
8
BLACK
6
CONTINUOUS
10
189.6055409999999881
20
-96.0916840000000008
11
189.6055479999999989
21
-96.091785999999999
0
LINE
8
BLACK
6
CONTINUOUS
10
189.6055479999999989
20
-96.091785999999999
11
189.5854139999999859
21
-96.7331140000000005
0
LINE
8
BLACK
6
CONTINUOUS
10
189.5854139999999859
20
-96.7331140000000005
11
189.5853369999999813
21
-96.7336990000000014
0
LINE
8
BLACK
6
CONTINUOUS
10
189.5853369999999813
20
-96.7336990000000014
11
189.5853699999999833
21
-96.7342859999999973
0
LINE
8
BLACK
6
CONTINUOUS
10
189.5853699999999833
20
-96.7342859999999973
11
189.5260989999999879
21
-98.1080719999999928
0
LINE
8
BLACK
6
CONTINUOUS
10
189.5260989999999879
20
-98.1080719999999928
11
189.5258869999999831
21
-98.1095600000000019
0
LINE
8
BLACK
6
CONTINUOUS
10
189.5258869999999831
20
-98.1095600000000019
11
189.5259250000000009
21
-98.1110649999999964
0
LINE
8
BLACK
6
CONTINUOUS
10
189.5259250000000009
20
-98.1110649999999964
11
189.4578219999999931
21
-99.0411330000000021
0
LINE
8
BLACK
6
CONTINUOUS
10
189.4578219999999931
20
-99.0411330000000021
11
189.4574389999999937
21
-99.0433450000000022
0
LINE
8
BLACK
6
CONTINUOUS
10
189.4574389999999937
20
-99.0433450000000022
11
189.4573949999999911
21
-99.0455889999999926
0
LINE
8
BLACK
6
CONTINUOUS
10
189.4573949999999911
20
-99.0455889999999926
11
189.3717469999999992
21
-99.7688429999999897
0
LINE
8
BLACK
6
CONTINUOUS
10
189.3717469999999992
20
-99.7688429999999897
11
189.3712919999999826
21
-99.7709119999999956
0
LINE
8
BLACK
6
CONTINUOUS
10
189.3712919999999826
20
-99.7709119999999956
11
189.3711610000000007
21
-99.773034999999993
0
LINE
8
BLACK
6
CONTINUOUS
10
189.3711610000000007
20
-99.773034999999993
11
189.3182639999999992
21
-100.1003979999999984
0
LINE
8
BLACK
6
CONTINUOUS
10
189.3182639999999992
20
-100.1003979999999984
11
189.3178649999999834
21
-100.1019039999999904
0
LINE
8
BLACK
6
CONTINUOUS
10
189.3178649999999834
20
-100.1019039999999904
11
189.3177220000000034
21
-100.1034469999999885
0
LINE
8
BLACK
6
CONTINUOUS
10
189.3177220000000034
20
-100.1034469999999885
11
189.2567099999999982
21
-100.4186879999999888
0
LINE
8
BLACK
6
CONTINUOUS
10
189.2567099999999982
20
-100.4186879999999888
11
189.2562409999999886
21
-100.420259999999999
0
LINE
8
BLACK
6
CONTINUOUS
10
189.2562409999999886
20
-100.420259999999999
11
189.2560359999999946
21
-100.4218899999999906
0
LINE
8
BLACK
6
CONTINUOUS
10
189.2560359999999946
20
-100.4218899999999906
11
189.1791529999999852
21
-100.7595129999999983
0
LINE
8
BLACK
6
CONTINUOUS
10
189.1791529999999852
20
-100.7595129999999983
11
189.1786409999999989
21
-100.7610469999999907
0
LINE
8
BLACK
6
CONTINUOUS
10
189.1786409999999989
20
-100.7610469999999907
11
189.1783869999999865
21
-100.7626419999999996
0
LINE
8
BLACK
6
CONTINUOUS
10
189.1783869999999865
20
-100.7626419999999996
11
189.089634999999987
21
-101.1015629999999987
0
LINE
8
BLACK
6
CONTINUOUS
10
189.089634999999987
20
-101.1015629999999987
11
189.0890509999999836
21
-101.1031409999999937
0
LINE
8
BLACK
6
CONTINUOUS
10
189.0890509999999836
20
-101.1031409999999937
11
189.0887309999999957
21
-101.1047930000000008
0
LINE
8
BLACK
6
CONTINUOUS
10
189.0887309999999957
20
-101.1047930000000008
11
188.9361499999999978
21
-101.6167579999999901
0
LINE
8
BLACK
6
CONTINUOUS
10
188.9361499999999978
20
-101.6167579999999901
11
188.935608000000002
21
-101.6180839999999961
0
LINE
8
BLACK
6
CONTINUOUS
10
188.935608000000002
20
-101.6180839999999961
11
188.9352930000000015
21
-101.6194929999999914
0
LINE
8
BLACK
6
CONTINUOUS
10
188.9352930000000015
20
-101.6194929999999914
11
188.7516499999999837
21
-102.1768059999999991
0
LINE
8
BLACK
6
CONTINUOUS
10
188.7516499999999837
20
-102.1768059999999991
11
188.7515669999999943
21
-102.176992999999996
0
LINE
8
BLACK
6
CONTINUOUS
10
188.7515669999999943
20
-102.176992999999996
11
188.7515219999999943
21
-102.1771909999999934
0
LINE
8
BLACK
6
CONTINUOUS
10
188.7515219999999943
20
-102.1771909999999934
11
188.4349210000000028
21
-103.1250419999999934
0
LINE
8
BLACK
6
CONTINUOUS
10
188.4349210000000028
20
-103.1250419999999934
11
188.2768149999999991
21
-103.6619579999999985
0
LINE
8
BLACK
6
CONTINUOUS
10
188.2768149999999991
20
-103.6619579999999985
11
188.1976849999999786
21
-104.0279379999999918
0
LINE
8
BLACK
6
CONTINUOUS
10
188.1976849999999786
20
-104.0279379999999918
11
188.1733600000000024
21
-104.2219049999999925
0
LINE
8
BLACK
6
CONTINUOUS
10
188.1733600000000024
20
-104.2219049999999925
11
188.1656849999999963
21
-104.4054589999999934
0
LINE
8
BLACK
6
CONTINUOUS
10
188.1656849999999963
20
-104.4054589999999934
11
188.1739780000000053
21
-104.586197999999996
0
LINE
8
BLACK
6
CONTINUOUS
10
188.1739780000000053
20
-104.586197999999996
11
188.1978009999999983
21
-104.772673999999995
0
LINE
8
BLACK
6
CONTINUOUS
10
188.1978009999999983
20
-104.772673999999995
11
188.2369039999999814
21
-104.9729789999999952
0
LINE
8
BLACK
6
CONTINUOUS
10
188.2369039999999814
20
-104.9729789999999952
11
188.2909019999999884
21
-105.1943789999999979
0
LINE
8
BLACK
6
CONTINUOUS
10
188.2909019999999884
20
-105.1943789999999979
11
188.4421379999999999
21
-105.7319549999999992
0
LINE
8
BLACK
6
CONTINUOUS
10
188.4421379999999999
20
-105.7319549999999992
11
188.4422029999999779
21
-105.7323200000000014
0
LINE
8
BLACK
6
CONTINUOUS
10
188.4422029999999779
20
-105.7323200000000014
11
188.4423379999999781
21
-105.7326739999999887
0
LINE
8
BLACK
6
CONTINUOUS
10
188.4423379999999781
20
-105.7326739999999887
11
188.5594209999999862
21
-106.1610929999999939
0
LINE
8
BLACK
6
CONTINUOUS
10
188.5594209999999862
20
-106.1610929999999939
11
188.5596479999999815
21
-106.1624289999999888
0
LINE
8
BLACK
6
CONTINUOUS
10
188.5596479999999815
20
-106.1624289999999888
11
188.5600949999999898
21
-106.1636999999999915
0
LINE
8
BLACK
6
CONTINUOUS
10
188.5600949999999898
20
-106.1636999999999915
11
188.6804899999999918
21
-106.6560039999999958
0
LINE
8
BLACK
6
CONTINUOUS
10
188.6804899999999918
20
-106.6560039999999958
11
188.6806430000000034
21
-106.6570799999999934
0
LINE
8
BLACK
6
CONTINUOUS
10
188.6806430000000034
20
-106.6570799999999934
11
188.6809789999999794
21
-106.6581049999999919
0
LINE
8
BLACK
6
CONTINUOUS
10
188.6809789999999794
20
-106.6581049999999919
11
188.7998069999999871
21
-107.1938439999999986
0
LINE
8
BLACK
6
CONTINUOUS
10
188.7998069999999871
20
-107.1938439999999986
11
188.799917999999991
21
-107.1947639999999922
0
LINE
8
BLACK
6
CONTINUOUS
10
188.799917999999991
20
-107.1947639999999922
11
188.8001929999999788
21
-107.1956599999999895
0
LINE
8
BLACK
6
CONTINUOUS
10
188.8001929999999788
20
-107.1956599999999895
11
188.929317999999995
21
-107.833629000000002
0
LINE
8
BLACK
6
CONTINUOUS
10
188.929317999999995
20
-107.833629000000002
11
188.9294019999999819
21
-107.8344539999999938
0
LINE
8
BLACK
6
CONTINUOUS
10
188.9294019999999819
20
-107.8344539999999938
11
188.9296300000000031
21
-107.8352429999999913
0
LINE
8
BLACK
6
CONTINUOUS
10
188.9296300000000031
20
-107.8352429999999913
11
189.054600999999991
21
-108.5095069999999993
0
LINE
8
BLACK
6
CONTINUOUS
10
189.054600999999991
20
-108.5095069999999993
11
189.054663000000005
21
-108.510241999999991
0
LINE
8
BLACK
6
CONTINUOUS
10
189.054663000000005
20
-108.510241999999991
11
189.0548589999999933
21
-108.5109569999999906
0
LINE
8
BLACK
6
CONTINUOUS
10
189.0548589999999933
20
-108.5109569999999906
11
189.1815929999999923
21
-109.2558080000000018
0
LINE
8
BLACK
6
CONTINUOUS
10
189.1815929999999923
20
-109.2558080000000018
11
189.1816409999999848
21
-109.2564899999999994
0
LINE
8
BLACK
6
CONTINUOUS
10
189.1816409999999848
20
-109.2564899999999994
11
189.1818140000000028
21
-109.2571590000000015
0
LINE
8
BLACK
6
CONTINUOUS
10
189.1818140000000028
20
-109.2571590000000015
11
189.3011569999999892
21
-110.0217349999999925
0
LINE
8
BLACK
6
CONTINUOUS
10
189.3011569999999892
20
-110.0217349999999925
11
189.301210999999995
21
-110.0227000000000004
0
LINE
8
BLACK
6
CONTINUOUS
10
189.301210999999995
20
-110.0227000000000004
11
189.3014340000000004
21
-110.0236340000000013
0
LINE
8
BLACK
6
CONTINUOUS
10
189.3014340000000004
20
-110.0236340000000013
11
189.5131729999999948
21
-111.5750599999999935
0
LINE
8
BLACK
6
CONTINUOUS
10
189.5131729999999948
20
-111.5750599999999935
11
189.5132199999999898
21
-111.576326999999992
0
LINE
8
BLACK
6
CONTINUOUS
10
189.5132199999999898
20
-111.576326999999992
11
189.5134850000000029
21
-111.5775779999999884
0
LINE
8
BLACK
6
CONTINUOUS
10
189.5134850000000029
20
-111.5775779999999884
11
189.6717620000000011
21
-113.0071279999999945
0
LINE
8
BLACK
6
CONTINUOUS
10
189.6717620000000011
20
-113.0071279999999945
11
189.6717779999999891
21
-113.0085229999999967
0
LINE
8
BLACK
6
CONTINUOUS
10
189.6717779999999891
20
-113.0085229999999967
11
189.6720279999999832
21
-113.009886999999992
0
LINE
8
BLACK
6
CONTINUOUS
10
189.6720279999999832
20
-113.009886999999992
11
189.7711149999999805
21
-114.207374999999999
0
LINE
8
BLACK
6
CONTINUOUS
10
189.7711149999999805
20
-114.207374999999999
11
189.7710879999999918
21
-114.2090499999999906
0
LINE
8
BLACK
6
CONTINUOUS
10
189.7710879999999918
20
-114.2090499999999906
11
189.7713349999999934
21
-114.2107089999999943
0
LINE
8
BLACK
6
CONTINUOUS
10
189.7713349999999934
20
-114.2107089999999943
11
189.8168869999999799
21
-115.1369009999999946
0
LINE
8
BLACK
6
CONTINUOUS
10
189.8168869999999799
20
-115.1369009999999946
11
189.8167789999999968
21
-115.1390889999999985
0
LINE
8
BLACK
6
CONTINUOUS
10
189.8167789999999968
20
-115.1390889999999985
11
189.8170069999999896
21
-115.1412769999999881
0
LINE
8
BLACK
6
CONTINUOUS
10
189.8170069999999896
20
-115.1412769999999881
11
189.8205979999999897
21
-115.8094679999999954
0
LINE
8
BLACK
6
CONTINUOUS
10
189.8205979999999897
20
-115.8094679999999954
11
189.8203110000000038
21
-115.8125419999999934
0
LINE
8
BLACK
6
CONTINUOUS
10
189.8203110000000038
20
-115.8125419999999934
11
189.8204409999999882
21
-115.8156199999999956
0
LINE
8
BLACK
6
CONTINUOUS
10
189.8204409999999882
20
-115.8156199999999956
11
189.7950919999999826
21
-116.2663949999999886
0
LINE
8
BLACK
6
CONTINUOUS
10
189.7950919999999826
20
-116.2663949999999886
11
189.7946159999999907
21
-116.2694509999999894
0
LINE
8
BLACK
6
CONTINUOUS
10
189.7946159999999907
20
-116.2694509999999894
11
189.7945550000000026
21
-116.2725529999999878
0
LINE
8
BLACK
6
CONTINUOUS
10
189.7945550000000026
20
-116.2725529999999878
11
189.6964109999999835
21
-117.1003959999999893
0
LINE
8
BLACK
6
CONTINUOUS
10
189.6964109999999835
20
-117.1003959999999893
11
189.6960899999999981
21
-117.1018539999999888
0
LINE
8
BLACK
6
CONTINUOUS
10
189.6960899999999981
20
-117.1018539999999888
11
189.6960169999999835
21
-117.1033389999999912
0
LINE
8
BLACK
6
CONTINUOUS
10
189.6960169999999835
20
-117.1033389999999912
11
189.6277499999999918
21
-117.5621989999999926
0
LINE
8
BLACK
6
CONTINUOUS
10
189.6277499999999918
20
-117.5621989999999926
11
189.6274860000000047
21
-117.5632499999999965
0
LINE
8
BLACK
6
CONTINUOUS
10
189.6274860000000047
20
-117.5632499999999965
11
189.6274090000000001
21
-117.5643319999999932
0
LINE
8
BLACK
6
CONTINUOUS
10
189.6274090000000001
20
-117.5643319999999932
11
189.5499169999999935
21
-118.0176889999999901
0
LINE
8
BLACK
6
CONTINUOUS
10
189.5499169999999935
20
-118.0176889999999901
11
189.5494829999999808
21
-118.0192699999999917
0
LINE
8
BLACK
6
CONTINUOUS
10
189.5494829999999808
20
-118.0192699999999917
11
189.5493129999999837
21
-118.0209079999999915
0
LINE
8
BLACK
6
CONTINUOUS
10
189.5493129999999837
20
-118.0209079999999915
11
189.3680389999999818
21
-118.9058399999999978
0
LINE
8
BLACK
6
CONTINUOUS
10
189.3680389999999818
20
-118.9058399999999978
11
189.3673770000000047
21
-118.907978
0
LINE
8
BLACK
6
CONTINUOUS
10
189.3673770000000047
20
-118.907978
11
189.3670469999999852
21
-118.9101849999999985
0
LINE
8
BLACK
6
CONTINUOUS
10
189.3670469999999852
20
-118.9101849999999985
11
189.1523899999999969
21
-119.7628469999999936
0
LINE
8
BLACK
6
CONTINUOUS
10
189.1523899999999969
20
-119.7628469999999936
11
189.1516149999999925
21
-119.765002999999993
0
LINE
8
BLACK
6
CONTINUOUS
10
189.1516149999999925
20
-119.765002999999993
11
189.1511720000000025
21
-119.7672589999999957
0
LINE
8
BLACK
6
CONTINUOUS
10
189.1511720000000025
20
-119.7672589999999957
11
188.9055699999999831
21
-120.5831539999999933
0
LINE
8
BLACK
6
CONTINUOUS
10
188.9055699999999831
20
-120.5831539999999933
11
188.9046679999999867
21
-120.5853439999999921
0
LINE
8
BLACK
6
CONTINUOUS
10
188.9046679999999867
20
-120.5853439999999921
11
188.9041029999999921
21
-120.5876399999999933
0
LINE
8
BLACK
6
CONTINUOUS
10
188.9041029999999921
20
-120.5876399999999933
11
188.6302220000000034
21
-121.3628679999999918
0
LINE
8
BLACK
6
CONTINUOUS
10
188.6302220000000034
20
-121.3628679999999918
11
188.6291829999999834
21
-121.3650859999999909
0
LINE
8
BLACK
6
CONTINUOUS
10
188.6291829999999834
20
-121.3650859999999909
11
188.6284809999999936
21
-121.3674379999999928
0
LINE
8
BLACK
6
CONTINUOUS
10
188.6284809999999936
20
-121.3674379999999928
11
188.3291289999999947
21
-122.098787999999999
0
LINE
8
BLACK
6
CONTINUOUS
10
188.3291289999999947
20
-122.098787999999999
11
188.327937999999989
21
-122.1010379999999884
0
LINE
8
BLACK
6
CONTINUOUS
10
188.327937999999989
20
-122.1010379999999884
11
188.3270839999999851
21
-122.1034439999999961
0
LINE
8
BLACK
6
CONTINUOUS
10
188.3270839999999851
20
-122.1034439999999961
11
188.0051320000000032
21
-122.7884409999999917
0
LINE
8
BLACK
6
CONTINUOUS
10
188.0051320000000032
20
-122.7884409999999917
11
188.0037710000000004
21
-122.7907239999999973
0
LINE
8
BLACK
6
CONTINUOUS
10
188.0037710000000004
20
-122.7907239999999973
11
188.0027479999999969
21
-122.7931829999999991
0
LINE
8
BLACK
6
CONTINUOUS
10
188.0027479999999969
20
-122.7931829999999991
11
187.6610299999999825
21
-123.4300929999999994
0
LINE
8
BLACK
6
CONTINUOUS
10
187.6610299999999825
20
-123.4300929999999994
11
187.6594779999999787
21
-123.4324069999999978
0
LINE
8
BLACK
6
CONTINUOUS
10
187.6594779999999787
20
-123.4324069999999978
11
187.65826899999999
21
-123.4349119999999971
0
LINE
8
BLACK
6
CONTINUOUS
10
187.65826899999999
20
-123.4349119999999971
11
187.2995059999999796
21
-124.0227149999999909
0
LINE
8
BLACK
6
CONTINUOUS
10
187.2995059999999796
20
-124.0227149999999909
11
187.2977489999999818
21
-124.0250439999999941
0
LINE
8
BLACK
6
CONTINUOUS
10
187.2977489999999818
20
-124.0250439999999941
11
187.2963269999999909
21
-124.027598999999995
0
LINE
8
BLACK
6
CONTINUOUS
10
187.2963269999999909
20
-124.027598999999995
11
186.9230579999999975
21
-124.565928999999997
0
LINE
8
BLACK
6
CONTINUOUS
10
186.9230579999999975
20
-124.565928999999997
11
186.9211269999999843
21
-124.5681999999999903
0
LINE
8
BLACK
6
CONTINUOUS
10
186.9211269999999843
20
-124.5681999999999903
11
186.919526999999988
21
-124.5707109999999886
0
LINE
8
BLACK
6
CONTINUOUS
10
186.919526999999988
20
-124.5707109999999886
11
186.8616679999999803
21
-124.6443869999999947
0
LINE
8
BLACK
6
CONTINUOUS
10
186.8616679999999803
20
-124.6443869999999947
11
186.8595279999999832
21
-124.6466199999999986
0
LINE
8
BLACK
6
CONTINUOUS
10
186.8595279999999832
20
-124.6466199999999986
11
186.8577089999999998
21
-124.6491199999999964
0
LINE
8
BLACK
6
CONTINUOUS
10
186.8577089999999998
20
-124.6491199999999964
11
186.7136569999999836
21
-124.8109180000000009
0
LINE
8
BLACK
6
CONTINUOUS
10
186.7136569999999836
20
-124.8109180000000009
11
186.7117299999999886
21
-124.8126949999999908
0
LINE
8
BLACK
6
CONTINUOUS
10
186.7117299999999886
20
-124.8126949999999908
11
186.7100810000000024
21
-124.8147289999999998
0
LINE
8
BLACK
6
CONTINUOUS
10
186.7100810000000024
20
-124.8147289999999998
11
186.5268449999999802
21
-125.0000649999999922
0
LINE
8
BLACK
6
CONTINUOUS
10
186.5268449999999802
20
-125.0000649999999922
11
186.5253779999999892
21
-125.0012819999999891
0
LINE
8
BLACK
6
CONTINUOUS
10
186.5253779999999892
20
-125.0012819999999891
11
186.5241169999999897
21
-125.0027219999999915
0
LINE
8
BLACK
6
CONTINUOUS
10
186.5241169999999897
20
-125.0027219999999915
11
186.2764809999999898
21
-125.2348119999999909
0
LINE
8
BLACK
6
CONTINUOUS
10
186.2764809999999898
20
-125.2348119999999909
11
186.2752590000000055
21
-125.2357489999999984
0
LINE
8
BLACK
6
CONTINUOUS
10
186.2752590000000055
20
-125.2357489999999984
11
186.2742089999999848
21
-125.2368769999999927
0
LINE
8
BLACK
6
CONTINUOUS
10
186.2742089999999848
20
-125.2368769999999927
11
185.9924989999999809
21
-125.4851019999999977
0
LINE
8
BLACK
6
CONTINUOUS
10
185.9924989999999809
20
-125.4851019999999977
11
185.9909539999999879
21
-125.4862139999999897
0
LINE
8
BLACK
6
CONTINUOUS
10
185.9909539999999879
20
-125.4862139999999897
11
185.9896049999999832
21
-125.4875559999999979
0
LINE
8
BLACK
6
CONTINUOUS
10
185.9896049999999832
20
-125.4875559999999979
11
185.3589319999999816
21
-126.0021169999999984
0
LINE
8
BLACK
6
CONTINUOUS
10
185.3589319999999816
20
-126.0021169999999984
11
185.3569870000000037
21
-126.0034079999999932
0
LINE
8
BLACK
6
CONTINUOUS
10
185.3569870000000037
20
-126.0034079999999932
11
185.3552609999999845
21
-126.0049719999999951
0
LINE
8
BLACK
6
CONTINUOUS
10
185.3552609999999845
20
-126.0049719999999951
11
184.7490379999999845
21
-126.4542989999999918
0
LINE
8
BLACK
6
CONTINUOUS
10
184.7490379999999845
20
-126.4542989999999918
11
184.7479099999999903
21
-126.4549739999999929
0
LINE
8
BLACK
6
CONTINUOUS
10
184.7479099999999903
20
-126.4549739999999929
11
184.746910999999983
21
-126.4558329999999984
0
LINE
8
BLACK
6
CONTINUOUS
10
184.746910999999983
20
-126.4558329999999984
11
184.5889969999999778
21
-126.5665829999999943
0
LINE
8
BLACK
6
CONTINUOUS
10
184.5889969999999778
20
-126.5665829999999943
11
184.5883129999999994
21
-126.5669679999999886
0
LINE
8
BLACK
6
CONTINUOUS
10
184.5883129999999994
20
-126.5669679999999886
11
184.5877109999999846
21
-126.5674700000000001
0
LINE
8
BLACK
6
CONTINUOUS
10
184.5877109999999846
20
-126.5674700000000001
11
183.9958330000000046
21
-126.9689189999999996
0
LINE
8
BLACK
6
CONTINUOUS
10
183.9958330000000046
20
-126.9689189999999996
11
183.9933869999999843
21
-126.970247999999998
0
LINE
8
BLACK
6
CONTINUOUS
10
183.9933869999999843
20
-126.970247999999998
11
183.9911459999999863
21
-126.971911999999989
0
LINE
8
BLACK
6
CONTINUOUS
10
183.9911459999999863
20
-126.971911999999989
11
183.603320999999994
21
-127.204583999999997
0
LINE
8
BLACK
6
CONTINUOUS
10
183.603320999999994
20
-127.204583999999997
11
183.5992269999999849
21
-127.2065219999999925
0
LINE
8
BLACK
6
CONTINUOUS
10
183.5992269999999849
20
-127.2065219999999925
11
183.5953549999999836
21
-127.2088859999999926
0
LINE
8
BLACK
6
CONTINUOUS
10
183.5953549999999836
20
-127.2088859999999926
11
183.2813469999999825
21
-127.3604989999999901
0
LINE
8
BLACK
6
CONTINUOUS
10
183.2813469999999825
20
-127.3604989999999901
11
183.277276999999998
21
-127.3619920000000008
0
LINE
8
BLACK
6
CONTINUOUS
10
183.277276999999998
20
-127.3619920000000008
11
183.2733889999999803
21
-127.3639249999999947
0
LINE
8
BLACK
6
CONTINUOUS
10
183.2733889999999803
20
-127.3639249999999947
11
183.1234429999999804
21
-127.4209049999999905
0
LINE
8
BLACK
6
CONTINUOUS
10
183.1234429999999804
20
-127.4209049999999905
11
183.120396999999997
21
-127.4217309999999941
0
LINE
8
BLACK
6
CONTINUOUS
10
183.120396999999997
20
-127.4217309999999941
11
183.1174929999999961
21
-127.4229539999999901
0
LINE
8
BLACK
6
CONTINUOUS
10
183.1174929999999961
20
-127.4229539999999901
11
182.9662769999999909
21
-127.4697659999999928
0
LINE
8
BLACK
6
CONTINUOUS
10
182.9662769999999909
20
-127.4697659999999928
11
182.9630699999999877
21
-127.4704219999999992
0
LINE
8
BLACK
6
CONTINUOUS
10
182.9630699999999877
20
-127.4704219999999992
11
182.9599800000000016
21
-127.4714919999999978
0
LINE
8
BLACK
6
CONTINUOUS
10
182.9599800000000016
20
-127.4714919999999978
11
182.791813999999988
21
-127.511737999999994
0
LINE
8
BLACK
6
CONTINUOUS
10
182.791813999999988
20
-127.511737999999994
11
182.7886879999999792
21
-127.5121679999999884
0
LINE
8
BLACK
6
CONTINUOUS
10
182.7886879999999792
20
-127.5121679999999884
11
182.7856549999999913
21
-127.5130079999999992
0
LINE
8
BLACK
6
CONTINUOUS
10
182.7856549999999913
20
-127.5130079999999992
11
182.6088039999999921
21
-127.5437299999999965
0
LINE
8
BLACK
6
CONTINUOUS
10
182.6088039999999921
20
-127.5437299999999965
11
182.6055999999999813
21
-127.543966999999995
0
LINE
8
BLACK
6
CONTINUOUS
10
182.6055999999999813
20
-127.543966999999995
11
182.6024469999999837
21
-127.5446259999999938
0
LINE
8
BLACK
6
CONTINUOUS
10
182.6024469999999837
20
-127.5446259999999938
11
182.3270359999999926
21
-127.574427
0
LINE
8
BLACK
6
CONTINUOUS
10
182.3270359999999926
20
-127.574427
11
182.3242620000000045
21
-127.5744529999999912
0
LINE
8
BLACK
6
CONTINUOUS
10
182.3242620000000045
20
-127.5744529999999912
11
182.321518999999995
21
-127.57486999999999
0
LINE
8
BLACK
6
CONTINUOUS
10
182.321518999999995
20
-127.57486999999999
11
182.0097659999999848
21
-127.5912319999999909
0
LINE
8
BLACK
6
CONTINUOUS
10
182.0097659999999848
20
-127.5912319999999909
11
182.0075609999999813
21
-127.5911309999999901
0
LINE
8
BLACK
6
CONTINUOUS
10
182.0075609999999813
20
-127.5911309999999901
11
182.0053769999999815
21
-127.5913649999999961
0
LINE
8
BLACK
6
CONTINUOUS
10
182.0053769999999815
20
-127.5913649999999961
11
181.2290999999999883
21
-127.5979839999999967
0
LINE
8
BLACK
6
CONTINUOUS
10
181.2290999999999883
20
-127.5979839999999967
11
181.2283249999999839
21
-127.5979139999999887
0
LINE
8
BLACK
6
CONTINUOUS
10
181.2283249999999839
20
-127.5979139999999887
11
181.2275419999999997
21
-127.5979859999999917
0
LINE
8
BLACK
6
CONTINUOUS
10
181.2275419999999997
20
-127.5979859999999917
11
181.1357779999999877
21
-127.597338999999991
0
LINE
8
BLACK
6
CONTINUOUS
10
181.1357779999999877
20
-127.597338999999991
11
181.1349840000000029
21
-127.5972549999999899
0
LINE
8
BLACK
6
CONTINUOUS
10
181.1349840000000029
20
-127.5972549999999899
11
181.1341909999999871
21
-127.5973149999999947
0
LINE
8
BLACK
6
CONTINUOUS
10
181.1341909999999871
20
-127.5973149999999947
11
180.6837709999999788
21
-127.5869909999999976
0
LINE
8
BLACK
6
CONTINUOUS
10
180.6837709999999788
20
-127.5869909999999976
11
180.6825979999999845
21
-127.5868479999999892
0
LINE
8
BLACK
6
CONTINUOUS
10
180.6825979999999845
20
-127.5868479999999892
11
180.6814259999999877
21
-127.5869089999999915
0
LINE
8
BLACK
6
CONTINUOUS
10
180.6814259999999877
20
-127.5869089999999915
11
180.2246059999999943
21
-127.5657069999999891
0
LINE
8
BLACK
6
CONTINUOUS
10
180.2246059999999943
20
-127.5657069999999891
11
180.2230009999999822
21
-127.5654729999999972
0
LINE
8
BLACK
6
CONTINUOUS
10
180.2230009999999822
20
-127.5654729999999972
11
180.2213749999999948
21
-127.5655049999999875
0
LINE
8
BLACK
6
CONTINUOUS
10
180.2213749999999948
20
-127.5655049999999875
11
179.3910620000000051
21
-127.4999789999999962
0
LINE
8
BLACK
6
CONTINUOUS
10
179.3910620000000051
20
-127.4999789999999962
11
179.3886819999999886
21
-127.4995529999999917
0
LINE
8
BLACK
6
CONTINUOUS
10
179.3886819999999886
20
-127.4995529999999917
11
179.3862659999999778
21
-127.4994839999999954
0
LINE
8
BLACK
6
CONTINUOUS
10
179.3862659999999778
20
-127.4994839999999954
11
178.8005139999999926
21
-127.4247079999999954
0
LINE
8
BLACK
6
CONTINUOUS
10
178.8005139999999926
20
-127.4247079999999954
11
178.7971259999999916
21
-127.4239319999999935
0
LINE
8
BLACK
6
CONTINUOUS
10
178.7971259999999916
20
-127.4239319999999935
11
178.7936629999999809
21
-127.4235909999999876
0
LINE
8
BLACK
6
CONTINUOUS
10
178.7936629999999809
20
-127.4235909999999876
11
178.4597129999999936
21
-127.3571469999999977
0
LINE
8
BLACK
6
CONTINUOUS
10
178.4597129999999936
20
-127.3571469999999977
11
178.4570219999999949
21
-127.3563299999999998
0
LINE
8
BLACK
6
CONTINUOUS
10
178.4570219999999949
20
-127.3563299999999998
11
178.4542519999999968
21
-127.3558999999999912
0
LINE
8
BLACK
6
CONTINUOUS
10
178.4542519999999968
20
-127.3558999999999912
11
177.7130669999999952
21
-127.1647349999999932
0
LINE
8
BLACK
6
CONTINUOUS
10
177.7130669999999952
20
-127.1647349999999932
11
177.8958879999999851
21
-128.039954999999992
0
LINE
8
BLACK
6
CONTINUOUS
10
177.8958879999999851
20
-128.039954999999992
11
177.8959909999999809
21
-128.0409129999999891
0
LINE
8
BLACK
6
CONTINUOUS
10
177.8959909999999809
20
-128.0409129999999891
11
177.8962630000000047
21
-128.0418400000000076
0
LINE
8
BLACK
6
CONTINUOUS
10
177.8962630000000047
20
-128.0418400000000076
11
177.9694709999999986
21
-128.4293759999999907
0
LINE
8
BLACK
6
CONTINUOUS
10
177.9694709999999986
20
-128.4293759999999907
11
177.969711999999987
21
-128.4320940000000064
0
LINE
8
BLACK
6
CONTINUOUS
10
177.969711999999987
20
-128.4320940000000064
11
177.9703370000000007
21
-128.434757999999988
0
LINE
8
BLACK
6
CONTINUOUS
10
177.9703370000000007
20
-128.434757999999988
11
178.0393369999999891
21
-128.9537139999999908
0
LINE
8
BLACK
6
CONTINUOUS
10
178.0393369999999891
20
-128.9537139999999908
11
178.0394679999999994
21
-128.9575639999999908
0
LINE
8
BLACK
6
CONTINUOUS
10
178.0394679999999994
20
-128.9575639999999908
11
178.0400559999999928
21
-128.9613650000000007
0
LINE
8
BLACK
6
CONTINUOUS
10
178.0400559999999928
20
-128.9613650000000007
11
178.0654710000000023
21
-129.4203569999999957
0
LINE
8
BLACK
6
CONTINUOUS
10
178.0654710000000023
20
-129.4203569999999957
11
178.0652829999999938
21
-129.4247369999999933
0
LINE
8
BLACK
6
CONTINUOUS
10
178.0652829999999938
20
-129.4247369999999933
11
178.0655720000000031
21
-129.4291149999999959
0
LINE
8
BLACK
6
CONTINUOUS
10
178.0655720000000031
20
-129.4291149999999959
11
178.0520750000000021
21
-129.8469289999999887
0
LINE
8
BLACK
6
CONTINUOUS
10
178.0520750000000021
20
-129.8469289999999887
11
178.0514479999999935
21
-129.8517039999999838
0
LINE
8
BLACK
6
CONTINUOUS
10
178.0514479999999935
20
-129.8517039999999838
11
178.0513019999999926
21
-129.8565189999999916
0
LINE
8
BLACK
6
CONTINUOUS
10
178.0513019999999926
20
-129.8565189999999916
11
178.0007769999999994
21
-130.2474009999999964
0
LINE
8
BLACK
6
CONTINUOUS
10
178.0007769999999994
20
-130.2474009999999964
11
177.9996309999999937
21
-130.2523679999999899
0
LINE
8
BLACK
6
CONTINUOUS
10
177.9996309999999937
20
-130.2523679999999899
11
177.9989589999999851
21
-130.2574219999999912
0
LINE
8
BLACK
6
CONTINUOUS
10
177.9989589999999851
20
-130.2574219999999912
11
177.9108159999999828
21
-130.6331329999999866
0
LINE
8
BLACK
6
CONTINUOUS
10
177.9108159999999828
20
-130.6331329999999866
11
177.9095559999999807
21
-130.636825999999985
0
LINE
8
BLACK
6
CONTINUOUS
10
177.9095559999999807
20
-130.636825999999985
11
177.9087439999999845
21
-130.6406369999999981
0
LINE
8
BLACK
6
CONTINUOUS
10
177.9087439999999845
20
-130.6406369999999981
11
177.8494010000000003
21
-130.8269839999999817
0
LINE
8
BLACK
6
CONTINUOUS
10
177.8494010000000003
20
-130.8269839999999817
11
177.8483779999999967
21
-130.8293589999999824
0
LINE
8
BLACK
6
CONTINUOUS
10
177.8483779999999967
20
-130.8293589999999824
11
177.8477089999999805
21
-130.8318589999999801
0
LINE
8
BLACK
6
CONTINUOUS
10
177.8477089999999805
20
-130.8318589999999801
11
177.7781679999999938
21
-131.0166629999999941
0
LINE
8
BLACK
6
CONTINUOUS
10
177.7781679999999938
20
-131.0166629999999941
11
177.777039000000002
21
-131.0189519999999845
0
LINE
8
BLACK
6
CONTINUOUS
10
177.777039000000002
20
-131.0189519999999845
11
177.776252999999997
21
-131.0213839999999834
0
LINE
8
BLACK
6
CONTINUOUS
10
177.776252999999997
20
-131.0213839999999834
11
177.693996999999996
21
-131.2101940000000013
0
LINE
8
BLACK
6
CONTINUOUS
10
177.693996999999996
20
-131.2101940000000013
11
177.6927849999999864
21
-131.2123650000000055
0
LINE
8
BLACK
6
CONTINUOUS
10
177.6927849999999864
20
-131.2123650000000055
11
177.6919049999999913
21
-131.2146879999999953
0
LINE
8
BLACK
6
CONTINUOUS
10
177.6919049999999913
20
-131.2146879999999953
11
177.5984899999999982
21
-131.4030259999999828
0
LINE
8
BLACK
6
CONTINUOUS
10
177.5984899999999982
20
-131.4030259999999828
11
177.5972129999999822
21
-131.405068
0
LINE
8
BLACK
6
CONTINUOUS
10
177.5972129999999822
20
-131.405068
11
177.5962539999999876
21
-131.407274000000001
0
LINE
8
BLACK
6
CONTINUOUS
10
177.5962539999999876
20
-131.407274000000001
11
177.4864389999999901
21
-131.604313999999988
0
LINE
8
BLACK
6
CONTINUOUS
10
177.4864389999999901
20
-131.604313999999988
11
177.4851290000000006
21
-131.6062009999999987
0
LINE
8
BLACK
6
CONTINUOUS
10
177.4851290000000006
20
-131.6062009999999987
11
177.4841169999999977
21
-131.6082649999999887
0
LINE
8
BLACK
6
CONTINUOUS
10
177.4841169999999977
20
-131.6082649999999887
11
177.3616549999999847
21
-131.8060999999999865
0
LINE
8
BLACK
6
CONTINUOUS
10
177.3616549999999847
20
-131.8060999999999865
11
177.3603279999999813
21
-131.8078359999999805
0
LINE
8
BLACK
6
CONTINUOUS
10
177.3603279999999813
20
-131.8078359999999805
11
177.359281999999979
21
-131.8097530000000006
0
LINE
8
BLACK
6
CONTINUOUS
10
177.359281999999979
20
-131.8097530000000006
11
177.2146269999999788
21
-132.0221760000000017
0
LINE
8
BLACK
6
CONTINUOUS
10
177.2146269999999788
20
-132.0221760000000017
11
177.2133139999999969
21
-132.0237459999999885
0
LINE
8
BLACK
6
CONTINUOUS
10
177.2133139999999969
20
-132.0237459999999885
11
177.2122619999999813
21
-132.0255009999999913
0
LINE
8
BLACK
6
CONTINUOUS
10
177.2122619999999813
20
-132.0255009999999913
11
177.0527129999999829
21
-132.240397999999999
0
LINE
8
BLACK
6
CONTINUOUS
10
177.0527129999999829
20
-132.240397999999999
11
177.0514299999999821
21
-132.2418109999999842
0
LINE
8
BLACK
6
CONTINUOUS
10
177.0514299999999821
20
-132.2418109999999842
11
177.0503839999999798
21
-132.2434140000000014
0
LINE
8
BLACK
6
CONTINUOUS
10
177.0503839999999798
20
-132.2434140000000014
11
176.8592229999999859
21
-132.4813780000000065
0
LINE
8
BLACK
6
CONTINUOUS
10
176.8592229999999859
20
-132.4813780000000065
11
176.8579919999999959
21
-132.4826339999999902
0
LINE
8
BLACK
6
CONTINUOUS
10
176.8579919999999959
20
-132.4826339999999902
11
176.8569829999999854
21
-132.4840680000000077
0
LINE
8
BLACK
6
CONTINUOUS
10
176.8569829999999854
20
-132.4840680000000077
11
176.6474460000000022
21
-132.7269829999999899
0
LINE
8
BLACK
6
CONTINUOUS
10
176.6474460000000022
20
-132.7269829999999899
11
176.6462789999999927
21
-132.7280930000000012
0
LINE
8
BLACK
6
CONTINUOUS
10
176.6462789999999927
20
-132.7280930000000012
11
176.645308
21
-132.7293829999999843
0
LINE
8
BLACK
6
CONTINUOUS
10
176.645308
20
-132.7293829999999843
11
176.3872379999999964
21
-133.0098109999999849
0
LINE
8
BLACK
6
CONTINUOUS
10
176.3872379999999964
20
-133.0098109999999849
11
176.3861589999999921
21
-133.0107730000000004
0
LINE
8
BLACK
6
CONTINUOUS
10
176.3861589999999921
20
-133.0107730000000004
11
176.3852540000000033
21
-133.011905999999982
0
LINE
8
BLACK
6
CONTINUOUS
10
176.3852540000000033
20
-133.011905999999982
11
176.1029779999999789
21
-133.3014169999999865
0
LINE
8
BLACK
6
CONTINUOUS
10
176.1029779999999789
20
-133.3014169999999865
11
176.1012999999999806
21
-133.3028290000000027
0
LINE
8
BLACK
6
CONTINUOUS
10
176.1012999999999806
20
-133.3028290000000027
11
176.0998589999999808
21
-133.3044789999999864
0
LINE
8
BLACK
6
CONTINUOUS
10
176.0998589999999808
20
-133.3044789999999864
11
175.6783339999999782
21
-133.7006069999999909
0
LINE
8
BLACK
6
CONTINUOUS
10
175.6783339999999782
20
-133.7006069999999909
11
175.6756949999999904
21
-133.7026380000000074
0
LINE
8
BLACK
6
CONTINUOUS
10
175.6756949999999904
20
-133.7026380000000074
11
175.6733399999999961
21
-133.7049969999999917
0
LINE
8
BLACK
6
CONTINUOUS
10
175.6733399999999961
20
-133.7049969999999917
11
175.2381680000000017
21
-134.0625849999999843
0
LINE
8
BLACK
6
CONTINUOUS
10
175.2381680000000017
20
-134.0625849999999843
11
175.2351850000000013
21
-134.0645800000000065
0
LINE
8
BLACK
6
CONTINUOUS
10
175.2351850000000013
20
-134.0645800000000065
11
175.2324749999999938
21
-134.0669309999999825
0
LINE
8
BLACK
6
CONTINUOUS
10
175.2324749999999938
20
-134.0669309999999825
11
174.7961369999999874
21
-134.3759409999999832
0
LINE
8
BLACK
6
CONTINUOUS
10
174.7961369999999874
20
-134.3759409999999832
11
174.7928589999999929
21
-134.377808999999985
0
LINE
8
BLACK
6
CONTINUOUS
10
174.7928589999999929
20
-134.377808999999985
11
174.7898270000000025
21
-134.380061999999981
0
LINE
8
BLACK
6
CONTINUOUS
10
174.7898270000000025
20
-134.380061999999981
11
174.3509019999999907
21
-134.6436549999999954
0
LINE
8
BLACK
6
CONTINUOUS
10
174.3509019999999907
20
-134.6436549999999954
11
174.3473419999999976
21
-134.6453419999999994
0
LINE
8
BLACK
6
CONTINUOUS
10
174.3473419999999976
20
-134.6453419999999994
11
174.3440089999999998
21
-134.6474340000000041
0
LINE
8
BLACK
6
CONTINUOUS
10
174.3440089999999998
20
-134.6474340000000041
11
173.9008929999999964
21
-134.868187000000006
0
LINE
8
BLACK
6
CONTINUOUS
10
173.9008929999999964
20
-134.868187000000006
11
173.8970899999999915
21
-134.8696349999999882
0
LINE
8
BLACK
6
CONTINUOUS
10
173.8970899999999915
20
-134.8696349999999882
11
173.8934869999999933
21
-134.8715080000000057
0
LINE
8
BLACK
6
CONTINUOUS
10
173.8934869999999933
20
-134.8715080000000057
11
173.4443949999999859
21
-135.0514009999999985
0
LINE
8
BLACK
6
CONTINUOUS
10
173.4443949999999859
20
-135.0514009999999985
11
173.4404049999999984
21
-135.0525599999999997
0
LINE
8
BLACK
6
CONTINUOUS
10
173.4404049999999984
20
-135.0525599999999997
11
173.4365750000000048
21
-135.0541629999999884
0
LINE
8
BLACK
6
CONTINUOUS
10
173.4365750000000048
20
-135.0541629999999884
11
172.9795440000000042
21
-135.1945609999999931
0
LINE
8
BLACK
6
CONTINUOUS
10
172.9795440000000042
20
-135.1945609999999931
11
172.9764610000000005
21
-135.1951849999999808
0
LINE
8
BLACK
6
CONTINUOUS
10
172.9764610000000005
20
-135.1951849999999808
11
172.9734859999999799
21
-135.1962159999999926
0
LINE
8
BLACK
6
CONTINUOUS
10
172.9734859999999799
20
-135.1962159999999926
11
172.741139000000004
21
-135.2519010000000037
0
LINE
8
BLACK
6
CONTINUOUS
10
172.741139000000004
20
-135.2519010000000037
11
172.7390599999999949
21
-135.2521869999999922
0
LINE
8
BLACK
6
CONTINUOUS
10
172.7390599999999949
20
-135.2521869999999922
11
172.7370429999999999
21
-135.2527929999999969
0
LINE
8
BLACK
6
CONTINUOUS
10
172.7370429999999999
20
-135.2527929999999969
11
172.5022769999999923
21
-135.2987469999999917
0
LINE
8
BLACK
6
CONTINUOUS
10
172.5022769999999923
20
-135.2987469999999917
11
172.5001839999999902
21
-135.2989460000000008
0
LINE
8
BLACK
6
CONTINUOUS
10
172.5001839999999902
20
-135.2989460000000008
11
172.498154999999997
21
-135.2994640000000004
0
LINE
8
BLACK
6
CONTINUOUS
10
172.498154999999997
20
-135.2994640000000004
11
172.259666999999979
21
-135.3358619999999917
0
LINE
8
BLACK
6
CONTINUOUS
10
172.259666999999979
20
-135.3358619999999917
11
172.2575809999999876
21
-135.3359729999999956
0
LINE
8
BLACK
6
CONTINUOUS
10
172.2575809999999876
20
-135.3359729999999956
11
172.2555409999999938
21
-135.3364039999999875
0
LINE
8
BLACK
6
CONTINUOUS
10
172.2555409999999938
20
-135.3364039999999875
11
172.0145379999999875
21
-135.3629819999999881
0
LINE
8
BLACK
6
CONTINUOUS
10
172.0145379999999875
20
-135.3629819999999881
11
172.0124689999999816
21
-135.3630059999999844
0
LINE
8
BLACK
6
CONTINUOUS
10
172.0124689999999816
20
-135.3630059999999844
11
172.0104259999999954
21
-135.363349999999997
0
LINE
8
BLACK
6
CONTINUOUS
10
172.0104259999999954
20
-135.363349999999997
11
171.7645829999999876
21
-135.3802279999999882
0
LINE
8
BLACK
6
CONTINUOUS
10
171.7645829999999876
20
-135.3802279999999882
11
171.7625390000000039
21
-135.3801670000000001
0
LINE
8
BLACK
6
CONTINUOUS
10
171.7625390000000039
20
-135.3801670000000001
11
171.7605049999999949
21
-135.3804250000000025
0
LINE
8
BLACK
6
CONTINUOUS
10
171.7605049999999949
20
-135.3804250000000025
11
171.5120259999999917
21
-135.3873140000000035
0
LINE
8
BLACK
6
CONTINUOUS
10
171.5120259999999917
20
-135.3873140000000035
11
171.5100079999999991
21
-135.387170999999995
0
LINE
8
BLACK
6
CONTINUOUS
10
171.5100079999999991
20
-135.387170999999995
11
171.5079989999999839
21
-135.3873439999999846
0
LINE
8
BLACK
6
CONTINUOUS
10
171.5079989999999839
20
-135.3873439999999846
11
171.2535220000000038
21
-135.3841469999999845
0
LINE
8
BLACK
6
CONTINUOUS
10
171.2535220000000038
20
-135.3841469999999845
11
171.2515489999999829
21
-135.3839269999999999
0
LINE
8
BLACK
6
CONTINUOUS
10
171.2515489999999829
20
-135.3839269999999999
11
171.2495639999999923
21
-135.384018999999995
0
LINE
8
BLACK
6
CONTINUOUS
10
171.2495639999999923
20
-135.384018999999995
11
170.9923019999999951
21
-135.3705850000000055
0
LINE
8
BLACK
6
CONTINUOUS
10
170.9923019999999951
20
-135.3705850000000055
11
170.9903750000000002
21
-135.3702930000000038
0
LINE
8
BLACK
6
CONTINUOUS
10
170.9903750000000002
20
-135.3702930000000038
11
170.9884249999999781
21
-135.3703069999999968
0
LINE
8
BLACK
6
CONTINUOUS
10
170.9884249999999781
20
-135.3703069999999968
11
170.7239689999999825
21
-135.34616299999999
0
LINE
8
BLACK
6
CONTINUOUS
10
170.7239689999999825
20
-135.34616299999999
11
170.722093000000001
21
-135.3458029999999894
0
LINE
8
BLACK
6
CONTINUOUS
10
170.722093000000001
20
-135.3458029999999894
11
170.7201900000000023
21
-135.3457449999999938
0
LINE
8
BLACK
6
CONTINUOUS
10
170.7201900000000023
20
-135.3457449999999938
11
170.4527750000000026
21
-135.3110369999999989
0
LINE
8
BLACK
6
CONTINUOUS
10
170.4527750000000026
20
-135.3110369999999989
11
170.4509620000000041
21
-135.3106170000000077
0
LINE
8
BLACK
6
CONTINUOUS
10
170.4509620000000041
20
-135.3106170000000077
11
170.4491009999999847
21
-135.3104909999999848
0
LINE
8
BLACK
6
CONTINUOUS
10
170.4491009999999847
20
-135.3104909999999848
11
170.1732580000000041
21
-135.2642150000000072
0
LINE
8
BLACK
6
CONTINUOUS
10
170.1732580000000041
20
-135.2642150000000072
11
170.1715039999999988
21
-135.2637399999999843
0
LINE
8
BLACK
6
CONTINUOUS
10
170.1715039999999988
20
-135.2637399999999843
11
170.1697039999999959
21
-135.2635520000000042
0
LINE
8
BLACK
6
CONTINUOUS
10
170.1697039999999959
20
-135.2635520000000042
11
169.8906959999999913
21
-135.2063039999999887
0
LINE
8
BLACK
6
CONTINUOUS
10
169.8906959999999913
20
-135.2063039999999887
11
169.8890130000000056
21
-135.2057819999999992
0
LINE
8
BLACK
6
CONTINUOUS
10
169.8890130000000056
20
-135.2057819999999992
11
169.8872639999999876
21
-135.2055369999999925
0
LINE
8
BLACK
6
CONTINUOUS
10
169.8872639999999876
20
-135.2055369999999925
11
169.5985589999999945
21
-135.1356370000000027
0
LINE
8
BLACK
6
CONTINUOUS
10
169.5985589999999945
20
-135.1356370000000027
11
169.5969419999999843
21
-135.1350730000000055
0
LINE
8
BLACK
6
CONTINUOUS
10
169.5969419999999843
20
-135.1350730000000055
11
169.5952589999999987
21
-135.134777999999983
0
LINE
8
BLACK
6
CONTINUOUS
10
169.5952589999999987
20
-135.134777999999983
11
169.303151999999983
21
-135.0534169999999961
0
LINE
8
BLACK
6
CONTINUOUS
10
169.303151999999983
20
-135.0534169999999961
11
169.301604999999995
21
-135.0528170000000046
0
LINE
8
BLACK
6
CONTINUOUS
10
169.301604999999995
20
-135.0528170000000046
11
169.2999849999999924
21
-135.0524780000000078
0
LINE
8
BLACK
6
CONTINUOUS
10
169.2999849999999924
20
-135.0524780000000078
11
168.9968680000000063
21
-134.9571550000000002
0
LINE
8
BLACK
6
CONTINUOUS
10
168.9968680000000063
20
-134.9571550000000002
11
168.995395000000002
21
-134.9565269999999941
0
LINE
8
BLACK
6
CONTINUOUS
10
168.995395000000002
20
-134.9565269999999941
11
168.9938379999999825
21
-134.9561489999999822
0
LINE
8
BLACK
6
CONTINUOUS
10
168.9938379999999825
20
-134.9561489999999822
11
168.6870469999999784
21
-134.8487939999999981
0
LINE
8
BLACK
6
CONTINUOUS
10
168.6870469999999784
20
-134.8487939999999981
11
168.6867469999999969
21
-134.848653999999982
0
LINE
8
BLACK
6
CONTINUOUS
10
168.6867469999999969
20
-134.848653999999982
11
168.6864239999999882
21
-134.8485739999999851
0
LINE
8
BLACK
6
CONTINUOUS
10
168.6864239999999882
20
-134.8485739999999851
11
167.5439659999999833
21
-134.44030699999999
0
LINE
8
BLACK
6
CONTINUOUS
10
167.5439659999999833
20
-134.44030699999999
11
167.0118319999999983
21
-134.2752689999999802
0
LINE
8
BLACK
6
CONTINUOUS
10
167.0118319999999983
20
-134.2752689999999802
11
166.6565989999999999
21
-134.1931370000000072
0
LINE
8
BLACK
6
CONTINUOUS
10
166.6565989999999999
20
-134.1931370000000072
11
166.3988599999999849
21
-134.1633709999999837
0
LINE
8
BLACK
6
CONTINUOUS
10
166.3988599999999849
20
-134.1633709999999837
11
166.1942190000000039
21
-134.1714539999999829
0
LINE
8
BLACK
6
CONTINUOUS
10
166.1942190000000039
20
-134.1714539999999829
11
166.1059769999999958
21
-134.1875859999999818
0
LINE
8
BLACK
6
CONTINUOUS
10
166.1059769999999958
20
-134.1875859999999818
11
166.020590999999996
21
-134.2123599999999897
0
LINE
8
BLACK
6
CONTINUOUS
10
166.020590999999996
20
-134.2123599999999897
11
165.9303299999999979
21
-134.2492220000000032
0
LINE
8
BLACK
6
CONTINUOUS
10
165.9303299999999979
20
-134.2492220000000032
11
165.8423310000000015
21
-134.296149999999983
0
LINE
8
BLACK
6
CONTINUOUS
10
165.8423310000000015
20
-134.296149999999983
11
165.7033849999999973
21
-134.3910089999999968
0
LINE
8
BLACK
6
CONTINUOUS
10
165.7033849999999973
20
-134.3910089999999968
11
165.5586779999999862
21
-134.5120029999999929
0
LINE
8
BLACK
6
CONTINUOUS
10
165.5586779999999862
20
-134.5120029999999929
11
165.2232049999999788
21
-134.8399890000000028
0
LINE
8
BLACK
6
CONTINUOUS
10
165.2232049999999788
20
-134.8399890000000028
11
165.0307219999999973
21
-135.0329869999999914
0
LINE
8
BLACK
6
CONTINUOUS
10
165.0307219999999973
20
-135.0329869999999914
11
165.0293570000000045
21
-135.0341090000000008
0
LINE
8
BLACK
6
CONTINUOUS
10
165.0293570000000045
20
-135.0341090000000008
11
165.0281980000000033
21
-135.0354289999999935
0
LINE
8
BLACK
6
CONTINUOUS
10
165.0281980000000033
20
-135.0354289999999935
11
164.5549910000000011
21
-135.4776880000000006
0
LINE
8
BLACK
6
CONTINUOUS
10
164.5549910000000011
20
-135.4776880000000006
11
164.5528479999999831
21
-135.4793279999999811
0
LINE
8
BLACK
6
CONTINUOUS
10
164.5528479999999831
20
-135.4793279999999811
11
164.5509539999999902
21
-135.4812629999999842
0
LINE
8
BLACK
6
CONTINUOUS
10
164.5509539999999902
20
-135.4812629999999842
11
164.0874369999999942
21
-135.8698440000000005
0
LINE
8
BLACK
6
CONTINUOUS
10
164.0874369999999942
20
-135.8698440000000005
11
164.084935999999999
21
-135.8715519999999799
0
LINE
8
BLACK
6
CONTINUOUS
10
164.084935999999999
20
-135.8715519999999799
11
164.0826859999999954
21
-135.8735889999999813
0
LINE
8
BLACK
6
CONTINUOUS
10
164.0826859999999954
20
-135.8735889999999813
11
163.6416339999999821
21
-136.2000429999999938
0
LINE
8
BLACK
6
CONTINUOUS
10
163.6416339999999821
20
-136.2000429999999938
11
163.6386870000000044
21
-136.2018050000000073
0
LINE
8
BLACK
6
CONTINUOUS
10
163.6386870000000044
20
-136.2018050000000073
11
163.6359919999999875
21
-136.2039269999999931
0
LINE
8
BLACK
6
CONTINUOUS
10
163.6359919999999875
20
-136.2039269999999931
11
163.2226869999999792
21
-136.4680649999999957
0
LINE
8
BLACK
6
CONTINUOUS
10
163.2226869999999792
20
-136.4680649999999957
11
163.2192019999999957
21
-136.4698369999999841
0
LINE
8
BLACK
6
CONTINUOUS
10
163.2192019999999957
20
-136.4698369999999841
11
163.2159580000000005
21
-136.4720039999999983
0
LINE
8
BLACK
6
CONTINUOUS
10
163.2159580000000005
20
-136.4720039999999983
11
162.8319649999999967
21
-136.6771549999999991
0
LINE
8
BLACK
6
CONTINUOUS
10
162.8319649999999967
20
-136.6771549999999991
11
162.8278519999999787
21
-136.6788569999999936
0
LINE
8
BLACK
6
CONTINUOUS
10
162.8278519999999787
20
-136.6788569999999936
11
162.823947000000004
21
-136.6809910000000059
0
LINE
8
BLACK
6
CONTINUOUS
10
162.823947000000004
20
-136.6809910000000059
11
162.4687779999999862
21
-136.8318940000000055
0
LINE
8
BLACK
6
CONTINUOUS
10
162.4687779999999862
20
-136.8318940000000055
11
162.4639520000000061
21
-136.8334049999999991
0
LINE
8
BLACK
6
CONTINUOUS
10
162.4639520000000061
20
-136.8334049999999991
11
162.4592889999999841
21
-136.8353709999999808
0
LINE
8
BLACK
6
CONTINUOUS
10
162.4592889999999841
20
-136.8353709999999808
11
162.1312489999999968
21
-136.9370799999999804
0
LINE
8
BLACK
6
CONTINUOUS
10
162.1312489999999968
20
-136.9370799999999804
11
162.1256589999999846
21
-136.9382269999999835
0
LINE
8
BLACK
6
CONTINUOUS
10
162.1256589999999846
20
-136.9382269999999835
11
162.1201719999999966
21
-136.939832999999993
0
LINE
8
BLACK
6
CONTINUOUS
10
162.1201719999999966
20
-136.939832999999993
11
161.8168309999999792
21
-136.9970569999999839
0
LINE
8
BLACK
6
CONTINUOUS
10
161.8168309999999792
20
-136.9970569999999839
11
161.8104840000000024
21
-136.9976179999999886
0
LINE
8
BLACK
6
CONTINUOUS
10
161.8104840000000024
20
-136.9976179999999886
11
161.8041939999999954
21
-136.9986159999999984
0
LINE
8
BLACK
6
CONTINUOUS
10
161.8041939999999954
20
-136.9986159999999984
11
161.5226909999999805
21
-137.0152579999999887
0
LINE
8
BLACK
6
CONTINUOUS
10
161.5226909999999805
20
-137.0152579999999887
11
161.5170099999999991
21
-137.0150349999999833
0
LINE
8
BLACK
6
CONTINUOUS
10
161.5170099999999991
20
-137.0150349999999833
11
161.5113240000000019
21
-137.0152829999999824
0
LINE
8
BLACK
6
CONTINUOUS
10
161.5113240000000019
20
-137.0152829999999824
11
156.256812999999994
21
-136.7277080000000069
0
LINE
8
BLACK
6
CONTINUOUS
10
156.256812999999994
20
-136.7277080000000069
11
156.2431409999999801
21
-136.7256009999999833
0
LINE
8
BLACK
6
CONTINUOUS
10
156.2431409999999801
20
-136.7256009999999833
11
156.2409739999999942
21
-136.7255619999999965
0
LINE
8
BLACK
6
CONTINUOUS
10
156.2409739999999942
20
-136.7255619999999965
11
156.2392370000000028
21
-136.7249999999999943
0
LINE
8
BLACK
6
CONTINUOUS
10
156.2392370000000028
20
-136.7249999999999943
11
156.2374379999999974
21
-136.7247229999999831
0
LINE
8
BLACK
6
CONTINUOUS
10
156.2374379999999974
20
-136.7247229999999831
11
156.2354870000000062
21
-136.7237869999999873
0
LINE
8
BLACK
6
CONTINUOUS
10
156.2354870000000062
20
-136.7237869999999873
11
156.2223219999999912
21
-136.7195279999999968
0
LINE
8
BLACK
6
CONTINUOUS
10
156.2223219999999912
20
-136.7195279999999968
11
156.0370979999999861
21
-136.6387949999999876
0
LINE
8
BLACK
6
CONTINUOUS
10
156.0370979999999861
20
-136.6387949999999876
11
155.7694239999999866
21
-136.5324569999999937
0
LINE
8
BLACK
6
CONTINUOUS
10
155.7694239999999866
20
-136.5324569999999937
11
155.5010149999999953
21
-136.4366739999999822
0
LINE
8
BLACK
6
CONTINUOUS
10
155.5010149999999953
20
-136.4366739999999822
11
155.0251199999999869
21
-136.2939779999999814
0
LINE
8
BLACK
6
CONTINUOUS
10
155.0251199999999869
20
-136.2939779999999814
11
154.6921629999999936
21
-136.2226420000000076
0
LINE
8
BLACK
6
CONTINUOUS
10
154.6921629999999936
20
-136.2226420000000076
11
154.4948029999999903
21
-136.2041499999999985
0
LINE
8
BLACK
6
CONTINUOUS
10
154.4948029999999903
20
-136.2041499999999985
11
154.4048090000000002
21
-136.1974150000000066
0
LINE
8
BLACK
6
CONTINUOUS
10
154.4048090000000002
20
-136.1974150000000066
11
154.3993470000000059
21
-136.1964609999999993
0
LINE
8
BLACK
6
CONTINUOUS
10
154.3993470000000059
20
-136.1964609999999993
11
154.3938229999999976
21
-136.1959769999999992
0
LINE
8
BLACK
6
CONTINUOUS
10
154.3938229999999976
20
-136.1959769999999992
11
154.2428160000000048
21
-136.1676290000000051
0
LINE
8
BLACK
6
CONTINUOUS
10
154.2428160000000048
20
-136.1676290000000051
11
154.2392490000000009
21
-136.1665889999999877
0
LINE
8
BLACK
6
CONTINUOUS
10
154.2392490000000009
20
-136.1665889999999877
11
154.2355859999999836
21
-136.1659919999999886
0
LINE
8
BLACK
6
CONTINUOUS
10
154.2355859999999836
20
-136.1659919999999886
11
154.0525480000000016
21
-136.1173569999999984
0
LINE
8
BLACK
6
CONTINUOUS
10
154.0525480000000016
20
-136.1173569999999984
11
154.0500920000000065
21
-136.1164379999999881
0
LINE
8
BLACK
6
CONTINUOUS
10
154.0500920000000065
20
-136.1164379999999881
11
154.0475249999999789
21
-136.1158810000000017
0
LINE
8
BLACK
6
CONTINUOUS
10
154.0475249999999789
20
-136.1158810000000017
11
153.8021779999999978
21
-136.0367300000000057
0
LINE
8
BLACK
6
CONTINUOUS
10
153.8021779999999978
20
-136.0367300000000057
11
153.8002989999999954
21
-136.0359119999999962
0
LINE
8
BLACK
6
CONTINUOUS
10
153.8002989999999954
20
-136.0359119999999962
11
153.7983179999999948
21
-136.035396999999989
0
LINE
8
BLACK
6
CONTINUOUS
10
153.7983179999999948
20
-136.035396999999989
11
153.5245400000000018
21
-135.9345579999999813
0
LINE
8
BLACK
6
CONTINUOUS
10
153.5245400000000018
20
-135.9345579999999813
11
153.523036999999988
21
-135.9338300000000004
0
LINE
8
BLACK
6
CONTINUOUS
10
153.523036999999988
20
-135.9338300000000004
11
153.521443000000005
21
-135.9333579999999984
0
LINE
8
BLACK
6
CONTINUOUS
10
153.521443000000005
20
-135.9333579999999984
11
153.2202220000000068
21
-135.8109039999999936
0
LINE
8
BLACK
6
CONTINUOUS
10
153.2202220000000068
20
-135.8109039999999936
11
153.2188999999999908
21
-135.8102079999999887
0
LINE
8
BLACK
6
CONTINUOUS
10
153.2188999999999908
20
-135.8102079999999887
11
153.2174839999999847
21
-135.8097429999999974
0
LINE
8
BLACK
6
CONTINUOUS
10
153.2174839999999847
20
-135.8097429999999974
11
152.9030019999999865
21
-135.6708610000000022
0
LINE
8
BLACK
6
CONTINUOUS
10
152.9030019999999865
20
-135.6708610000000022
11
152.9011830000000032
21
-135.6698339999999803
0
LINE
8
BLACK
6
CONTINUOUS
10
152.9011830000000032
20
-135.6698339999999803
11
152.899234000000007
21
-135.669101999999981
0
LINE
8
BLACK
6
CONTINUOUS
10
152.899234000000007
20
-135.669101999999981
11
152.3051240000000064
21
-135.3766439999999989
0
LINE
8
BLACK
6
CONTINUOUS
10
152.3051240000000064
20
-135.3766439999999989
11
152.3039119999999969
21
-135.3758909999999958
0
LINE
8
BLACK
6
CONTINUOUS
10
152.3039119999999969
20
-135.3758909999999958
11
152.3025930000000017
21
-135.3753529999999898
0
LINE
8
BLACK
6
CONTINUOUS
10
152.3025930000000017
20
-135.3753529999999898
11
150.7920619999999872
21
-134.5776809999999841
0
LINE
8
BLACK
6
CONTINUOUS
10
150.7920619999999872
20
-134.5776809999999841
11
148.9804389999999898
21
-135.1779539999999997
0
LINE
8
BLACK
6
CONTINUOUS
10
148.9804389999999898
20
-135.1779539999999997
11
148.9799380000000042
21
-135.1780660000000012
0
LINE
8
BLACK
6
CONTINUOUS
10
148.9799380000000042
20
-135.1780660000000012
11
148.9794709999999895
21
-135.1782690000000002
0
LINE
8
BLACK
6
CONTINUOUS
10
148.9794709999999895
20
-135.1782690000000002
11
148.7482269999999858
21
-135.252285999999998
0
LINE
8
BLACK
6
CONTINUOUS
10
148.7482269999999858
20
-135.252285999999998
11
148.7470140000000072
21
-135.2525459999999953
0
LINE
8
BLACK
6
CONTINUOUS
10
148.7470140000000072
20
-135.2525459999999953
11
148.7458649999999807
21
-135.2530099999999891
0
LINE
8
BLACK
6
CONTINUOUS
10
148.7458649999999807
20
-135.2530099999999891
11
148.404691999999983
21
-135.3529949999999928
0
LINE
8
BLACK
6
CONTINUOUS
10
148.404691999999983
20
-135.3529949999999928
11
148.4032780000000002
21
-135.3532620000000009
0
LINE
8
BLACK
6
CONTINUOUS
10
148.4032780000000002
20
-135.3532620000000009
11
148.4019260000000031
21
-135.3537629999999865
0
LINE
8
BLACK
6
CONTINUOUS
10
148.4019260000000031
20
-135.3537629999999865
11
148.0582929999999919
21
-135.443838999999997
0
LINE
8
BLACK
6
CONTINUOUS
10
148.0582929999999919
20
-135.443838999999997
11
148.056886999999989
21
-135.4440629999999999
0
LINE
8
BLACK
6
CONTINUOUS
10
148.056886999999989
20
-135.4440629999999999
11
148.0555369999999868
21
-135.4445199999999829
0
LINE
8
BLACK
6
CONTINUOUS
10
148.0555369999999868
20
-135.4445199999999829
11
147.7053109999999947
21
-135.5257729999999867
0
LINE
8
BLACK
6
CONTINUOUS
10
147.7053109999999947
20
-135.5257729999999867
11
147.7039069999999867
21
-135.5259560000000079
0
LINE
8
BLACK
6
CONTINUOUS
10
147.7039069999999867
20
-135.5259560000000079
11
147.7025529999999947
21
-135.5263719999999807
0
LINE
8
BLACK
6
CONTINUOUS
10
147.7025529999999947
20
-135.5263719999999807
11
147.3517339999999933
21
-135.5973929999999825
0
LINE
8
BLACK
6
CONTINUOUS
10
147.3517339999999933
20
-135.5973929999999825
11
147.3503299999999854
21
-135.597535999999991
0
LINE
8
BLACK
6
CONTINUOUS
10
147.3503299999999854
20
-135.597535999999991
11
147.3489710000000059
21
-135.597912000000008
0
LINE
8
BLACK
6
CONTINUOUS
10
147.3489710000000059
20
-135.597912000000008
11
146.9965689999999938
21
-135.6589979999999969
0
LINE
8
BLACK
6
CONTINUOUS
10
146.9965689999999938
20
-135.6589979999999969
11
146.9951599999999985
21
-135.6591009999999926
0
LINE
8
BLACK
6
CONTINUOUS
10
146.9951599999999985
20
-135.6591009999999926
11
146.993787999999995
21
-135.6594399999999894
0
LINE
8
BLACK
6
CONTINUOUS
10
146.993787999999995
20
-135.6594399999999894
11
146.6427679999999896
21
-135.7101490000000013
0
LINE
8
BLACK
6
CONTINUOUS
10
146.6427679999999896
20
-135.7101490000000013
11
146.6406379999999956
21
-135.7102449999999862
0
LINE
8
BLACK
6
CONTINUOUS
10
146.6406379999999956
20
-135.7102449999999862
11
146.6385499999999809
21
-135.7106670000000008
0
LINE
8
BLACK
6
CONTINUOUS
10
146.6385499999999809
20
-135.7106670000000008
11
145.9474569999999858
21
-135.7806860000000029
0
LINE
8
BLACK
6
CONTINUOUS
10
145.9474569999999858
20
-135.7806860000000029
11
145.944547
21
-135.7806939999999827
0
LINE
8
BLACK
6
CONTINUOUS
10
145.944547
20
-135.7806939999999827
11
145.9416689999999903
21
-135.7811030000000017
0
LINE
8
BLACK
6
CONTINUOUS
10
145.9416689999999903
20
-135.7811030000000017
11
145.277134999999987
21
-135.8096539999999948
0
LINE
8
BLACK
6
CONTINUOUS
10
145.277134999999987
20
-135.8096539999999948
11
145.2741010000000017
21
-135.8094859999999926
0
LINE
8
BLACK
6
CONTINUOUS
10
145.2741010000000017
20
-135.8094859999999926
11
145.271080999999981
21
-135.8097300000000018
0
LINE
8
BLACK
6
CONTINUOUS
10
145.271080999999981
20
-135.8097300000000018
11
144.6455589999999916
21
-135.798704999999984
0
LINE
8
BLACK
6
CONTINUOUS
10
144.6455589999999916
20
-135.798704999999984
11
144.6423580000000015
21
-135.7983319999999878
0
LINE
8
BLACK
6
CONTINUOUS
10
144.6423580000000015
20
-135.7983319999999878
11
144.6391319999999894
21
-135.7983849999999961
0
LINE
8
BLACK
6
CONTINUOUS
10
144.6391319999999894
20
-135.7983849999999961
11
144.0623229999999921
21
-135.7509900000000016
0
LINE
8
BLACK
6
CONTINUOUS
10
144.0623229999999921
20
-135.7509900000000016
11
144.0588960000000043
21
-135.750364999999988
0
LINE
8
BLACK
6
CONTINUOUS
10
144.0588960000000043
20
-135.750364999999988
11
144.0554159999999797
21
-135.7501800000000003
0
LINE
8
BLACK
6
CONTINUOUS
10
144.0554159999999797
20
-135.7501800000000003
11
143.5337909999999795
21
-135.6705240000000003
0
LINE
8
BLACK
6
CONTINUOUS
10
143.5337909999999795
20
-135.6705240000000003
11
143.5300890000000038
21
-135.6695799999999963
0
LINE
8
BLACK
6
CONTINUOUS
10
143.5300890000000038
20
-135.6695799999999963
11
143.5263009999999895
21
-135.669085999999993
0
LINE
8
BLACK
6
CONTINUOUS
10
143.5263009999999895
20
-135.669085999999993
11
143.0631269999999802
21
-135.5617009999999993
0
LINE
8
BLACK
6
CONTINUOUS
10
143.0631269999999802
20
-135.5617009999999993
11
143.0591110000000015
21
-135.5603429999999889
0
LINE
8
BLACK
6
CONTINUOUS
10
143.0591110000000015
20
-135.5603429999999889
11
143.0549689999999998
21
-135.55944199999999
0
LINE
8
BLACK
6
CONTINUOUS
10
143.0549689999999998
20
-135.55944199999999
11
142.6507129999999961
21
-135.4288339999999948
0
LINE
8
BLACK
6
CONTINUOUS
10
142.6507129999999961
20
-135.4288339999999948
11
142.6463640000000055
21
-135.4269400000000019
0
LINE
8
BLACK
6
CONTINUOUS
10
142.6463640000000055
20
-135.4269400000000019
11
142.6418469999999843
21
-135.4254980000000046
0
LINE
8
BLACK
6
CONTINUOUS
10
142.6418469999999843
20
-135.4254980000000046
11
142.2947929999999985
21
-135.2757829999999899
0
LINE
8
BLACK
6
CONTINUOUS
10
142.2947929999999985
20
-135.2757829999999899
11
142.2908909999999878
21
-135.2736229999999864
0
LINE
8
BLACK
6
CONTINUOUS
10
142.2908909999999878
20
-135.2736229999999864
11
142.2867770000000007
21
-135.2718930000000057
0
LINE
8
BLACK
6
CONTINUOUS
10
142.2867770000000007
20
-135.2718930000000057
11
142.0653920000000028
21
-135.1519849999999963
0
LINE
8
BLACK
6
CONTINUOUS
10
142.0653920000000028
20
-135.1519849999999963
11
142.0631449999999916
21
-135.1504659999999944
0
LINE
8
BLACK
6
CONTINUOUS
10
142.0631449999999916
20
-135.1504659999999944
11
142.0607090000000028
21
-135.1492819999999995
0
LINE
8
BLACK
6
CONTINUOUS
10
142.0607090000000028
20
-135.1492819999999995
11
141.8249969999999962
21
-135.0046140000000037
0
LINE
8
BLACK
6
CONTINUOUS
10
141.8249969999999962
20
-135.0046140000000037
11
141.8234369999999842
21
-135.0034320000000037
0
LINE
8
BLACK
6
CONTINUOUS
10
141.8234369999999842
20
-135.0034320000000037
11
141.8217089999999985
21
-135.0025069999999801
0
LINE
8
BLACK
6
CONTINUOUS
10
141.8217089999999985
20
-135.0025069999999801
11
141.5687790000000064
21
-134.8333309999999869
0
LINE
8
BLACK
6
CONTINUOUS
10
141.5687790000000064
20
-134.8333309999999869
11
141.5675129999999911
21
-134.8322909999999979
0
LINE
8
BLACK
6
CONTINUOUS
10
141.5675129999999911
20
-134.8322909999999979
11
141.5661020000000008
21
-134.8314759999999808
0
LINE
8
BLACK
6
CONTINUOUS
10
141.5661020000000008
20
-134.8314759999999808
11
141.2899469999999837
21
-134.6334579999999903
0
LINE
8
BLACK
6
CONTINUOUS
10
141.2899469999999837
20
-134.6334579999999903
11
141.2888350000000059
21
-134.6324819999999818
0
LINE
8
BLACK
6
CONTINUOUS
10
141.2888350000000059
20
-134.6324819999999818
11
141.2875799999999913
21
-134.6317070000000058
0
LINE
8
BLACK
6
CONTINUOUS
10
141.2875799999999913
20
-134.6317070000000058
11
141.0072399999999959
21
-134.4179129999999986
0
LINE
8
BLACK
6
CONTINUOUS
10
141.0072399999999959
20
-134.4179129999999986
11
141.0057280000000048
21
-134.4165050000000008
0
LINE
8
BLACK
6
CONTINUOUS
10
141.0057280000000048
20
-134.4165050000000008
11
141.0040149999999812
21
-134.415346999999997
0
LINE
8
BLACK
6
CONTINUOUS
10
141.0040149999999812
20
-134.415346999999997
11
140.4874790000000075
21
-133.9866439999999841
0
LINE
8
BLACK
6
CONTINUOUS
10
140.4874790000000075
20
-133.9866439999999841
11
140.4854379999999878
21
-133.9845809999999915
0
LINE
8
BLACK
6
CONTINUOUS
10
140.4854379999999878
20
-133.9845809999999915
11
140.4831340000000068
21
-133.9828200000000038
0
LINE
8
BLACK
6
CONTINUOUS
10
140.4831340000000068
20
-133.9828200000000038
11
140.0764159999999947
21
-133.6034420000000011
0
LINE
8
BLACK
6
CONTINUOUS
10
140.0764159999999947
20
-133.6034420000000011
11
140.0755499999999927
21
-133.6024579999999844
0
LINE
8
BLACK
6
CONTINUOUS
10
140.0755499999999927
20
-133.6024579999999844
11
140.0745310000000075
21
-133.6016369999999824
0
LINE
8
BLACK
6
CONTINUOUS
10
140.0745310000000075
20
-133.6016369999999824
11
139.7757729999999867
21
-133.3080119999999908
0
LINE
8
BLACK
6
CONTINUOUS
10
139.7757729999999867
20
-133.3080119999999908
11
139.4342499999999916
21
-132.9976479999999981
0
LINE
8
BLACK
6
CONTINUOUS
10
139.4342499999999916
20
-132.9976479999999981
11
139.1841310000000078
21
-132.807360999999986
0
LINE
8
BLACK
6
CONTINUOUS
10
139.1841310000000078
20
-132.807360999999986
11
138.9646610000000067
21
-132.6807579999999973
0
LINE
8
BLACK
6
CONTINUOUS
10
138.9646610000000067
20
-132.6807579999999973
11
138.8556619999999953
21
-132.6336419999999805
0
LINE
8
BLACK
6
CONTINUOUS
10
138.8556619999999953
20
-132.6336419999999805
11
138.7415110000000027
21
-132.5948779999999942
0
LINE
8
BLACK
6
CONTINUOUS
10
138.7415110000000027
20
-132.5948779999999942
11
138.6042719999999804
21
-132.5604270000000042
0
LINE
8
BLACK
6
CONTINUOUS
10
138.6042719999999804
20
-132.5604270000000042
11
138.4565859999999873
21
-132.5350229999999954
0
LINE
8
BLACK
6
CONTINUOUS
10
138.4565859999999873
20
-132.5350229999999954
11
138.0899990000000059
21
-132.5043569999999988
0
LINE
8
BLACK
6
CONTINUOUS
10
138.0899990000000059
20
-132.5043569999999988
11
137.6297529999999938
21
-132.4957320000000038
0
LINE
8
BLACK
6
CONTINUOUS
10
137.6297529999999938
20
-132.4957320000000038
11
137.4830570000000023
21
-132.4943969999999922
0
LINE
8
BLACK
6
CONTINUOUS
10
137.4830570000000023
20
-132.4943969999999922
11
137.4820619999999849
21
-132.4942889999999807
0
LINE
8
BLACK
6
CONTINUOUS
10
137.4820619999999849
20
-132.4942889999999807
11
137.4810640000000035
21
-132.4943590000000029
0
LINE
8
BLACK
6
CONTINUOUS
10
137.4810640000000035
20
-132.4943590000000029
11
137.108097999999984
21
-132.4835269999999809
0
LINE
8
BLACK
6
CONTINUOUS
10
137.108097999999984
20
-132.4835269999999809
11
137.1067249999999831
21
-132.483350999999999
0
LINE
8
BLACK
6
CONTINUOUS
10
137.1067249999999831
20
-132.483350999999999
11
137.1053409999999815
21
-132.4834089999999946
0
LINE
8
BLACK
6
CONTINUOUS
10
137.1053409999999815
20
-132.4834089999999946
11
136.7307590000000062
21
-132.4621709999999837
0
LINE
8
BLACK
6
CONTINUOUS
10
136.7307590000000062
20
-132.4621709999999837
11
136.7294210000000021
21
-132.4619619999999998
0
LINE
8
BLACK
6
CONTINUOUS
10
136.7294210000000021
20
-132.4619619999999998
11
136.728069000000005
21
-132.4619820000000061
0
LINE
8
BLACK
6
CONTINUOUS
10
136.728069000000005
20
-132.4619820000000061
11
136.3427480000000003
21
-132.4296939999999836
0
LINE
8
BLACK
6
CONTINUOUS
10
136.3427480000000003
20
-132.4296939999999836
11
136.3414410000000032
21
-132.4294529999999952
0
LINE
8
BLACK
6
CONTINUOUS
10
136.3414410000000032
20
-132.4294529999999952
11
136.3401120000000049
21
-132.4294380000000046
0
LINE
8
BLACK
6
CONTINUOUS
10
136.3401120000000049
20
-132.4294380000000046
11
135.9552439999999933
21
-132.3868989999999997
0
LINE
8
BLACK
6
CONTINUOUS
10
135.9552439999999933
20
-132.3868989999999997
11
135.9539639999999849
21
-132.3866280000000017
0
LINE
8
BLACK
6
CONTINUOUS
10
135.9539639999999849
20
-132.3866280000000017
11
135.9526569999999879
21
-132.3865789999999834
0
LINE
8
BLACK
6
CONTINUOUS
10
135.9526569999999879
20
-132.3865789999999834
11
135.5625709999999913
21
-132.333139999999986
0
LINE
8
BLACK
6
CONTINUOUS
10
135.5625709999999913
20
-132.333139999999986
11
135.5613069999999993
21
-132.3328379999999811
0
LINE
8
BLACK
6
CONTINUOUS
10
135.5613069999999993
20
-132.3328379999999811
11
135.5600169999999878
21
-132.3327559999999892
0
LINE
8
BLACK
6
CONTINUOUS
10
135.5600169999999878
20
-132.3327559999999892
11
135.1726869999999963
21
-132.2694659999999942
0
LINE
8
BLACK
6
CONTINUOUS
10
135.1726869999999963
20
-132.2694659999999942
11
135.1714429999999822
21
-132.2691340000000082
0
LINE
8
BLACK
6
CONTINUOUS
10
135.1714429999999822
20
-132.2691340000000082
11
135.1701620000000048
21
-132.2690199999999834
0
LINE
8
BLACK
6
CONTINUOUS
10
135.1701620000000048
20
-132.2690199999999834
11
134.7840759999999989
21
-132.1957239999999842
0
LINE
8
BLACK
6
CONTINUOUS
10
134.7840759999999989
20
-132.1957239999999842
11
134.782843999999983
21
-132.1953619999999887
0
LINE
8
BLACK
6
CONTINUOUS
10
134.782843999999983
20
-132.1953619999999887
11
134.7815620000000081
21
-132.1952139999999929
0
LINE
8
BLACK
6
CONTINUOUS
10
134.7815620000000081
20
-132.1952139999999929
11
134.4006169999999827
21
-132.1127149999999801
0
LINE
8
BLACK
6
CONTINUOUS
10
134.4006169999999827
20
-132.1127149999999801
11
134.3987720000000081
21
-132.1121210000000019
0
LINE
8
BLACK
6
CONTINUOUS
10
134.3987720000000081
20
-132.1121210000000019
11
134.396854999999988
21
-132.1118239999999844
0
LINE
8
BLACK
6
CONTINUOUS
10
134.396854999999988
20
-132.1118239999999844
11
133.6584220000000016
21
-131.921750000000003
0
LINE
8
BLACK
6
CONTINUOUS
10
133.6584220000000016
20
-131.921750000000003
11
133.6559309999999812
21
-131.9208399999999983
0
LINE
8
BLACK
6
CONTINUOUS
10
133.6559309999999812
20
-131.9208399999999983
11
133.6533379999999909
21
-131.920297000000005
0
LINE
8
BLACK
6
CONTINUOUS
10
133.6533379999999909
20
-131.920297000000005
11
132.9603999999999928
21
-131.7022879999999816
0
LINE
8
BLACK
6
CONTINUOUS
10
132.9603999999999928
20
-131.7022879999999816
11
132.9578469999999868
21
-131.7011990000000026
0
LINE
8
BLACK
6
CONTINUOUS
10
132.9578469999999868
20
-131.7011990000000026
11
132.9551569999999856
21
-131.7004780000000039
0
LINE
8
BLACK
6
CONTINUOUS
10
132.9551569999999856
20
-131.7004780000000039
11
132.3215309999999931
21
-131.4617729999999938
0
LINE
8
BLACK
6
CONTINUOUS
10
132.3215309999999931
20
-131.4617729999999938
11
132.3188529999999901
21
-131.4604510000000062
0
LINE
8
BLACK
6
CONTINUOUS
10
132.3188529999999901
20
-131.4604510000000062
11
132.3160279999999887
21
-131.4595099999999945
0
LINE
8
BLACK
6
CONTINUOUS
10
132.3160279999999887
20
-131.4595099999999945
11
131.7513219999999876
21
-131.2074690000000032
0
LINE
8
BLACK
6
CONTINUOUS
10
131.7513219999999876
20
-131.2074690000000032
11
131.7484839999999906
21
-131.205851999999993
0
LINE
8
BLACK
6
CONTINUOUS
10
131.7484839999999906
20
-131.205851999999993
11
131.7454620000000034
21
-131.2046210000000031
0
LINE
8
BLACK
6
CONTINUOUS
10
131.7454620000000034
20
-131.2046210000000031
11
131.25473199999999
21
-130.9460430000000031
0
LINE
8
BLACK
6
CONTINUOUS
10
131.25473199999999
20
-130.9460430000000031
11
131.2516880000000015
21
-130.9440349999999853
0
LINE
8
BLACK
6
CONTINUOUS
10
131.2516880000000015
20
-130.9440349999999853
11
131.2484299999999848
21
-130.9424229999999909
0
LINE
8
BLACK
6
CONTINUOUS
10
131.2484299999999848
20
-130.9424229999999909
11
130.8325679999999807
21
-130.6830609999999808
0
LINE
8
BLACK
6
CONTINUOUS
10
130.8325679999999807
20
-130.6830609999999808
11
130.8293009999999867
21
-130.6805479999999875
0
LINE
8
BLACK
6
CONTINUOUS
10
130.8293009999999867
20
-130.6805479999999875
11
130.8257700000000057
21
-130.6784219999999834
0
LINE
8
BLACK
6
CONTINUOUS
10
130.8257700000000057
20
-130.6784219999999834
11
130.4823339999999803
21
-130.4227329999999938
0
LINE
8
BLACK
6
CONTINUOUS
10
130.4823339999999803
20
-130.4227329999999938
11
130.4788450000000068
21
-130.4195589999999925
0
LINE
8
BLACK
6
CONTINUOUS
10
130.4788450000000068
20
-130.4195589999999925
11
130.4750449999999944
21
-130.4167529999999999
0
LINE
8
BLACK
6
CONTINUOUS
10
130.4750449999999944
20
-130.4167529999999999
11
130.1992799999999875
21
-130.1678269999999884
0
LINE
8
BLACK
6
CONTINUOUS
10
130.1992799999999875
20
-130.1678269999999884
11
130.1956150000000036
21
-130.1637989999999832
0
LINE
8
BLACK
6
CONTINUOUS
10
130.1956150000000036
20
-130.1637989999999832
11
130.1916180000000054
21
-130.160113999999993
0
LINE
8
BLACK
6
CONTINUOUS
10
130.1916180000000054
20
-130.160113999999993
11
129.9774559999999894
21
-129.9197169999999915
0
LINE
8
BLACK
6
CONTINUOUS
10
129.9774559999999894
20
-129.9197169999999915
11
129.9759479999999883
21
-129.9176469999999881
0
LINE
8
BLACK
6
CONTINUOUS
10
129.9759479999999883
20
-129.9176469999999881
11
129.974158999999986
21
-129.9158199999999965
0
LINE
8
BLACK
6
CONTINUOUS
10
129.974158999999986
20
-129.9158199999999965
11
129.8051319999999862
21
-129.7053809999999885
0
LINE
8
BLACK
6
CONTINUOUS
10
129.8051319999999862
20
-129.7053809999999885
11
129.643336000000005
21
-129.5290669999999977
0
LINE
8
BLACK
6
CONTINUOUS
10
129.643336000000005
20
-129.5290669999999977
11
129.5286159999999995
21
-129.4390630000000044
0
LINE
8
BLACK
6
CONTINUOUS
10
129.5286159999999995
20
-129.4390630000000044
11
129.422444999999982
21
-129.3921320000000037
0
LINE
8
BLACK
6
CONTINUOUS
10
129.422444999999982
20
-129.3921320000000037
11
129.3570839999999862
21
-129.3796869999999899
0
LINE
8
BLACK
6
CONTINUOUS
10
129.3570839999999862
20
-129.3796869999999899
11
129.2785580000000039
21
-129.3771470000000079
0
LINE
8
BLACK
6
CONTINUOUS
10
129.2785580000000039
20
-129.3771470000000079
11
129.1859359999999981
21
-129.3856800000000078
0
LINE
8
BLACK
6
CONTINUOUS
10
129.1859359999999981
20
-129.3856800000000078
11
129.0777379999999823
21
-129.4056099999999958
0
LINE
8
BLACK
6
CONTINUOUS
10
129.0777379999999823
20
-129.4056099999999958
11
128.8004430000000013
21
-129.4806480000000022
0
LINE
8
BLACK
6
CONTINUOUS
10
128.8004430000000013
20
-129.4806480000000022
11
128.4365619999999808
21
-129.5976110000000006
0
LINE
8
BLACK
6
CONTINUOUS
10
128.4365619999999808
20
-129.5976110000000006
11
128.0918130000000019
21
-129.7194350000000043
0
LINE
8
BLACK
6
CONTINUOUS
10
128.0918130000000019
20
-129.7194350000000043
11
127.6847339999999917
21
-129.8918610000000058
0
LINE
8
BLACK
6
CONTINUOUS
10
127.6847339999999917
20
-129.8918610000000058
11
127.3770959999999945
21
-130.0569659999999885
0
LINE
8
BLACK
6
CONTINUOUS
10
127.3770959999999945
20
-130.0569659999999885
11
127.1459119999999956
21
-130.2177539999999851
0
LINE
8
BLACK
6
CONTINUOUS
10
127.1459119999999956
20
-130.2177539999999851
11
126.9744299999999981
21
-130.376938999999993
0
LINE
8
BLACK
6
CONTINUOUS
10
126.9744299999999981
20
-130.376938999999993
11
126.8485299999999967
21
-130.5401300000000049
0
LINE
8
BLACK
6
CONTINUOUS
10
126.8485299999999967
20
-130.5401300000000049
11
126.8020169999999922
21
-130.6214939999999842
0
LINE
8
BLACK
6
CONTINUOUS
10
126.8020169999999922
20
-130.6214939999999842
11
126.7633209999999906
21
-130.7073230000000024
0
LINE
8
BLACK
6
CONTINUOUS
10
126.7633209999999906
20
-130.7073230000000024
11
126.7325409999999977
21
-130.7983989999999892
0
LINE
8
BLACK
6
CONTINUOUS
10
126.7325409999999977
20
-130.7983989999999892
11
126.7105029999999886
21
-130.8929839999999842
0
LINE
8
BLACK
6
CONTINUOUS
10
126.7105029999999886
20
-130.8929839999999842
11
126.6964509999999962
21
-130.9974670000000003
0
LINE
8
BLACK
6
CONTINUOUS
10
126.6964509999999962
20
-130.9974670000000003
11
126.6916039999999981
21
-131.1111180000000047
0
LINE
8
BLACK
6
CONTINUOUS
10
126.6916039999999981
20
-131.1111180000000047
11
126.6915359999999993
21
-131.1115910000000042
0
LINE
8
BLACK
6
CONTINUOUS
10
126.6915359999999993
20
-131.1115910000000042
11
126.691558999999998
21
-131.1120699999999886
0
LINE
8
BLACK
6
CONTINUOUS
10
126.691558999999998
20
-131.1120699999999886
11
126.6851939999999956
21
-131.2339979999999855
0
LINE
8
BLACK
6
CONTINUOUS
10
126.6851939999999956
20
-131.2339979999999855
11
126.6845359999999943
21
-131.2383370000000014
0
LINE
8
BLACK
6
CONTINUOUS
10
126.6845359999999943
20
-131.2383370000000014
11
126.684353999999999
21
-131.2427219999999863
0
LINE
8
BLACK
6
CONTINUOUS
10
126.684353999999999
20
-131.2427219999999863
11
126.6657389999999879
21
-131.3749880000000019
0
LINE
8
BLACK
6
CONTINUOUS
10
126.6657389999999879
20
-131.3749880000000019
11
126.6648529999999937
21
-131.3786369999999977
0
LINE
8
BLACK
6
CONTINUOUS
10
126.6648529999999937
20
-131.3786369999999977
11
126.6644159999999886
21
-131.3823730000000012
0
LINE
8
BLACK
6
CONTINUOUS
10
126.6644159999999886
20
-131.3823730000000012
11
126.6287009999999924
21
-131.546022999999991
0
LINE
8
BLACK
6
CONTINUOUS
10
126.6287009999999924
20
-131.546022999999991
11
126.6277009999999876
21
-131.5491099999999847
0
LINE
8
BLACK
6
CONTINUOUS
10
126.6277009999999876
20
-131.5491099999999847
11
126.6271139999999917
21
-131.5523120000000006
0
LINE
8
BLACK
6
CONTINUOUS
10
126.6271139999999917
20
-131.5523120000000006
11
126.5771819999999934
21
-131.7261230000000012
0
LINE
8
BLACK
6
CONTINUOUS
10
126.5771819999999934
20
-131.7261230000000012
11
126.5761409999999927
21
-131.7287429999999802
0
LINE
8
BLACK
6
CONTINUOUS
10
126.5761409999999927
20
-131.7287429999999802
11
126.5754799999999989
21
-131.7314739999999915
0
LINE
8
BLACK
6
CONTINUOUS
10
126.5754799999999989
20
-131.7314739999999915
11
126.5051869999999923
21
-131.9328099999999893
0
LINE
8
BLACK
6
CONTINUOUS
10
126.5051869999999923
20
-131.9328099999999893
11
126.5041370000000001
21
-131.9350729999999885
0
LINE
8
BLACK
6
CONTINUOUS
10
126.5041370000000001
20
-131.9350729999999885
11
126.503428999999997
21
-131.9374699999999905
0
LINE
8
BLACK
6
CONTINUOUS
10
126.503428999999997
20
-131.9374699999999905
11
126.4186399999999963
21
-132.1462819999999851
0
LINE
8
BLACK
6
CONTINUOUS
10
126.4186399999999963
20
-132.1462819999999851
11
126.4175999999999931
21
-132.1482599999999934
0
LINE
8
BLACK
6
CONTINUOUS
10
126.4175999999999931
20
-132.1482599999999934
11
126.4168699999999887
21
-132.1503769999999918
0
LINE
8
BLACK
6
CONTINUOUS
10
126.4168699999999887
20
-132.1503769999999918
11
126.3132379999999984
21
-132.3761450000000082
0
LINE
8
BLACK
6
CONTINUOUS
10
126.3132379999999984
20
-132.3761450000000082
11
126.3121909999999986
21
-132.3779370000000029
0
LINE
8
BLACK
6
CONTINUOUS
10
126.3121909999999986
20
-132.3779370000000029
11
126.3114360000000005
21
-132.3798649999999952
0
LINE
8
BLACK
6
CONTINUOUS
10
126.3114360000000005
20
-132.3798649999999952
11
126.1950329999999951
21
-132.6080749999999853
0
LINE
8
BLACK
6
CONTINUOUS
10
126.1950329999999951
20
-132.6080749999999853
11
126.1934709999999882
21
-132.6105119999999999
0
LINE
8
BLACK
6
CONTINUOUS
10
126.1934709999999882
20
-132.6105119999999999
11
126.1922649999999919
21
-132.6131340000000023
0
LINE
8
BLACK
6
CONTINUOUS
10
126.1922649999999919
20
-132.6131340000000023
11
125.9271389999999968
21
-133.0663089999999897
0
LINE
8
BLACK
6
CONTINUOUS
10
125.9271389999999968
20
-133.0663089999999897
11
125.9249329999999958
21
-133.0693499999999858
0
LINE
8
BLACK
6
CONTINUOUS
10
125.9249329999999958
20
-133.0693499999999858
11
125.9231139999999982
21
-133.0726319999999987
0
LINE
8
BLACK
6
CONTINUOUS
10
125.9231139999999982
20
-133.0726319999999987
11
125.6406859999999881
21
-133.4816579999999817
0
LINE
8
BLACK
6
CONTINUOUS
10
125.6406859999999881
20
-133.4816579999999817
11
125.638118999999989
21
-133.484689000000003
0
LINE
8
BLACK
6
CONTINUOUS
10
125.638118999999989
20
-133.484689000000003
11
125.6359219999999937
21
-133.4880039999999894
0
LINE
8
BLACK
6
CONTINUOUS
10
125.6359219999999937
20
-133.4880039999999894
11
125.3610319999999945
21
-133.8253839999999855
0
LINE
8
BLACK
6
CONTINUOUS
10
125.3610319999999945
20
-133.8253839999999855
11
125.3578119999999956
21
-133.8286259999999857
0
LINE
8
BLACK
6
CONTINUOUS
10
125.3578119999999956
20
-133.8286259999999857
11
125.3549579999999963
21
-133.8321799999999939
0
LINE
8
BLACK
6
CONTINUOUS
10
125.3549579999999963
20
-133.8321799999999939
11
125.1036469999999952
21
-134.0888390000000072
0
LINE
8
BLACK
6
CONTINUOUS
10
125.1036469999999952
20
-134.0888390000000072
11
125.0993829999999889
21
-134.0924129999999934
0
LINE
8
BLACK
6
CONTINUOUS
10
125.0993829999999889
20
-134.0924129999999934
11
125.0954329999999999
21
-134.0963439999999878
0
LINE
8
BLACK
6
CONTINUOUS
10
125.0954329999999999
20
-134.0963439999999878
11
124.8749839999999978
21
-134.276297999999997
0
LINE
8
BLACK
6
CONTINUOUS
10
124.8749839999999978
20
-134.276297999999997
11
124.8715909999999951
21
-134.2785519999999906
0
LINE
8
BLACK
6
CONTINUOUS
10
124.8715909999999951
20
-134.2785519999999906
11
124.8684829999999977
21
-134.2811779999999828
0
LINE
8
BLACK
6
CONTINUOUS
10
124.8684829999999977
20
-134.2811779999999828
11
124.7630889999999937
21
-134.3537910000000011
0
LINE
8
BLACK
6
CONTINUOUS
10
124.7630889999999937
20
-134.3537910000000011
11
124.7614990000000006
21
-134.3546690000000012
0
LINE
8
BLACK
6
CONTINUOUS
10
124.7614990000000006
20
-134.3546690000000012
11
124.7600679999999898
21
-134.3557930000000056
0
LINE
8
BLACK
6
CONTINUOUS
10
124.7600679999999898
20
-134.3557930000000056
11
124.5566539999999947
21
-134.4853279999999813
0
LINE
8
BLACK
6
CONTINUOUS
10
124.5566539999999947
20
-134.4853279999999813
11
124.5547279999999972
21
-134.4863029999999924
0
LINE
8
BLACK
6
CONTINUOUS
10
124.5547279999999972
20
-134.4863029999999924
11
124.5529719999999969
21
-134.4875629999999944
0
LINE
8
BLACK
6
CONTINUOUS
10
124.5529719999999969
20
-134.4875629999999944
11
124.3363919999999894
21
-134.6127119999999877
0
LINE
8
BLACK
6
CONTINUOUS
10
124.3363919999999894
20
-134.6127119999999877
11
124.3345479999999981
21
-134.6135479999999802
0
LINE
8
BLACK
6
CONTINUOUS
10
124.3345479999999981
20
-134.6135479999999802
11
124.3328579999999874
21
-134.6146599999999864
0
LINE
8
BLACK
6
CONTINUOUS
10
124.3328579999999874
20
-134.6146599999999864
11
124.0905879999999968
21
-134.7419060000000002
0
LINE
8
BLACK
6
CONTINUOUS
10
124.0905879999999968
20
-134.7419060000000002
11
124.0888269999999949
21
-134.7426199999999881
0
LINE
8
BLACK
6
CONTINUOUS
10
124.0888269999999949
20
-134.7426199999999881
11
124.0872039999999998
21
-134.7436019999999814
0
LINE
8
BLACK
6
CONTINUOUS
10
124.0872039999999998
20
-134.7436019999999814
11
123.8316159999999968
21
-134.865729999999985
0
LINE
8
BLACK
6
CONTINUOUS
10
123.8316159999999968
20
-134.865729999999985
11
123.8299399999999935
21
-134.8663369999999873
0
LINE
8
BLACK
6
CONTINUOUS
10
123.8299399999999935
20
-134.8663369999999873
11
123.8283789999999982
21
-134.8672070000000076
0
LINE
8
BLACK
6
CONTINUOUS
10
123.8283789999999982
20
-134.8672070000000076
11
123.5463659999999919
21
-134.9898379999999918
0
LINE
8
BLACK
6
CONTINUOUS
10
123.5463659999999919
20
-134.9898379999999918
11
123.544762999999989
21
-134.9903539999999964
0
LINE
8
BLACK
6
CONTINUOUS
10
123.544762999999989
20
-134.9903539999999964
11
123.5432670000000002
21
-134.991123999999985
0
LINE
8
BLACK
6
CONTINUOUS
10
123.5432670000000002
20
-134.991123999999985
11
123.2481420000000014
21
-135.107845999999995
0
LINE
8
BLACK
6
CONTINUOUS
10
123.2481420000000014
20
-135.107845999999995
11
123.2466149999999914
21
-135.1082820000000027
0
LINE
8
BLACK
6
CONTINUOUS
10
123.2466149999999914
20
-135.1082820000000027
11
123.245174999999989
21
-135.108965999999981
0
LINE
8
BLACK
6
CONTINUOUS
10
123.245174999999989
20
-135.108965999999981
11
122.9241909999999933
21
-135.2242870000000039
0
LINE
8
BLACK
6
CONTINUOUS
10
122.9241909999999933
20
-135.2242870000000039
11
122.9227229999999906
21
-135.2246559999999818
0
LINE
8
BLACK
6
CONTINUOUS
10
122.9227229999999906
20
-135.2246559999999818
11
122.9213439999999906
21
-135.2252609999999891
0
LINE
8
BLACK
6
CONTINUOUS
10
122.9213439999999906
20
-135.2252609999999891
11
122.587885
21
-135.3338489999999865
0
LINE
8
BLACK
6
CONTINUOUS
10
122.587885
20
-135.3338489999999865
11
122.5864839999999987
21
-135.3341570000000047
0
LINE
8
BLACK
6
CONTINUOUS
10
122.5864839999999987
20
-135.3341570000000047
11
122.5851499999999987
21
-135.3346970000000056
0
LINE
8
BLACK
6
CONTINUOUS
10
122.5851499999999987
20
-135.3346970000000056
11
122.2279389999999921
21
-135.4398079999999993
0
LINE
8
BLACK
6
CONTINUOUS
10
122.2279389999999921
20
-135.4398079999999993
11
122.2265859999999975
21
-135.4400650000000041
0
LINE
8
BLACK
6
CONTINUOUS
10
122.2265859999999975
20
-135.4400650000000041
11
122.2252999999999901
21
-135.440544999999986
0
LINE
8
BLACK
6
CONTINUOUS
10
122.2252999999999901
20
-135.440544999999986
11
121.8567299999999989
21
-135.538109999999989
0
LINE
8
BLACK
6
CONTINUOUS
10
121.8567299999999989
20
-135.538109999999989
11
121.8554290000000009
21
-135.5383199999999988
0
LINE
8
BLACK
6
CONTINUOUS
10
121.8554290000000009
20
-135.5383199999999988
11
121.8541819999999944
21
-135.5387489999999957
0
LINE
8
BLACK
6
CONTINUOUS
10
121.8541819999999944
20
-135.5387489999999957
11
121.4655689999999879
21
-135.6307669999999916
0
LINE
8
BLACK
6
CONTINUOUS
10
121.4655689999999879
20
-135.6307669999999916
11
121.4643069999999909
21
-135.6309369999999888
0
LINE
8
BLACK
6
CONTINUOUS
10
121.4643069999999909
20
-135.6309369999999888
11
121.4630939999999981
21
-135.6313199999999881
0
LINE
8
BLACK
6
CONTINUOUS
10
121.4630939999999981
20
-135.6313199999999881
11
121.0647039999999919
21
-135.7150419999999826
0
LINE
8
BLACK
6
CONTINUOUS
10
121.0647039999999919
20
-135.7150419999999826
11
121.0634829999999909
21
-135.7151749999999879
0
LINE
8
BLACK
6
CONTINUOUS
10
121.0634829999999909
20
-135.7151749999999879
11
121.0622959999999892
21
-135.715518000000003
0
LINE
8
BLACK
6
CONTINUOUS
10
121.0622959999999892
20
-135.715518000000003
11
120.6489890000000003
21
-135.7918359999999893
0
LINE
8
BLACK
6
CONTINUOUS
10
120.6489890000000003
20
-135.7918359999999893
11
120.6477919999999955
21
-135.7919369999999901
0
LINE
8
BLACK
6
CONTINUOUS
10
120.6477919999999955
20
-135.7919369999999901
11
120.6466319999999968
21
-135.7922419999999875
0
LINE
8
BLACK
6
CONTINUOUS
10
120.6466319999999968
20
-135.7922419999999875
11
120.225521999999998
21
-135.8596279999999865
0
LINE
8
BLACK
6
CONTINUOUS
10
120.225521999999998
20
-135.8596279999999865
11
120.2243509999999986
21
-135.8596979999999803
0
LINE
8
BLACK
6
CONTINUOUS
10
120.2243509999999986
20
-135.8596979999999803
11
120.2232109999999921
21
-135.8599700000000041
0
LINE
8
BLACK
6
CONTINUOUS
10
120.2232109999999921
20
-135.8599700000000041
11
119.793295999999998
21
-135.918500999999992
0
LINE
8
BLACK
6
CONTINUOUS
10
119.793295999999998
20
-135.918500999999992
11
119.7921429999999958
21
-135.9185429999999997
0
LINE
8
BLACK
6
CONTINUOUS
10
119.7921429999999958
20
-135.9185429999999997
11
119.7910150000000016
21
-135.9187849999999855
0
LINE
8
BLACK
6
CONTINUOUS
10
119.7910150000000016
20
-135.9187849999999855
11
119.3555389999999932
21
-135.9679050000000018
0
LINE
8
BLACK
6
CONTINUOUS
10
119.3555389999999932
20
-135.9679050000000018
11
119.353831999999997
21
-135.967928999999998
0
LINE
8
BLACK
6
CONTINUOUS
10
119.353831999999997
20
-135.967928999999998
11
119.3521569999999912
21
-135.9682279999999821
0
LINE
8
BLACK
6
CONTINUOUS
10
119.3521569999999912
20
-135.9682279999999821
11
118.4733869999999882
21
-136.0372199999999907
0
LINE
8
BLACK
6
CONTINUOUS
10
118.4733869999999882
20
-136.0372199999999907
11
118.4711360000000013
21
-136.0371749999999906
0
LINE
8
BLACK
6
CONTINUOUS
10
118.4711360000000013
20
-136.0371749999999906
11
118.4689029999999974
21
-136.0374709999999823
0
LINE
8
BLACK
6
CONTINUOUS
10
118.4689029999999974
20
-136.0374709999999823
11
117.5939580000000007
21
-136.0667349999999942
0
LINE
8
BLACK
6
CONTINUOUS
10
117.5939580000000007
20
-136.0667349999999942
11
117.5916950000000014
21
-136.0665879999999959
0
LINE
8
BLACK
6
CONTINUOUS
10
117.5916950000000014
20
-136.0665879999999959
11
117.5894359999999921
21
-136.0667839999999842
0
LINE
8
BLACK
6
CONTINUOUS
10
117.5894359999999921
20
-136.0667839999999842
11
116.7338199999999944
21
-136.0566929999999957
0
LINE
8
BLACK
6
CONTINUOUS
10
116.7338199999999944
20
-136.0566929999999957
11
116.7315109999999976
21
-136.0564379999999858
0
LINE
8
BLACK
6
CONTINUOUS
10
116.7315109999999976
20
-136.0564379999999858
11
116.72919499999999
21
-136.0565310000000068
0
LINE
8
BLACK
6
CONTINUOUS
10
116.72919499999999
20
-136.0565310000000068
11
115.905856
21
-136.0086589999999944
0
LINE
8
BLACK
6
CONTINUOUS
10
115.905856
20
-136.0086589999999944
11
115.9034769999999952
21
-136.0082840000000033
0
LINE
8
BLACK
6
CONTINUOUS
10
115.9034769999999952
20
-136.0082840000000033
11
115.9010679999999951
21
-136.0082649999999944
0
LINE
8
BLACK
6
CONTINUOUS
10
115.9010679999999951
20
-136.0082649999999944
11
115.1200159999999926
21
-135.925058000000007
0
LINE
8
BLACK
6
CONTINUOUS
10
115.1200159999999926
20
-135.925058000000007
11
115.1178929999999951
21
-135.9246179999999811
0
LINE
8
BLACK
6
CONTINUOUS
10
115.1178929999999951
20
-135.9246179999999811
11
115.115721999999991
21
-135.9245070000000055
0
LINE
8
BLACK
6
CONTINUOUS
10
115.115721999999991
20
-135.9245070000000055
11
114.148547999999991
21
-135.7789039999999829
0
LINE
8
BLACK
6
CONTINUOUS
10
114.148547999999991
20
-135.7789039999999829
11
114.1464029999999923
21
-135.7783609999999896
0
LINE
8
BLACK
6
CONTINUOUS
10
114.1464029999999923
20
-135.7783609999999896
11
114.1441990000000004
21
-135.7781509999999798
0
LINE
8
BLACK
6
CONTINUOUS
10
114.1441990000000004
20
-135.7781509999999798
11
113.4029249999999962
21
-135.6328469999999982
0
LINE
8
BLACK
6
CONTINUOUS
10
113.4029249999999962
20
-135.6328469999999982
11
113.4003489999999914
21
-135.6320729999999912
0
LINE
8
BLACK
6
CONTINUOUS
10
113.4003489999999914
20
-135.6320729999999912
11
113.3976879999999881
21
-135.6316740000000038
0
LINE
8
BLACK
6
CONTINUOUS
10
113.3976879999999881
20
-135.6316740000000038
11
112.7882829999999927
21
-135.4778570000000002
0
LINE
8
BLACK
6
CONTINUOUS
10
112.7882829999999927
20
-135.4778570000000002
11
112.7852319999999935
21
-135.4767589999999871
0
LINE
8
BLACK
6
CONTINUOUS
10
112.7852319999999935
20
-135.4767589999999871
11
112.7820660000000004
21
-135.4760719999999878
0
LINE
8
BLACK
6
CONTINUOUS
10
112.7820660000000004
20
-135.4760719999999878
11
112.2725200000000001
21
-135.3117649999999799
0
LINE
8
BLACK
6
CONTINUOUS
10
112.2725200000000001
20
-135.3117649999999799
11
112.2690279999999916
21
-135.3102470000000039
0
LINE
8
BLACK
6
CONTINUOUS
10
112.2690279999999916
20
-135.3102470000000039
11
112.2653789999999958
21
-135.309158999999994
0
LINE
8
BLACK
6
CONTINUOUS
10
112.2653789999999958
20
-135.309158999999994
11
111.8332130000000006
21
-135.13253899999998
0
LINE
8
BLACK
6
CONTINUOUS
10
111.8332130000000006
20
-135.13253899999998
11
111.8293499999999909
21
-135.1304969999999912
0
LINE
8
BLACK
6
CONTINUOUS
10
111.8293499999999909
20
-135.1304969999999912
11
111.825294999999997
21
-135.1288920000000076
0
LINE
8
BLACK
6
CONTINUOUS
10
111.825294999999997
20
-135.1288920000000076
11
111.4540019999999885
21
-134.9378679999999804
0
LINE
8
BLACK
6
CONTINUOUS
10
111.4540019999999885
20
-134.9378679999999804
11
111.4499039999999894
21
-134.9352219999999818
0
LINE
8
BLACK
6
CONTINUOUS
10
111.4499039999999894
20
-134.9352219999999818
11
111.445571000000001
21
-134.9329970000000003
0
LINE
8
BLACK
6
CONTINUOUS
10
111.445571000000001
20
-134.9329970000000003
11
111.1226479999999981
21
-134.7248400000000004
0
LINE
8
BLACK
6
CONTINUOUS
10
111.1226479999999981
20
-134.7248400000000004
11
111.1185079999999914
21
-134.7215549999999951
0
LINE
8
BLACK
6
CONTINUOUS
10
111.1185079999999914
20
-134.7215549999999951
11
111.1140860000000004
21
-134.7186580000000049
0
LINE
8
BLACK
6
CONTINUOUS
10
111.1140860000000004
20
-134.7186580000000049
11
110.8298779999999937
21
-134.4896650000000022
0
LINE
8
BLACK
6
CONTINUOUS
10
110.8298779999999937
20
-134.4896650000000022
11
110.826909999999998
21
-134.4867500000000007
0
LINE
8
BLACK
6
CONTINUOUS
10
110.826909999999998
20
-134.4867500000000007
11
110.8236419999999924
21
-134.4841979999999921
0
LINE
8
BLACK
6
CONTINUOUS
10
110.8236419999999924
20
-134.4841979999999921
11
110.6932769999999948
21
-134.3600019999999802
0
LINE
8
BLACK
6
CONTINUOUS
10
110.6932769999999948
20
-134.3600019999999802
11
110.691441999999995
21
-134.3578739999999812
0
LINE
8
BLACK
6
CONTINUOUS
10
110.691441999999995
20
-134.3578739999999812
11
110.6893269999999916
21
-134.3560219999999958
0
LINE
8
BLACK
6
CONTINUOUS
10
110.6893269999999916
20
-134.3560219999999958
11
110.5666789999999935
21
-134.2253000000000043
0
LINE
8
BLACK
6
CONTINUOUS
10
110.5666789999999935
20
-134.2253000000000043
11
110.5649569999999926
21
-134.2230610000000013
0
LINE
8
BLACK
6
CONTINUOUS
10
110.5649569999999926
20
-134.2230610000000013
11
110.56294299999999
21
-134.2210859999999855
0
LINE
8
BLACK
6
CONTINUOUS
10
110.56294299999999
20
-134.2210859999999855
11
110.445453999999998
21
-134.0808099999999854
0
LINE
8
BLACK
6
CONTINUOUS
10
110.445453999999998
20
-134.0808099999999854
11
110.443877999999998
21
-134.0785019999999861
0
LINE
8
BLACK
6
CONTINUOUS
10
110.443877999999998
20
-134.0785019999999861
11
110.4419929999999965
21
-134.0764360000000011
0
LINE
8
BLACK
6
CONTINUOUS
10
110.4419929999999965
20
-134.0764360000000011
11
110.3317969999999946
21
-133.9288740000000075
0
LINE
8
BLACK
6
CONTINUOUS
10
110.3317969999999946
20
-133.9288740000000075
11
110.330371999999997
21
-133.9265149999999949
0
LINE
8
BLACK
6
CONTINUOUS
10
110.330371999999997
20
-133.9265149999999949
11
110.3286299999999898
21
-133.9243809999999826
0
LINE
8
BLACK
6
CONTINUOUS
10
110.3286299999999898
20
-133.9243809999999826
11
110.2216309999999879
21
-133.7633510000000001
0
LINE
8
BLACK
6
CONTINUOUS
10
110.2216309999999879
20
-133.7633510000000001
11
110.2203739999999925
21
-133.7609850000000051
0
LINE
8
BLACK
6
CONTINUOUS
10
110.2203739999999925
20
-133.7609850000000051
11
110.2187950000000001
21
-133.7588250000000016
0
LINE
8
BLACK
6
CONTINUOUS
10
110.2187950000000001
20
-133.7588250000000016
11
110.1188299999999884
21
-133.5894020000000069
0
LINE
8
BLACK
6
CONTINUOUS
10
110.1188299999999884
20
-133.5894020000000069
11
110.1177399999999977
21
-133.5870569999999873
0
LINE
8
BLACK
6
CONTINUOUS
10
110.1177399999999977
20
-133.5870569999999873
11
110.1163200000000018
21
-133.5848869999999806
0
LINE
8
BLACK
6
CONTINUOUS
10
110.1163200000000018
20
-133.5848869999999806
11
110.0178820000000002
21
-133.3964489999999898
0
LINE
8
BLACK
6
CONTINUOUS
10
110.0178820000000002
20
-133.3964489999999898
11
110.0169579999999883
21
-133.3941590000000019
0
LINE
8
BLACK
6
CONTINUOUS
10
110.0169579999999883
20
-133.3941590000000019
11
110.015710999999996
21
-133.3920310000000029
0
LINE
8
BLACK
6
CONTINUOUS
10
110.015710999999996
20
-133.3920310000000029
11
109.9241749999999911
21
-133.1935780000000022
0
LINE
8
BLACK
6
CONTINUOUS
10
109.9241749999999911
20
-133.1935780000000022
11
109.9234049999999883
21
-133.1913610000000006
0
LINE
8
BLACK
6
CONTINUOUS
10
109.9234049999999883
20
-133.1913610000000006
11
109.9223169999999925
21
-133.1892880000000048
0
LINE
8
BLACK
6
CONTINUOUS
10
109.9223169999999925
20
-133.1892880000000048
11
109.8306999999999931
21
-132.9634700000000009
0
LINE
8
BLACK
6
CONTINUOUS
10
109.8306999999999931
20
-132.9634700000000009
11
109.8300780000000003
21
-132.9613659999999982
0
LINE
8
BLACK
6
CONTINUOUS
10
109.8300780000000003
20
-132.9613659999999982
11
109.8291469999999919
21
-132.9593869999999924
0
LINE
8
BLACK
6
CONTINUOUS
10
109.8291469999999919
20
-132.9593869999999924
11
109.7443889999999982
21
-132.7210969999999861
0
LINE
8
BLACK
6
CONTINUOUS
10
109.7443889999999982
20
-132.7210969999999861
11
109.7438949999999949
21
-132.7191119999999955
0
LINE
8
BLACK
6
CONTINUOUS
10
109.7438949999999949
20
-132.7191119999999955
11
109.7431019999999933
21
-132.7172300000000007
0
LINE
8
BLACK
6
CONTINUOUS
10
109.7431019999999933
20
-132.7172300000000007
11
109.6562979999999925
21
-132.437579999999997
0
LINE
8
BLACK
6
CONTINUOUS
10
109.6562979999999925
20
-132.437579999999997
11
109.6559199999999947
21
-132.4357449999999972
0
LINE
8
BLACK
6
CONTINUOUS
10
109.6559199999999947
20
-132.4357449999999972
11
109.6552599999999984
21
-132.4339999999999975
0
LINE
8
BLACK
6
CONTINUOUS
10
109.6552599999999984
20
-132.4339999999999975
11
109.5753149999999891
21
-132.137898000000007
0
LINE
8
BLACK
6
CONTINUOUS
10
109.5753149999999891
20
-132.137898000000007
11
109.5753109999999992
21
-132.1378789999999981
0
LINE
8
BLACK
6
CONTINUOUS
10
109.5753109999999992
20
-132.1378789999999981
11
109.5753059999999977
21
-132.1378640000000075
0
LINE
8
BLACK
6
CONTINUOUS
10
109.5753059999999977
20
-132.1378640000000075
11
109.3545869999999951
21
-131.3192090000000007
0
LINE
8
BLACK
6
CONTINUOUS
10
109.3545869999999951
20
-131.3192090000000007
11
109.1831269999999989
21
-130.7396320000000003
0
LINE
8
BLACK
6
CONTINUOUS
10
109.1831269999999989
20
-130.7396320000000003
11
108.9959729999999922
21
-130.1450539999999876
0
LINE
8
BLACK
6
CONTINUOUS
10
108.9959729999999922
20
-130.1450539999999876
11
108.7846559999999982
21
-129.5098059999999975
0
LINE
8
BLACK
6
CONTINUOUS
10
108.7846559999999982
20
-129.5098059999999975
11
108.5599289999999968
21
-128.8674440000000061
0
LINE
8
BLACK
6
CONTINUOUS
10
108.5599289999999968
20
-128.8674440000000061
11
108.3186239999999998
21
-128.2090039999999931
0
LINE
8
BLACK
6
CONTINUOUS
10
108.3186239999999998
20
-128.2090039999999931
11
108.067434999999989
21
-127.5530019999999922
0
LINE
8
BLACK
6
CONTINUOUS
10
108.067434999999989
20
-127.5530019999999922
11
107.5476939999999928
21
-126.2775389999999902
0
LINE
8
BLACK
6
CONTINUOUS
10
107.5476939999999928
20
-126.2775389999999902
11
107.0326069999999987
21
-125.111497
0
LINE
8
BLACK
6
CONTINUOUS
10
107.0326069999999987
20
-125.111497
11
106.5486469999999883
21
-124.1027759999999915
0
LINE
8
BLACK
6
CONTINUOUS
10
106.5486469999999883
20
-124.1027759999999915
11
106.1135879999999929
21
-123.2735270000000014
0
LINE
8
BLACK
6
CONTINUOUS
10
106.1135879999999929
20
-123.2735270000000014
11
105.7363629999999972
21
-122.6239419999999996
0
LINE
8
BLACK
6
CONTINUOUS
10
105.7363629999999972
20
-122.6239419999999996
11
105.4178939999999898
21
-122.1377199999999874
0
LINE
8
BLACK
6
CONTINUOUS
10
105.4178939999999898
20
-122.1377199999999874
11
105.3438799999999986
21
-122.0322749999999985
0
LINE
8
BLACK
6
CONTINUOUS
10
105.3438799999999986
20
-122.0322749999999985
11
105.3435059999999908
21
-122.031612999999993
0
LINE
8
BLACK
6
CONTINUOUS
10
105.3435059999999908
20
-122.031612999999993
11
105.3430209999999931
21
-122.0310309999999987
0
LINE
8
BLACK
6
CONTINUOUS
10
105.3430209999999931
20
-122.0310309999999987
11
104.6366709999999927
21
-120.9916699999999992
0
LINE
8
BLACK
6
CONTINUOUS
10
104.6366709999999927
20
-120.9916699999999992
11
104.6358929999999958
21
-120.9902409999999975
0
LINE
8
BLACK
6
CONTINUOUS
10
104.6358929999999958
20
-120.9902409999999975
11
104.6348890000000011
21
-120.98895499999999
0
LINE
8
BLACK
6
CONTINUOUS
10
104.6348890000000011
20
-120.98895499999999
11
104.0710799999999949
21
-120.0984459999999956
0
LINE
8
BLACK
6
CONTINUOUS
10
104.0710799999999949
20
-120.0984459999999956
11
104.0702029999999922
21
-120.096705
0
LINE
8
BLACK
6
CONTINUOUS
10
104.0702029999999922
20
-120.096705
11
104.0690689999999989
21
-120.0951279999999883
0
LINE
8
BLACK
6
CONTINUOUS
10
104.0690689999999989
20
-120.0951279999999883
11
103.6196309999999983
21
-119.3202999999999889
0
LINE
8
BLACK
6
CONTINUOUS
10
103.6196309999999983
20
-119.3202999999999889
11
103.6186799999999977
21
-119.3182139999999976
0
LINE
8
BLACK
6
CONTINUOUS
10
103.6186799999999977
20
-119.3182139999999976
11
103.6174279999999897
21
-119.3162939999999992
0
LINE
8
BLACK
6
CONTINUOUS
10
103.6174279999999897
20
-119.3162939999999992
11
103.2615289999999959
21
-118.6325049999999948
0
LINE
8
BLACK
6
CONTINUOUS
10
103.2615289999999959
20
-118.6325049999999948
11
103.2605360000000019
21
-118.6300329999999974
0
LINE
8
BLACK
6
CONTINUOUS
10
103.2605360000000019
20
-118.6300329999999974
11
103.2591999999999928
21
-118.6277249999999981
0
LINE
8
BLACK
6
CONTINUOUS
10
103.2591999999999928
20
-118.6277249999999981
11
102.9810659999999984
21
-118.0159839999999889
0
LINE
8
BLACK
6
CONTINUOUS
10
102.9810659999999984
20
-118.0159839999999889
11
102.9800779999999918
21
-118.0130879999999962
0
LINE
8
BLACK
6
CONTINUOUS
10
102.9800779999999918
20
-118.0130879999999962
11
102.9787120000000016
21
-118.0103560000000016
0
LINE
8
BLACK
6
CONTINUOUS
10
102.9787120000000016
20
-118.0103560000000016
11
102.766255000000001
21
-117.4555319999999909
0
LINE
8
BLACK
6
CONTINUOUS
10
102.766255000000001
20
-117.4555319999999909
11
102.7653399999999948
21
-117.4521960000000007
0
LINE
8
BLACK
6
CONTINUOUS
10
102.7653399999999948
20
-117.4521960000000007
11
102.7640109999999964
21
-117.4490059999999971
0
LINE
8
BLACK
6
CONTINUOUS
10
102.7640109999999964
20
-117.4490059999999971
11
102.6079819999999927
21
-116.9386299999999892
0
LINE
8
BLACK
6
CONTINUOUS
10
102.6079819999999927
20
-116.9386299999999892
11
102.6072229999999905
21
-116.9348600000000005
0
LINE
8
BLACK
6
CONTINUOUS
10
102.6072229999999905
20
-116.9348600000000005
11
102.6060209999999984
21
-116.9312070000000006
0
LINE
8
BLACK
6
CONTINUOUS
10
102.6060209999999984
20
-116.9312070000000006
11
102.4994930000000011
21
-116.4546149999999898
0
LINE
8
BLACK
6
CONTINUOUS
10
102.4994930000000011
20
-116.4546149999999898
11
102.4989829999999955
21
-116.4504479999999944
0
LINE
8
BLACK
6
CONTINUOUS
10
102.4989829999999955
20
-116.4504479999999944
11
102.4980089999999961
21
-116.4463659999999976
0
LINE
8
BLACK
6
CONTINUOUS
10
102.4980089999999961
20
-116.4463659999999976
11
102.4360799999999898
21
-115.9940519999999964
0
LINE
8
BLACK
6
CONTINUOUS
10
102.4360799999999898
20
-115.9940519999999964
11
102.4359520000000003
21
-115.9907010000000014
0
LINE
8
BLACK
6
CONTINUOUS
10
102.4359520000000003
20
-115.9907010000000014
11
102.4353959999999972
21
-115.9874049999999954
0
LINE
8
BLACK
6
CONTINUOUS
10
102.4353959999999972
20
-115.9874049999999954
11
102.4201269999999937
21
-115.7672209999999922
0
LINE
8
BLACK
6
CONTINUOUS
10
102.4201269999999937
20
-115.7672209999999922
11
102.4201929999999976
21
-115.764924999999991
0
LINE
8
BLACK
6
CONTINUOUS
10
102.4201929999999976
20
-115.764924999999991
11
102.4199139999999915
21
-115.762638999999993
0
LINE
8
BLACK
6
CONTINUOUS
10
102.4199139999999915
20
-115.762638999999993
11
102.4148479999999921
21
-115.5458869999999933
0
LINE
8
BLACK
6
CONTINUOUS
10
102.4148479999999921
20
-115.5458869999999933
11
102.4150689999999884
21
-115.5429309999999958
0
LINE
8
BLACK
6
CONTINUOUS
10
102.4150689999999884
20
-115.5429309999999958
11
102.4148849999999982
21
-115.5399799999999999
0
LINE
8
BLACK
6
CONTINUOUS
10
102.4148849999999982
20
-115.5399799999999999
11
102.4235410000000002
21
-115.2976479999999952
0
LINE
8
BLACK
6
CONTINUOUS
10
102.4235410000000002
20
-115.2976479999999952
11
102.4238659999999896
21
-115.295228999999992
0
LINE
8
BLACK
6
CONTINUOUS
10
102.4238659999999896
20
-115.295228999999992
11
102.4238330000000019
21
-115.292790999999994
0
LINE
8
BLACK
6
CONTINUOUS
10
102.4238330000000019
20
-115.292790999999994
11
102.4541269999999997
21
-114.934597999999994
0
LINE
8
BLACK
6
CONTINUOUS
10
102.4541269999999997
20
-114.934597999999994
11
102.4544119999999907
21
-114.9330519999999893
0
LINE
8
BLACK
6
CONTINUOUS
10
102.4544119999999907
20
-114.9330519999999893
11
102.4544399999999911
21
-114.9314789999999959
0
LINE
8
BLACK
6
CONTINUOUS
10
102.4544399999999911
20
-114.9314789999999959
11
102.5046619999999962
21
-114.4994599999999991
0
LINE
8
BLACK
6
CONTINUOUS
10
102.5046619999999962
20
-114.4994599999999991
11
102.5049039999999962
21
-114.4983409999999964
0
LINE
8
BLACK
6
CONTINUOUS
10
102.5049039999999962
20
-114.4983409999999964
11
102.5049509999999913
21
-114.4971999999999923
0
LINE
8
BLACK
6
CONTINUOUS
10
102.5049509999999913
20
-114.4971999999999923
11
102.5837109999999939
21
-113.9322179999999918
0
LINE
8
BLACK
6
CONTINUOUS
10
102.5837109999999939
20
-113.9322179999999918
11
102.5839239999999961
21
-113.9313299999999884
0
LINE
8
BLACK
6
CONTINUOUS
10
102.5839239999999961
20
-113.9313299999999884
11
102.5839789999999994
21
-113.9304099999999949
0
LINE
8
BLACK
6
CONTINUOUS
10
102.5839789999999994
20
-113.9304099999999949
11
102.6831629999999933
21
-113.3029789999999934
0
LINE
8
BLACK
6
CONTINUOUS
10
102.6831629999999933
20
-113.3029789999999934
11
102.6834449999999919
21
-113.3018929999999926
0
LINE
8
BLACK
6
CONTINUOUS
10
102.6834449999999919
20
-113.3018929999999926
11
102.6835370000000012
21
-113.3007719999999949
0
LINE
8
BLACK
6
CONTINUOUS
10
102.6835370000000012
20
-113.3007719999999949
11
102.9341799999999978
21
-111.9168169999999947
0
LINE
8
BLACK
6
CONTINUOUS
10
102.9341799999999978
20
-111.9168169999999947
11
102.9345469999999949
21
-111.9155239999999907
0
LINE
8
BLACK
6
CONTINUOUS
10
102.9345469999999949
20
-111.9155239999999907
11
102.9346929999999958
21
-111.9141839999999917
0
LINE
8
BLACK
6
CONTINUOUS
10
102.9346929999999958
20
-111.9141839999999917
11
103.2104750000000024
21
-110.5943419999999975
0
LINE
8
BLACK
6
CONTINUOUS
10
103.2104750000000024
20
-110.5943419999999975
11
103.2105710000000016
21
-110.594032999999996
0
LINE
8
BLACK
6
CONTINUOUS
10
103.2105710000000016
20
-110.594032999999996
11
103.2106079999999935
21
-110.593718999999993
0
LINE
8
BLACK
6
CONTINUOUS
10
103.2106079999999935
20
-110.593718999999993
11
103.5792579999999958
21
-108.8839729999999975
0
LINE
8
BLACK
6
CONTINUOUS
10
103.5792579999999958
20
-108.8839729999999975
11
103.7752830000000017
21
-107.8457899999999938
0
LINE
8
BLACK
6
CONTINUOUS
10
103.7752830000000017
20
-107.8457899999999938
11
103.892754999999994
21
-107.0613049999999902
0
LINE
8
BLACK
6
CONTINUOUS
10
103.892754999999994
20
-107.0613049999999902
11
103.9550409999999943
21
-106.42566699999999
0
LINE
8
BLACK
6
CONTINUOUS
10
103.9550409999999943
20
-106.42566699999999
11
103.9737870000000015
21
-105.8803020000000004
0
LINE
8
BLACK
6
CONTINUOUS
10
103.9737870000000015
20
-105.8803020000000004
11
103.954197999999991
21
-105.3850999999999942
0
LINE
8
BLACK
6
CONTINUOUS
10
103.954197999999991
20
-105.3850999999999942
11
103.9303089999999941
21
-105.1471829999999983
0
LINE
8
BLACK
6
CONTINUOUS
10
103.9303089999999941
20
-105.1471829999999983
11
103.8967480000000023
21
-104.9118819999999914
0
LINE
8
BLACK
6
CONTINUOUS
10
103.8967480000000023
20
-104.9118819999999914
11
103.8516279999999909
21
-104.6692019999999985
0
LINE
8
BLACK
6
CONTINUOUS
10
103.8516279999999909
20
-104.6692019999999985
11
103.7959489999999931
21
-104.4263669999999991
0
LINE
8
BLACK
6
CONTINUOUS
10
103.7959489999999931
20
-104.4263669999999991
11
103.7232810000000001
21
-104.1598109999999906
0
LINE
8
BLACK
6
CONTINUOUS
10
103.7232810000000001
20
-104.1598109999999906
11
103.6378249999999923
21
-103.8881769999999989
0
LINE
8
BLACK
6
CONTINUOUS
10
103.6378249999999923
20
-103.8881769999999989
11
103.5211479999999966
21
-103.5598770000000002
0
LINE
8
BLACK
6
CONTINUOUS
10
103.5211479999999966
20
-103.5598770000000002
11
103.3865239999999943
21
-103.2173489999999987
0
LINE
8
BLACK
6
CONTINUOUS
10
103.3865239999999943
20
-103.2173489999999987
11
103.1191439999999915
21
-102.5983469999999897
0
LINE
8
BLACK
6
CONTINUOUS
10
103.1191439999999915
20
-102.5983469999999897
11
102.7993469999999974
21
-101.9087809999999905
0
LINE
8
BLACK
6
CONTINUOUS
10
102.7993469999999974
20
-101.9087809999999905
11
101.5873160000000013
21
-99.3501559999999984
0
LINE
8
BLACK
6
CONTINUOUS
10
101.5873160000000013
20
-99.3501559999999984
11
101.5806999999999931
21
-99.3317029999999903
0
LINE
8
BLACK
6
CONTINUOUS
10
101.5806999999999931
20
-99.3317029999999903
11
101.5805349999999976
21
-99.3283849999999973
0
LINE
8
BLACK
6
CONTINUOUS
10
101.5805349999999976
20
-99.3283849999999973
11
101.5793120000000016
21
-99.325294999999997
0
LINE
8
BLACK
6
CONTINUOUS
10
101.5793120000000016
20
-99.325294999999997
11
101.5777020000000022
21
-99.3057579999999973
0
LINE
8
BLACK
6
CONTINUOUS
10
101.5777020000000022
20
-99.3057579999999973
11
101.6654329999999931
21
-93.7831939999999946
0
LINE
8
BLACK
6
CONTINUOUS
10
101.6654329999999931
20
-93.7831939999999946
11
101.6654329999999931
21
-93.7831929999999971
0
LINE
8
BLACK
6
CONTINUOUS
10
101.6654329999999931
20
-93.7831929999999971
11
101.7526659999999907
21
-88.292074999999997
0
LINE
8
BLACK
6
CONTINUOUS
10
101.7526659999999907
20
-88.292074999999997
11
99.4787319999999937
21
-84.9210530000000006
0
LINE
8
BLACK
6
CONTINUOUS
10
99.4787319999999937
20
-84.9210530000000006
11
99.4786259999999913
21
-84.920856999999998
0
LINE
8
BLACK
6
CONTINUOUS
10
99.4786259999999913
20
-84.920856999999998
11
99.4784839999999946
21
-84.9206839999999943
0
LINE
8
BLACK
6
CONTINUOUS
10
99.4784839999999946
20
-84.9206839999999943
11
98.1477829999999898
21
-82.9289259999999899
0
LINE
8
BLACK
6
CONTINUOUS
10
98.1477829999999898
20
-82.9289259999999899
11
98.1472709999999893
21
-82.9279689999999903
0
LINE
8
BLACK
6
CONTINUOUS
10
98.1472709999999893
20
-82.9279689999999903
11
98.1466009999999898
21
-82.9271150000000006
0
LINE
8
BLACK
6
CONTINUOUS
10
98.1466009999999898
20
-82.9271150000000006
11
97.5374949999999927
21
-81.9712930000000028
0
LINE
8
BLACK
6
CONTINUOUS
10
97.5374949999999927
20
-81.9712930000000028
11
97.5366750000000025
21
-81.9696769999999901
0
LINE
8
BLACK
6
CONTINUOUS
10
97.5366750000000025
20
-81.9696769999999901
11
97.5356109999999887
21
-81.9682150000000007
0
LINE
8
BLACK
6
CONTINUOUS
10
97.5356109999999887
20
-81.9682150000000007
11
97.1361679999999978
21
-81.2884639999999905
0
LINE
8
BLACK
6
CONTINUOUS
10
97.1361679999999978
20
-81.2884639999999905
11
97.1350639999999999
21
-81.2860769999999917
0
LINE
8
BLACK
6
CONTINUOUS
10
97.1350639999999999
20
-81.2860769999999917
11
97.1336259999999925
21
-81.2838670000000008
0
LINE
8
BLACK
6
CONTINUOUS
10
97.1336259999999925
20
-81.2838670000000008
11
96.8551769999999976
21
-80.747368999999992
0
LINE
8
BLACK
6
CONTINUOUS
10
96.8551769999999976
20
-80.747368999999992
11
96.8538949999999943
21
-80.7441649999999953
0
LINE
8
BLACK
6
CONTINUOUS
10
96.8538949999999943
20
-80.7441649999999953
11
96.8522200000000026
21
-80.7411570000000012
0
LINE
8
BLACK
6
CONTINUOUS
10
96.8522200000000026
20
-80.7411570000000012
11
96.6508639999999986
21
-80.2777770000000004
0
LINE
8
BLACK
6
CONTINUOUS
10
96.6508639999999986
20
-80.2777770000000004
11
96.6499259999999936
21
-80.2748679999999979
0
LINE
8
BLACK
6
CONTINUOUS
10
96.6499259999999936
20
-80.2748679999999979
11
96.6486060000000009
21
-80.272114000000002
0
LINE
8
BLACK
6
CONTINUOUS
10
96.6486060000000009
20
-80.272114000000002
11
96.5681539999999927
21
-80.0509929999999912
0
LINE
8
BLACK
6
CONTINUOUS
10
96.5681539999999927
20
-80.0509929999999912
11
96.5676129999999944
21
-80.0488819999999919
0
LINE
8
BLACK
6
CONTINUOUS
10
96.5676129999999944
20
-80.0488819999999919
11
96.5667539999999889
21
-80.0468699999999984
0
LINE
8
BLACK
6
CONTINUOUS
10
96.5667539999999889
20
-80.0468699999999984
11
96.4979829999999907
21
-79.8287299999999931
0
LINE
8
BLACK
6
CONTINUOUS
10
96.4979829999999907
20
-79.8287299999999931
11
96.4975139999999953
21
-79.8265030000000024
0
LINE
8
BLACK
6
CONTINUOUS
10
96.4975139999999953
20
-79.8265030000000024
11
96.4967180000000013
21
-79.8243750000000034
0
LINE
8
BLACK
6
CONTINUOUS
10
96.4967180000000013
20
-79.8243750000000034
11
96.4352039999999988
21
-79.5931759999999997
0
LINE
8
BLACK
6
CONTINUOUS
10
96.4352039999999988
20
-79.5931759999999997
11
96.4348389999999966
21
-79.5909460000000024
0
LINE
8
BLACK
6
CONTINUOUS
10
96.4348389999999966
20
-79.5909460000000024
11
96.4341429999999917
21
-79.5887939999999929
0
LINE
8
BLACK
6
CONTINUOUS
10
96.4341429999999917
20
-79.5887939999999929
11
96.3830329999999975
21
-79.354693999999995
0
LINE
8
BLACK
6
CONTINUOUS
10
96.3830329999999975
20
-79.354693999999995
11
96.3827160000000021
21
-79.3519969999999972
0
LINE
8
BLACK
6
CONTINUOUS
10
96.3827160000000021
20
-79.3519969999999972
11
96.3820229999999896
21
-79.349378999999999
0
LINE
8
BLACK
6
CONTINUOUS
10
96.3820229999999896
20
-79.349378999999999
11
96.3155269999999888
21
-78.9395459999999929
0
LINE
8
BLACK
6
CONTINUOUS
10
96.3155269999999888
20
-78.9395459999999929
11
96.3153590000000008
21
-78.9368740000000031
0
LINE
8
BLACK
6
CONTINUOUS
10
96.3153590000000008
20
-78.9368740000000031
11
96.3148130000000009
21
-78.9342549999999932
0
LINE
8
BLACK
6
CONTINUOUS
10
96.3148130000000009
20
-78.9342549999999932
11
96.2670689999999922
21
-78.491658000000001
0
LINE
8
BLACK
6
CONTINUOUS
10
96.2670689999999922
20
-78.491658000000001
11
96.2670519999999925
21
-78.4899169999999913
0
LINE
8
BLACK
6
CONTINUOUS
10
96.2670519999999925
20
-78.4899169999999913
11
96.2667560000000009
21
-78.488197999999997
0
LINE
8
BLACK
6
CONTINUOUS
10
96.2667560000000009
20
-78.488197999999997
11
96.2310069999999911
21
-77.997444999999999
0
LINE
8
BLACK
6
CONTINUOUS
10
96.2310069999999911
20
-77.997444999999999
11
96.2310289999999924
21
-77.9965540000000033
0
LINE
8
BLACK
6
CONTINUOUS
10
96.2310289999999924
20
-77.9965540000000033
11
96.2308939999999922
21
-77.9956760000000031
0
LINE
8
BLACK
6
CONTINUOUS
10
96.2308939999999922
20
-77.9956760000000031
11
96.2004659999999916
21
-77.4429379999999981
0
LINE
8
BLACK
6
CONTINUOUS
10
96.2004659999999916
20
-77.4429379999999981
11
96.1574129999999911
21
-76.9454190000000011
0
LINE
8
BLACK
6
CONTINUOUS
10
96.1574129999999911
20
-76.9454190000000011
11
96.0830629999999957
21
-76.401141999999993
0
LINE
8
BLACK
6
CONTINUOUS
10
96.0830629999999957
20
-76.401141999999993
11
95.9877139999999969
21
-75.8249539999999911
0
LINE
8
BLACK
6
CONTINUOUS
10
95.9877139999999969
20
-75.8249539999999911
11
95.8819909999999993
21
-75.2337320000000034
0
LINE
8
BLACK
6
CONTINUOUS
10
95.8819909999999993
20
-75.2337320000000034
11
95.8819680000000005
21
-75.2334439999999915
0
LINE
8
BLACK
6
CONTINUOUS
10
95.8819680000000005
20
-75.2334439999999915
11
95.8818929999999909
21
-75.2331719999999962
0
LINE
8
BLACK
6
CONTINUOUS
10
95.8818929999999909
20
-75.2331719999999962
11
95.6904789999999963
21
-74.1265410000000031
0
LINE
8
BLACK
6
CONTINUOUS
10
95.6904789999999963
20
-74.1265410000000031
11
95.6903420000000011
21
-74.1246769999999913
0
LINE
8
BLACK
6
CONTINUOUS
10
95.6903420000000011
20
-74.1246769999999913
11
95.68991299999999
21
-74.1228610000000003
0
LINE
8
BLACK
6
CONTINUOUS
10
95.68991299999999
20
-74.1228610000000003
11
95.603445999999991
21
-73.4816720000000032
0
LINE
8
BLACK
6
CONTINUOUS
10
95.603445999999991
20
-73.4816720000000032
11
95.6033410000000003
21
-73.4787469999999985
0
LINE
8
BLACK
6
CONTINUOUS
10
95.6033410000000003
20
-73.4787469999999985
11
95.6028349999999989
21
-73.4758649999999989
0
LINE
8
BLACK
6
CONTINUOUS
10
95.6028349999999989
20
-73.4758649999999989
11
95.5674489999999963
21
-73.008932999999999
0
LINE
8
BLACK
6
CONTINUOUS
10
95.5674489999999963
20
-73.008932999999999
11
95.5674929999999989
21
-73.0069599999999923
0
LINE
8
BLACK
6
CONTINUOUS
10
95.5674929999999989
20
-73.0069599999999923
11
95.5672289999999975
21
-73.0050059999999945
0
LINE
8
BLACK
6
CONTINUOUS
10
95.5672289999999975
20
-73.0050059999999945
11
95.1981540000000024
21
-62.8427989999999994
0
LINE
8
BLACK
6
CONTINUOUS
10
95.1981540000000024
20
-62.8427989999999994
11
95.1987280000000027
21
-62.8335319999999982
0
LINE
8
BLACK
6
CONTINUOUS
10
95.1987280000000027
20
-62.8335319999999982
11
95.1992259999999959
21
-62.8241230000000002
0
LINE
8
BLACK
6
CONTINUOUS
10
95.1992259999999959
20
-62.8241230000000002
11
95.3975420000000014
21
-61.5211169999999967
0
LINE
8
BLACK
6
CONTINUOUS
10
95.3975420000000014
20
-61.5211169999999967
11
95.3976069999999936
21
-61.5208589999999944
0
LINE
8
BLACK
6
CONTINUOUS
10
95.3976069999999936
20
-61.5208589999999944
11
95.3976229999999958
21
-61.5205939999999956
0
LINE
8
BLACK
6
CONTINUOUS
10
95.3976229999999958
20
-61.5205939999999956
11
95.4005169999999936
21
-61.5022319999999993
0
LINE
8
BLACK
6
CONTINUOUS
10
95.4005169999999936
20
-61.5022319999999993
11
95.4007330000000024
21
-61.5013979999999947
0
LINE
8
BLACK
6
CONTINUOUS
10
95.4007330000000024
20
-61.5013979999999947
11
95.4007979999999947
21
-61.5005469999999974
0
LINE
8
BLACK
6
CONTINUOUS
10
95.4007979999999947
20
-61.5005469999999974
11
95.4571569999999952
21
-61.178801
0
LINE
8
BLACK
6
CONTINUOUS
10
95.4571569999999952
20
-61.178801
11
95.4575820000000022
21
-61.177273999999997
0
LINE
8
BLACK
6
CONTINUOUS
10
95.4575820000000022
20
-61.177273999999997
11
95.4577510000000018
21
-61.1756999999999991
0
LINE
8
BLACK
6
CONTINUOUS
10
95.4577510000000018
20
-61.1756999999999991
11
95.5244099999999889
21
-60.8550789999999964
0
LINE
8
BLACK
6
CONTINUOUS
10
95.5244099999999889
20
-60.8550789999999964
11
95.524872000000002
21
-60.8535979999999981
0
LINE
8
BLACK
6
CONTINUOUS
10
95.524872000000002
20
-60.8535979999999981
11
95.5250869999999992
21
-60.852055
0
LINE
8
BLACK
6
CONTINUOUS
10
95.5250869999999992
20
-60.852055
11
95.6043949999999967
21
-60.5222319999999954
0
LINE
8
BLACK
6
CONTINUOUS
10
95.6043949999999967
20
-60.5222319999999954
11
95.604896999999994
21
-60.5207849999999965
0
LINE
8
BLACK
6
CONTINUOUS
10
95.604896999999994
20
-60.5207849999999965
11
95.6051519999999897
21
-60.5192849999999964
0
LINE
8
BLACK
6
CONTINUOUS
10
95.6051519999999897
20
-60.5192849999999964
11
95.6946689999999904
21
-60.1912469999999971
0
LINE
8
BLACK
6
CONTINUOUS
10
95.6946689999999904
20
-60.1912469999999971
11
95.6952009999999973
21
-60.1898519999999948
0
LINE
8
BLACK
6
CONTINUOUS
10
95.6952009999999973
20
-60.1898519999999948
11
95.6954969999999889
21
-60.1883789999999976
0
LINE
8
BLACK
6
CONTINUOUS
10
95.6954969999999889
20
-60.1883789999999976
11
95.7982959999999935
21
-59.8515999999999977
0
LINE
8
BLACK
6
CONTINUOUS
10
95.7982959999999935
20
-59.8515999999999977
11
95.7988589999999931
21
-59.8502449999999939
0
LINE
8
BLACK
6
CONTINUOUS
10
95.7988589999999931
20
-59.8502449999999939
11
95.7991919999999908
21
-59.8488100000000003
0
LINE
8
BLACK
6
CONTINUOUS
10
95.7991919999999908
20
-59.8488100000000003
11
95.9120199999999983
21
-59.5145839999999993
0
LINE
8
BLACK
6
CONTINUOUS
10
95.9120199999999983
20
-59.5145839999999993
11
95.9126139999999907
21
-59.513264999999997
0
LINE
8
BLACK
6
CONTINUOUS
10
95.9126139999999907
20
-59.513264999999997
11
95.9129799999999904
21
-59.5118709999999993
0
LINE
8
BLACK
6
CONTINUOUS
10
95.9129799999999904
20
-59.5118709999999993
11
96.0395549999999929
21
-59.1697449999999989
0
LINE
8
BLACK
6
CONTINUOUS
10
96.0395549999999929
20
-59.1697449999999989
11
96.0401749999999907
21
-59.1684679999999972
0
LINE
8
BLACK
6
CONTINUOUS
10
96.0401749999999907
20
-59.1684679999999972
11
96.0405739999999923
21
-59.1671059999999969
0
LINE
8
BLACK
6
CONTINUOUS
10
96.0405739999999923
20
-59.1671059999999969
11
96.1768879999999911
21
-58.8284120000000001
0
LINE
8
BLACK
6
CONTINUOUS
10
96.1768879999999911
20
-58.8284120000000001
11
96.1775349999999918
21
-58.8271699999999953
0
LINE
8
BLACK
6
CONTINUOUS
10
96.1775349999999918
20
-58.8271699999999953
11
96.1779629999999912
21
-58.825846999999996
0
LINE
8
BLACK
6
CONTINUOUS
10
96.1779629999999912
20
-58.825846999999996
11
96.3282239999999916
21
-58.4805439999999948
0
LINE
8
BLACK
6
CONTINUOUS
10
96.3282239999999916
20
-58.4805439999999948
11
96.3288909999999987
21
-58.4793459999999996
0
LINE
8
BLACK
6
CONTINUOUS
10
96.3288909999999987
20
-58.4793459999999996
11
96.3293499999999909
21
-58.4780489999999986
0
LINE
8
BLACK
6
CONTINUOUS
10
96.3293499999999909
20
-58.4780489999999986
11
96.4889179999999982
21
-58.1371739999999946
0
LINE
8
BLACK
6
CONTINUOUS
10
96.4889179999999982
20
-58.1371739999999946
11
96.4896090000000015
21
-58.1360089999999943
0
LINE
8
BLACK
6
CONTINUOUS
10
96.4896090000000015
20
-58.1360089999999943
11
96.4900939999999991
21
-58.1347479999999948
0
LINE
8
BLACK
6
CONTINUOUS
10
96.4900939999999991
20
-58.1347479999999948
11
96.6634229999999945
21
-57.7890699999999953
0
LINE
8
BLACK
6
CONTINUOUS
10
96.6634229999999945
20
-57.7890699999999953
11
96.66413399999999
21
-57.7879419999999939
0
LINE
8
BLACK
6
CONTINUOUS
10
96.66413399999999
20
-57.7879419999999939
11
96.6646470000000022
21
-57.7867069999999998
0
LINE
8
BLACK
6
CONTINUOUS
10
96.6646470000000022
20
-57.7867069999999998
11
96.8466829999999987
21
-57.4465679999999992
0
LINE
8
BLACK
6
CONTINUOUS
10
96.8466829999999987
20
-57.4465679999999992
11
96.847416999999993
21
-57.4454700000000003
0
LINE
8
BLACK
6
CONTINUOUS
10
96.847416999999993
20
-57.4454700000000003
11
96.8479540000000014
21
-57.4442669999999964
0
LINE
8
BLACK
6
CONTINUOUS
10
96.8479540000000014
20
-57.4442669999999964
11
97.0430559999999929
21
-57.1016789999999972
0
LINE
8
BLACK
6
CONTINUOUS
10
97.0430559999999929
20
-57.1016789999999972
11
97.0438099999999935
21
-57.1006119999999981
0
LINE
8
BLACK
6
CONTINUOUS
10
97.0438099999999935
20
-57.1006119999999981
11
97.0443739999999906
21
-57.0994329999999977
0
LINE
8
BLACK
6
CONTINUOUS
10
97.0443739999999906
20
-57.0994329999999977
11
97.2473939999999999
21
-56.7635879999999986
0
LINE
8
BLACK
6
CONTINUOUS
10
97.2473939999999999
20
-56.7635879999999986
11
97.2481689999999901
21
-56.7625499999999974
0
LINE
8
BLACK
6
CONTINUOUS
10
97.2481689999999901
20
-56.7625499999999974
11
97.2487579999999951
21
-56.7613959999999977
0
LINE
8
BLACK
6
CONTINUOUS
10
97.2487579999999951
20
-56.7613959999999977
11
97.4635239999999925
21
-56.4259969999999953
0
LINE
8
BLACK
6
CONTINUOUS
10
97.4635239999999925
20
-56.4259969999999953
11
97.4643229999999932
21
-56.4249829999999974
0
LINE
8
BLACK
6
CONTINUOUS
10
97.4643229999999932
20
-56.4249829999999974
11
97.4649369999999919
21
-56.4238519999999966
0
LINE
8
BLACK
6
CONTINUOUS
10
97.4649369999999919
20
-56.4238519999999966
11
97.6866349999999954
21
-56.0964589999999959
0
LINE
8
BLACK
6
CONTINUOUS
10
97.6866349999999954
20
-56.0964589999999959
11
97.6874549999999999
21
-56.0954720000000009
0
LINE
8
BLACK
6
CONTINUOUS
10
97.6874549999999999
20
-56.0954720000000009
11
97.6880969999999991
21
-56.0943579999999997
0
LINE
8
BLACK
6
CONTINUOUS
10
97.6880969999999991
20
-56.0943579999999997
11
97.9195209999999889
21
-55.7707580000000007
0
LINE
8
BLACK
6
CONTINUOUS
10
97.9195209999999889
20
-55.7707580000000007
11
97.9203679999999963
21
-55.7697900000000004
0
LINE
8
BLACK
6
CONTINUOUS
10
97.9203679999999963
20
-55.7697900000000004
11
97.9210369999999983
21
-55.768695000000001
0
LINE
8
BLACK
6
CONTINUOUS
10
97.9210369999999983
20
-55.768695000000001
11
98.1582190000000026
21
-55.4543709999999948
0
LINE
8
BLACK
6
CONTINUOUS
10
98.1582190000000026
20
-55.4543709999999948
11
98.1590929999999986
21
-55.4534219999999962
0
LINE
8
BLACK
6
CONTINUOUS
10
98.1590929999999986
20
-55.4534219999999962
11
98.1597909999999985
21
-55.4523429999999991
0
LINE
8
BLACK
6
CONTINUOUS
10
98.1597909999999985
20
-55.4523429999999991
11
98.4039829999999967
21
-55.145429
0
LINE
8
BLACK
6
CONTINUOUS
10
98.4039829999999967
20
-55.145429
11
98.4048849999999931
21
-55.1444979999999987
0
LINE
8
BLACK
6
CONTINUOUS
10
98.4048849999999931
20
-55.1444979999999987
11
98.4056169999999923
21
-55.1434289999999976
0
LINE
8
BLACK
6
CONTINUOUS
10
98.4056169999999923
20
-55.1434289999999976
11
98.6542379999999923
21
-54.8469949999999997
0
LINE
8
BLACK
6
CONTINUOUS
10
98.6542379999999923
20
-54.8469949999999997
11
98.6551690000000008
21
-54.8460830000000001
0
LINE
8
BLACK
6
CONTINUOUS
10
98.6551690000000008
20
-54.8460830000000001
11
98.6559369999999944
21
-54.8450209999999956
0
LINE
8
BLACK
6
CONTINUOUS
10
98.6559369999999944
20
-54.8450209999999956
11
98.908259000000001
21
-54.5596139999999963
0
LINE
8
BLACK
6
CONTINUOUS
10
98.908259000000001
20
-54.5596139999999963
11
98.9092299999999938
21
-54.5587099999999978
0
LINE
8
BLACK
6
CONTINUOUS
10
98.9092299999999938
20
-54.5587099999999978
11
98.9100349999999935
21
-54.5576579999999964
0
LINE
8
BLACK
6
CONTINUOUS
10
98.9100349999999935
20
-54.5576579999999964
11
99.1653589999999951
21
-54.2837889999999987
0
LINE
8
BLACK
6
CONTINUOUS
10
99.1653589999999951
20
-54.2837889999999987
11
99.1668820000000011
21
-54.2824460000000002
0
LINE
8
BLACK
6
CONTINUOUS
10
99.1668820000000011
20
-54.2824460000000002
11
99.1681749999999909
21
-54.2808889999999948
0
LINE
8
BLACK
6
CONTINUOUS
10
99.1681749999999909
20
-54.2808889999999948
11
99.6804249999999996
21
-53.7741389999999981
0
LINE
8
BLACK
6
CONTINUOUS
10
99.6804249999999996
20
-53.7741389999999981
11
99.6824709999999925
21
-53.772476999999995
0
LINE
8
BLACK
6
CONTINUOUS
10
99.6824709999999925
20
-53.772476999999995
11
99.6842539999999957
21
-53.770545999999996
0
LINE
8
BLACK
6
CONTINUOUS
10
99.6842539999999957
20
-53.770545999999996
11
100.1561069999999916
21
-53.3504099999999966
0
LINE
8
BLACK
6
CONTINUOUS
10
100.1561069999999916
20
-53.3504099999999966
11
100.1575839999999999
21
-53.3493339999999989
0
LINE
8
BLACK
6
CONTINUOUS
10
100.1575839999999999
20
-53.3493339999999989
11
100.1588759999999922
21
-53.3480330000000009
0
LINE
8
BLACK
6
CONTINUOUS
10
100.1588759999999922
20
-53.3480330000000009
11
100.45731099999999
21
-53.101227999999999
0
LINE
8
BLACK
6
CONTINUOUS
10
100.45731099999999
20
-53.101227999999999
11
100.458400999999995
21
-53.1004930000000002
0
LINE
8
BLACK
6
CONTINUOUS
10
100.458400999999995
20
-53.1004930000000002
11
100.4593569999999971
21
-53.099579999999996
0
LINE
8
BLACK
6
CONTINUOUS
10
100.4593569999999971
20
-53.099579999999996
11
100.7595869999999962
21
-52.8642929999999964
0
LINE
8
BLACK
6
CONTINUOUS
10
100.7595869999999962
20
-52.8642929999999964
11
100.7612519999999989
21
-52.863233000000001
0
LINE
8
BLACK
6
CONTINUOUS
10
100.7612519999999989
20
-52.863233000000001
11
100.7627339999999947
21
-52.8619249999999994
0
LINE
8
BLACK
6
CONTINUOUS
10
100.7627339999999947
20
-52.8619249999999994
11
101.3245339999999999
21
-52.4563129999999944
0
LINE
8
BLACK
6
CONTINUOUS
10
101.3245339999999999
20
-52.4563129999999944
11
101.3270610000000005
21
-52.4548409999999947
0
LINE
8
BLACK
6
CONTINUOUS
10
101.3270610000000005
20
-52.4548409999999947
11
101.3293689999999998
21
-52.4530320000000003
0
LINE
8
BLACK
6
CONTINUOUS
10
101.3293689999999998
20
-52.4530320000000003
11
101.7939059999999927
21
-52.157316999999999
0
LINE
8
BLACK
6
CONTINUOUS
10
101.7939059999999927
20
-52.157316999999999
11
101.7972189999999983
21
-52.1556390000000007
0
LINE
8
BLACK
6
CONTINUOUS
10
101.7972189999999983
20
-52.1556390000000007
11
101.8002959999999888
21
-52.1535749999999965
0
LINE
8
BLACK
6
CONTINUOUS
10
101.8002959999999888
20
-52.1535749999999965
11
102.1460879999999918
21
-51.9678789999999964
0
LINE
8
BLACK
6
CONTINUOUS
10
102.1460879999999918
20
-51.9678789999999964
11
102.1509459999999905
21
-51.9658549999999977
0
LINE
8
BLACK
6
CONTINUOUS
10
102.1509459999999905
20
-51.9658549999999977
11
102.1556089999999983
21
-51.963394000000001
0
LINE
8
BLACK
6
CONTINUOUS
10
102.1556089999999983
20
-51.963394000000001
11
102.3918350000000004
21
-51.866973999999999
0
LINE
8
BLACK
6
CONTINUOUS
10
102.3918350000000004
20
-51.866973999999999
11
102.3946799999999939
21
-51.8661259999999942
0
LINE
8
BLACK
6
CONTINUOUS
10
102.3946799999999939
20
-51.8661259999999942
11
102.3973829999999907
21
-51.8648990000000012
0
LINE
8
BLACK
6
CONTINUOUS
10
102.3973829999999907
20
-51.8648990000000012
11
102.4680180000000007
21
-51.84084
0
LINE
8
BLACK
6
CONTINUOUS
10
102.4680180000000007
20
-51.84084
11
102.6922999999999888
21
-51.7523069999999947
0
LINE
8
BLACK
6
CONTINUOUS
10
102.6922999999999888
20
-51.7523069999999947
11
102.9577120000000008
21
-51.6331190000000007
0
LINE
8
BLACK
6
CONTINUOUS
10
102.9577120000000008
20
-51.6331190000000007
11
103.2976669999999899
21
-51.4664789999999996
0
LINE
8
BLACK
6
CONTINUOUS
10
103.2976669999999899
20
-51.4664789999999996
11
103.6669819999999902
21
-51.2727779999999953
0
LINE
8
BLACK
6
CONTINUOUS
10
103.6669819999999902
20
-51.2727779999999953
11
104.4432860000000005
21
-50.8313879999999969
0
LINE
8
BLACK
6
CONTINUOUS
10
104.4432860000000005
20
-50.8313879999999969
11
105.1296399999999949
21
-50.4017179999999954
0
LINE
8
BLACK
6
CONTINUOUS
10
105.1296399999999949
20
-50.4017179999999954
11
105.5274409999999961
21
-50.1457499999999996
0
LINE
8
BLACK
6
CONTINUOUS
10
105.5274409999999961
20
-50.1457499999999996
11
105.5283759999999944
21
-50.1452699999999965
0
LINE
8
BLACK
6
CONTINUOUS
10
105.5283759999999944
20
-50.1452699999999965
11
105.5292129999999986
21
-50.1446359999999984
0
LINE
8
BLACK
6
CONTINUOUS
10
105.5292129999999986
20
-50.1446359999999984
11
105.9357899999999972
21
-49.8948919999999987
0
LINE
8
BLACK
6
CONTINUOUS
10
105.9357899999999972
20
-49.8948919999999987
11
105.936721999999989
21
-49.894438000000001
0
LINE
8
BLACK
6
CONTINUOUS
10
105.936721999999989
20
-49.894438000000001
11
105.9375599999999906
21
-49.8938300000000012
0
LINE
8
BLACK
6
CONTINUOUS
10
105.9375599999999906
20
-49.8938300000000012
11
106.3675499999999943
21
-49.6417779999999951
0
LINE
8
BLACK
6
CONTINUOUS
10
106.3675499999999943
20
-49.6417779999999951
11
106.3684809999999885
21
-49.6413480000000007
0
LINE
8
BLACK
6
CONTINUOUS
10
106.3684809999999885
20
-49.6413480000000007
11
106.3693229999999943
21
-49.6407629999999997
0
LINE
8
BLACK
6
CONTINUOUS
10
106.3693229999999943
20
-49.6407629999999997
11
106.8064589999999896
21
-49.3963830000000002
0
LINE
8
BLACK
6
CONTINUOUS
10
106.8064589999999896
20
-49.3963830000000002
11
106.8073830000000015
21
-49.395978999999997
0
LINE
8
BLACK
6
CONTINUOUS
10
106.8073830000000015
20
-49.395978999999997
11
106.8082229999999981
21
-49.3954199999999943
0
LINE
8
BLACK
6
CONTINUOUS
10
106.8082229999999981
20
-49.3954199999999943
11
107.2588679999999925
21
-49.1552429999999987
0
LINE
8
BLACK
6
CONTINUOUS
10
107.2588679999999925
20
-49.1552429999999987
11
107.2597919999999903
21
-49.1548609999999968
0
LINE
8
BLACK
6
CONTINUOUS
10
107.2597919999999903
20
-49.1548609999999968
11
107.2606299999999919
21
-49.154326999999995
0
LINE
8
BLACK
6
CONTINUOUS
10
107.2606299999999919
20
-49.154326999999995
11
107.7167729999999892
21
-48.9227269999999947
0
LINE
8
BLACK
6
CONTINUOUS
10
107.7167729999999892
20
-48.9227269999999947
11
107.7176879999999954
21
-48.9223700000000008
0
LINE
8
BLACK
6
CONTINUOUS
10
107.7176879999999954
20
-48.9223700000000008
11
107.7185319999999962
21
-48.9218550000000008
0
LINE
8
BLACK
6
CONTINUOUS
10
107.7185319999999962
20
-48.9218550000000008
11
108.183645999999996
21
-48.6970779999999976
0
LINE
8
BLACK
6
CONTINUOUS
10
108.183645999999996
20
-48.6970779999999976
11
108.1845639999999946
21
-48.6967399999999984
0
LINE
8
BLACK
6
CONTINUOUS
10
108.1845639999999946
20
-48.6967399999999984
11
108.185411000000002
21
-48.696245999999995
0
LINE
8
BLACK
6
CONTINUOUS
10
108.185411000000002
20
-48.696245999999995
11
108.6541840000000008
21
-48.4808850000000007
0
LINE
8
BLACK
6
CONTINUOUS
10
108.6541840000000008
20
-48.4808850000000007
11
108.655107000000001
21
-48.4805659999999961
0
LINE
8
BLACK
6
CONTINUOUS
10
108.655107000000001
20
-48.4805659999999961
11
108.6559579999999983
21
-48.4800909999999945
0
LINE
8
BLACK
6
CONTINUOUS
10
108.6559579999999983
20
-48.4800909999999945
11
109.1285279999999887
21
-48.274011999999999
0
LINE
8
BLACK
6
CONTINUOUS
10
109.1285279999999887
20
-48.274011999999999
11
109.1294539999999955
21
-48.2737119999999962
0
LINE
8
BLACK
6
CONTINUOUS
10
109.1294539999999955
20
-48.2737119999999962
11
109.1303190000000001
21
-48.2732509999999948
0
LINE
8
BLACK
6
CONTINUOUS
10
109.1303190000000001
20
-48.2732509999999948
11
109.6046009999999882
21
-48.0773149999999987
0
LINE
8
BLACK
6
CONTINUOUS
10
109.6046009999999882
20
-48.0773149999999987
11
109.6060099999999977
21
-48.0768879999999967
0
LINE
8
BLACK
6
CONTINUOUS
10
109.6060099999999977
20
-48.0768879999999967
11
109.6073239999999913
21
-48.076236999999999
0
LINE
8
BLACK
6
CONTINUOUS
10
109.6073239999999913
20
-48.076236999999999
11
110.552306999999999
21
-47.7178639999999987
0
LINE
8
BLACK
6
CONTINUOUS
10
110.552306999999999
20
-47.7178639999999987
11
110.5542319999999989
21
-47.717341999999995
0
LINE
8
BLACK
6
CONTINUOUS
10
110.5542319999999989
20
-47.717341999999995
11
110.5560479999999899
21
-47.7165299999999988
0
LINE
8
BLACK
6
CONTINUOUS
10
110.5560479999999899
20
-47.7165299999999988
11
111.4846039999999903
21
-47.4059659999999994
0
LINE
8
BLACK
6
CONTINUOUS
10
111.4846039999999903
20
-47.4059659999999994
11
111.4866079999999897
21
-47.4055079999999975
0
LINE
8
BLACK
6
CONTINUOUS
10
111.4866079999999897
20
-47.4055079999999975
11
111.4885170000000016
21
-47.4047459999999958
0
LINE
8
BLACK
6
CONTINUOUS
10
111.4885170000000016
20
-47.4047459999999958
11
112.3873029999999886
21
-47.1445639999999955
0
LINE
8
BLACK
6
CONTINUOUS
10
112.3873029999999886
20
-47.1445639999999955
11
112.3894169999999946
21
-47.144171
0
LINE
8
BLACK
6
CONTINUOUS
10
112.3894169999999946
20
-47.144171
11
112.3914469999999994
21
-47.1434599999999975
0
LINE
8
BLACK
6
CONTINUOUS
10
112.3914469999999994
20
-47.1434599999999975
11
113.2490869999999887
21
-46.934584000000001
0
LINE
8
BLACK
6
CONTINUOUS
10
113.2490869999999887
20
-46.934584000000001
11
113.2513439999999889
21
-46.9342639999999989
0
LINE
8
BLACK
6
CONTINUOUS
10
113.2513439999999889
20
-46.9342639999999989
11
113.2535269999999912
21
-46.933608999999997
0
LINE
8
BLACK
6
CONTINUOUS
10
113.2535269999999912
20
-46.933608999999997
11
114.0610789999999923
21
-46.7754199999999969
0
LINE
8
BLACK
6
CONTINUOUS
10
114.0610789999999923
20
-46.7754199999999969
11
114.0635149999999953
21
-46.7751869999999954
0
LINE
8
BLACK
6
CONTINUOUS
10
114.0635149999999953
20
-46.7751869999999954
11
114.0658859999999919
21
-46.7745999999999995
0
LINE
8
BLACK
6
CONTINUOUS
10
114.0658859999999919
20
-46.7745999999999995
11
114.8170080000000013
21
-46.6651759999999953
0
LINE
8
BLACK
6
CONTINUOUS
10
114.8170080000000013
20
-46.6651759999999953
11
114.8196599999999989
21
-46.6650519999999958
0
LINE
8
BLACK
6
CONTINUOUS
10
114.8196599999999989
20
-46.6650519999999958
11
114.82226
21
-46.664552999999998
0
LINE
8
BLACK
6
CONTINUOUS
10
114.82226
20
-46.664552999999998
11
115.5131219999999956
21
-46.6009799999999998
0
LINE
8
BLACK
6
CONTINUOUS
10
115.5131219999999956
20
-46.6009799999999998
11
115.5160199999999975
21
-46.600997999999997
0
LINE
8
BLACK
6
CONTINUOUS
10
115.5160199999999975
20
-46.600997999999997
11
115.5188999999999879
21
-46.6006159999999952
0
LINE
8
BLACK
6
CONTINUOUS
10
115.5188999999999879
20
-46.6006159999999952
11
116.1479209999999966
21
-46.5793129999999991
0
LINE
8
BLACK
6
CONTINUOUS
10
116.1479209999999966
20
-46.5793129999999991
11
116.1499259999999936
21
-46.5794420000000002
0
LINE
8
BLACK
6
CONTINUOUS
10
116.1499259999999936
20
-46.5794420000000002
11
116.151923999999994
21
-46.5792579999999958
0
LINE
8
BLACK
6
CONTINUOUS
10
116.151923999999994
20
-46.5792579999999958
11
116.323796999999999
21
-46.5803219999999953
0
LINE
8
BLACK
6
CONTINUOUS
10
116.323796999999999
20
-46.5803219999999953
11
116.325018
21
-46.5804489999999944
0
LINE
8
BLACK
6
CONTINUOUS
10
116.325018
20
-46.5804489999999944
11
116.3262469999999951
21
-46.5803669999999954
0
LINE
8
BLACK
6
CONTINUOUS
10
116.3262469999999951
20
-46.5803669999999954
11
116.6595269999999971
21
-46.5905999999999949
0
LINE
8
BLACK
6
CONTINUOUS
10
116.6595269999999971
20
-46.5905999999999949
11
116.6610589999999945
21
-46.5907979999999995
0
LINE
8
BLACK
6
CONTINUOUS
10
116.6610589999999945
20
-46.5907979999999995
11
116.6626049999999992
21
-46.5907419999999988
0
LINE
8
BLACK
6
CONTINUOUS
10
116.6626049999999992
20
-46.5907419999999988
11
117.0001589999999965
21
-46.6115299999999948
0
LINE
8
BLACK
6
CONTINUOUS
10
117.0001589999999965
20
-46.6115299999999948
11
117.0016369999999881
21
-46.6117679999999979
0
LINE
8
BLACK
6
CONTINUOUS
10
117.0016369999999881
20
-46.6117679999999979
11
117.0031339999999886
21
-46.6117579999999947
0
LINE
8
BLACK
6
CONTINUOUS
10
117.0031339999999886
20
-46.6117579999999947
11
117.3546979999999991
21
-46.6439570000000003
0
LINE
8
BLACK
6
CONTINUOUS
10
117.3546979999999991
20
-46.6439570000000003
11
117.3561249999999916
21
-46.6442300000000003
0
LINE
8
BLACK
6
CONTINUOUS
10
117.3561249999999916
20
-46.6442300000000003
11
117.3575799999999987
21
-46.6442629999999951
0
LINE
8
BLACK
6
CONTINUOUS
10
117.3575799999999987
20
-46.6442629999999951
11
117.7120859999999993
21
-46.6871200000000002
0
LINE
8
BLACK
6
CONTINUOUS
10
117.7120859999999993
20
-46.6871200000000002
11
117.7134679999999918
21
-46.687425999999995
0
LINE
8
BLACK
6
CONTINUOUS
10
117.7134679999999918
20
-46.687425999999995
11
117.7148799999999937
21
-46.6874979999999979
0
LINE
8
BLACK
6
CONTINUOUS
10
117.7148799999999937
20
-46.6874979999999979
11
118.0800039999999882
21
-46.7421229999999994
0
LINE
8
BLACK
6
CONTINUOUS
10
118.0800039999999882
20
-46.7421229999999994
11
118.0813429999999897
21
-46.7424600000000012
0
LINE
8
BLACK
6
CONTINUOUS
10
118.0813429999999897
20
-46.7424600000000012
11
118.0827239999999989
21
-46.7425679999999986
0
LINE
8
BLACK
6
CONTINUOUS
10
118.0827239999999989
20
-46.7425679999999986
11
118.4492109999999911
21
-46.8077690000000004
0
LINE
8
BLACK
6
CONTINUOUS
10
118.4492109999999911
20
-46.8077690000000004
11
118.4505169999999907
21
-46.8081359999999975
0
LINE
8
BLACK
6
CONTINUOUS
10
118.4505169999999907
20
-46.8081359999999975
11
118.4518609999999939
21
-46.8082780000000014
0
LINE
8
BLACK
6
CONTINUOUS
10
118.4518609999999939
20
-46.8082780000000014
11
118.824670999999995
21
-46.8850359999999995
0
LINE
8
BLACK
6
CONTINUOUS
10
118.824670999999995
20
-46.8850359999999995
11
118.8259469999999993
21
-46.8854319999999944
0
LINE
8
BLACK
6
CONTINUOUS
10
118.8259469999999993
20
-46.8854319999999944
11
118.827266999999992
21
-46.8856070000000003
0
LINE
8
BLACK
6
CONTINUOUS
10
118.827266999999992
20
-46.8856070000000003
11
119.19967299999999
21
-46.9726579999999956
0
LINE
8
BLACK
6
CONTINUOUS
10
119.19967299999999
20
-46.9726579999999956
11
119.200918999999999
21
-46.9730810000000005
0
LINE
8
BLACK
6
CONTINUOUS
10
119.200918999999999
20
-46.9730810000000005
11
119.2022159999999928
21
-46.9732879999999966
0
LINE
8
BLACK
6
CONTINUOUS
10
119.2022159999999928
20
-46.9732879999999966
11
119.5760189999999881
21
-47.0710610000000003
0
LINE
8
BLACK
6
CONTINUOUS
10
119.5760189999999881
20
-47.0710610000000003
11
119.5772389999999916
21
-47.0715119999999985
0
LINE
8
BLACK
6
CONTINUOUS
10
119.5772389999999916
20
-47.0715119999999985
11
119.5785259999999965
21
-47.071750999999999
0
LINE
8
BLACK
6
CONTINUOUS
10
119.5785259999999965
20
-47.071750999999999
11
119.9500609999999909
21
-47.1793259999999961
0
LINE
8
BLACK
6
CONTINUOUS
10
119.9500609999999909
20
-47.1793259999999961
11
119.9518679999999904
21
-47.1800469999999947
0
LINE
8
BLACK
6
CONTINUOUS
10
119.9518679999999904
20
-47.1800469999999947
11
119.9537610000000001
21
-47.1804759999999987
0
LINE
8
BLACK
6
CONTINUOUS
10
119.9537610000000001
20
-47.1804759999999987
11
120.6852030000000013
21
-47.4233449999999976
0
LINE
8
BLACK
6
CONTINUOUS
10
120.6852030000000013
20
-47.4233449999999976
11
120.6875789999999995
21
-47.4244020000000006
0
LINE
8
BLACK
6
CONTINUOUS
10
120.6875789999999995
20
-47.4244020000000006
11
120.6900819999999896
21
-47.425106999999997
0
LINE
8
BLACK
6
CONTINUOUS
10
120.6900819999999896
20
-47.425106999999997
11
121.394211999999996
21
-47.7002099999999984
0
LINE
8
BLACK
6
CONTINUOUS
10
121.394211999999996
20
-47.7002099999999984
11
121.3965689999999995
21
-47.7014089999999982
0
LINE
8
BLACK
6
CONTINUOUS
10
121.3965689999999995
20
-47.7014089999999982
11
121.3990819999999928
21
-47.7022619999999975
0
LINE
8
BLACK
6
CONTINUOUS
10
121.3990819999999928
20
-47.7022619999999975
11
122.0641210000000001
21
-48.0035079999999965
0
LINE
8
BLACK
6
CONTINUOUS
10
122.0641210000000001
20
-48.0035079999999965
11
122.0664919999999967
21
-48.0048759999999959
0
LINE
8
BLACK
6
CONTINUOUS
10
122.0664919999999967
20
-48.0048759999999959
11
122.0690409999999986
21
-48.0058999999999969
0
LINE
8
BLACK
6
CONTINUOUS
10
122.0690409999999986
20
-48.0058999999999969
11
122.6855959999999897
21
-48.3269179999999992
0
LINE
8
BLACK
6
CONTINUOUS
10
122.6855959999999897
20
-48.3269179999999992
11
122.6880060000000014
21
-48.3284909999999996
0
LINE
8
BLACK
6
CONTINUOUS
10
122.6880060000000014
20
-48.3284909999999996
11
122.690614999999994
21
-48.3297169999999952
0
LINE
8
BLACK
6
CONTINUOUS
10
122.690614999999994
20
-48.3297169999999952
11
123.2520289999999932
21
-48.6643469999999994
0
LINE
8
BLACK
6
CONTINUOUS
10
123.2520289999999932
20
-48.6643469999999994
11
123.2544919999999991
21
-48.6661639999999949
0
LINE
8
BLACK
6
CONTINUOUS
10
123.2544919999999991
20
-48.6661639999999949
11
123.2571809999999886
21
-48.6676349999999971
0
LINE
8
BLACK
6
CONTINUOUS
10
123.2571809999999886
20
-48.6676349999999971
11
123.7595079999999967
21
-49.0102909999999952
0
LINE
8
BLACK
6
CONTINUOUS
10
123.7595079999999967
20
-49.0102909999999952
11
123.7620309999999932
21
-49.0124019999999945
0
LINE
8
BLACK
6
CONTINUOUS
10
123.7620309999999932
20
-49.0124019999999945
11
123.7648119999999921
21
-49.01417
0
LINE
8
BLACK
6
CONTINUOUS
10
123.7648119999999921
20
-49.01417
11
124.2065259999999967
21
-49.3600840000000005
0
LINE
8
BLACK
6
CONTINUOUS
10
124.2065259999999967
20
-49.3600840000000005
11
124.2070389999999946
21
-49.3605739999999997
0
LINE
8
BLACK
6
CONTINUOUS
10
124.2070389999999946
20
-49.3605739999999997
11
124.2076349999999962
21
-49.3609650000000002
0
LINE
8
BLACK
6
CONTINUOUS
10
124.2076349999999962
20
-49.3609650000000002
11
124.3847979999999893
21
-49.5037999999999982
0
LINE
8
BLACK
6
CONTINUOUS
10
124.3847979999999893
20
-49.5037999999999982
11
124.7505419999999958
21
-49.7630659999999949
0
LINE
8
BLACK
6
CONTINUOUS
10
124.7505419999999958
20
-49.7630659999999949
11
125.0328329999999966
21
-49.9272619999999989
0
LINE
8
BLACK
6
CONTINUOUS
10
125.0328329999999966
20
-49.9272619999999989
11
125.201909999999998
21
-49.9995489999999947
0
LINE
8
BLACK
6
CONTINUOUS
10
125.201909999999998
20
-49.9995489999999947
11
125.2761679999999984
21
-50.0139250000000004
0
LINE
8
BLACK
6
CONTINUOUS
10
125.2761679999999984
20
-50.0139250000000004
11
125.3359749999999906
21
-50.007678999999996
0
LINE
8
BLACK
6
CONTINUOUS
10
125.3359749999999906
20
-50.007678999999996
11
125.3656889999999891
21
-49.9922959999999961
0
LINE
8
BLACK
6
CONTINUOUS
10
125.3656889999999891
20
-49.9922959999999961
11
125.3691829999999925
21
-49.9880500000000012
0
LINE
8
BLACK
6
CONTINUOUS
10
125.3691829999999925
20
-49.9880500000000012
11
125.377640999999997
21
-49.9693769999999944
0
LINE
8
BLACK
6
CONTINUOUS
10
125.377640999999997
20
-49.9693769999999944
11
125.3873049999999978
21
-49.922547999999999
0
LINE
8
BLACK
6
CONTINUOUS
10
125.3873049999999978
20
-49.922547999999999
11
125.3902479999999997
21
-49.8507569999999944
0
LINE
8
BLACK
6
CONTINUOUS
10
125.3902479999999997
20
-49.8507569999999944
11
125.3799149999999969
21
-49.7143629999999987
0
LINE
8
BLACK
6
CONTINUOUS
10
125.3799149999999969
20
-49.7143629999999987
11
125.3514479999999907
21
-49.530932
0
LINE
8
BLACK
6
CONTINUOUS
10
125.3514479999999907
20
-49.530932
11
125.2774299999999954
21
-49.179514999999995
0
LINE
8
BLACK
6
CONTINUOUS
10
125.2774299999999954
20
-49.179514999999995
11
125.1624489999999952
21
-48.7113529999999955
0
LINE
8
BLACK
6
CONTINUOUS
10
125.1624489999999952
20
-48.7113529999999955
11
124.8008880000000005
21
-47.3626989999999992
0
LINE
8
BLACK
6
CONTINUOUS
10
124.8008880000000005
20
-47.3626989999999992
11
124.8006719999999916
21
-47.3613969999999966
0
LINE
8
BLACK
6
CONTINUOUS
10
124.8006719999999916
20
-47.3613969999999966
11
124.8002389999999906
21
-47.3601460000000003
0
LINE
8
BLACK
6
CONTINUOUS
10
124.8002389999999906
20
-47.3601460000000003
11
124.6970169999999882
21
-46.930140999999999
0
LINE
8
BLACK
6
CONTINUOUS
10
124.6970169999999882
20
-46.930140999999999
11
124.6967259999999982
21
-46.9280410000000003
0
LINE
8
BLACK
6
CONTINUOUS
10
124.6967259999999982
20
-46.9280410000000003
11
124.6961189999999959
21
-46.9260159999999971
0
LINE
8
BLACK
6
CONTINUOUS
10
124.6961189999999959
20
-46.9260159999999971
11
124.6231539999999995
21
-46.5533969999999968
0
LINE
8
BLACK
6
CONTINUOUS
10
124.6231539999999995
20
-46.5533969999999968
11
124.6230199999999968
21
-46.551998999999995
0
LINE
8
BLACK
6
CONTINUOUS
10
124.6230199999999968
20
-46.551998999999995
11
124.6226549999999946
21
-46.5506449999999958
0
LINE
8
BLACK
6
CONTINUOUS
10
124.6226549999999946
20
-46.5506449999999958
11
124.5555669999999964
21
-46.1487379999999945
0
LINE
8
BLACK
6
CONTINUOUS
10
124.5555669999999964
20
-46.1487379999999945
11
124.5554459999999892
21
-46.1469510000000014
0
LINE
8
BLACK
6
CONTINUOUS
10
124.5554459999999892
20
-46.1469510000000014
11
124.5550409999999886
21
-46.1452019999999976
0
LINE
8
BLACK
6
CONTINUOUS
10
124.5550409999999886
20
-46.1452019999999976
11
124.4418659999999903
21
-45.2772289999999984
0
LINE
8
BLACK
6
CONTINUOUS
10
124.4418659999999903
20
-45.2772289999999984
11
124.441794999999999
21
-45.2750020000000006
0
LINE
8
BLACK
6
CONTINUOUS
10
124.441794999999999
20
-45.2750020000000006
11
124.4413899999999984
21
-45.2728150000000014
0
LINE
8
BLACK
6
CONTINUOUS
10
124.4413899999999984
20
-45.2728150000000014
11
124.3727469999999897
21
-44.4696889999999954
0
LINE
8
BLACK
6
CONTINUOUS
10
124.3727469999999897
20
-44.4696889999999954
11
124.3727779999999967
21
-44.4672479999999979
0
LINE
8
BLACK
6
CONTINUOUS
10
124.3727779999999967
20
-44.4672479999999979
11
124.3724509999999981
21
-44.4648329999999987
0
LINE
8
BLACK
6
CONTINUOUS
10
124.3724509999999981
20
-44.4648329999999987
11
124.3489409999999964
21
-43.8230280000000008
0
LINE
8
BLACK
6
CONTINUOUS
10
124.3489409999999964
20
-43.8230280000000008
11
124.3490520000000004
21
-43.8212219999999988
0
LINE
8
BLACK
6
CONTINUOUS
10
124.3490520000000004
20
-43.8212219999999988
11
124.348873999999995
21
-43.8194209999999984
0
LINE
8
BLACK
6
CONTINUOUS
10
124.348873999999995
20
-43.8194209999999984
11
124.3487939999999981
21
-43.6704509999999999
0
LINE
8
BLACK
6
CONTINUOUS
10
124.3487939999999981
20
-43.6704509999999999
11
124.3489719999999892
21
-43.6686270000000007
0
LINE
8
BLACK
6
CONTINUOUS
10
124.3489719999999892
20
-43.6686270000000007
11
124.3488589999999903
21
-43.666801999999997
0
LINE
8
BLACK
6
CONTINUOUS
10
124.3488589999999903
20
-43.666801999999997
11
124.3696569999999895
21
-43.0886190000000013
0
LINE
8
BLACK
6
CONTINUOUS
10
124.3696569999999895
20
-43.0886190000000013
11
124.3701169999999934
21
-43.0852059999999994
0
LINE
8
BLACK
6
CONTINUOUS
10
124.3701169999999934
20
-43.0852059999999994
11
124.3701399999999921
21
-43.0817629999999951
0
LINE
8
BLACK
6
CONTINUOUS
10
124.3701399999999921
20
-43.0817629999999951
11
124.4228789999999947
21
-42.5799090000000007
0
LINE
8
BLACK
6
CONTINUOUS
10
124.4228789999999947
20
-42.5799090000000007
11
124.4236760000000004
21
-42.5760310000000004
0
LINE
8
BLACK
6
CONTINUOUS
10
124.4236760000000004
20
-42.5760310000000004
11
124.4240149999999971
21
-42.5720880000000008
0
LINE
8
BLACK
6
CONTINUOUS
10
124.4240149999999971
20
-42.5720880000000008
11
124.5070399999999893
21
-42.1253710000000012
0
LINE
8
BLACK
6
CONTINUOUS
10
124.5070399999999893
20
-42.1253710000000012
11
124.5082619999999878
21
-42.1211489999999955
0
LINE
8
BLACK
6
CONTINUOUS
10
124.5082619999999878
20
-42.1211489999999955
11
124.5090219999999874
21
-42.1168149999999955
0
LINE
8
BLACK
6
CONTINUOUS
10
124.5090219999999874
20
-42.1168149999999955
11
124.6222099999999955
21
-41.7103959999999958
0
LINE
8
BLACK
6
CONTINUOUS
10
124.6222099999999955
20
-41.7103959999999958
11
124.6239209999999957
21
-41.7059789999999992
0
LINE
8
BLACK
6
CONTINUOUS
10
124.6239209999999957
20
-41.7059789999999992
11
124.6251740000000012
21
-41.7014209999999963
0
LINE
8
BLACK
6
CONTINUOUS
10
124.6251740000000012
20
-41.7014209999999963
11
124.769835999999998
21
-41.3241719999999972
0
LINE
8
BLACK
6
CONTINUOUS
10
124.769835999999998
20
-41.3241719999999972
11
124.772043999999994
21
-41.3197619999999972
0
LINE
8
BLACK
6
CONTINUOUS
10
124.772043999999994
20
-41.3197619999999972
11
124.7738119999999924
21
-41.3151579999999967
0
LINE
8
BLACK
6
CONTINUOUS
10
124.7738119999999924
20
-41.3151579999999967
11
124.9527519999999896
21
-40.9582479999999975
0
LINE
8
BLACK
6
CONTINUOUS
10
124.9527519999999896
20
-40.9582479999999975
11
124.9547489999999925
21
-40.9550829999999948
0
LINE
8
BLACK
6
CONTINUOUS
10
124.9547489999999925
20
-40.9550829999999948
11
124.9563440000000014
21
-40.9517060000000015
0
LINE
8
BLACK
6
CONTINUOUS
10
124.9563440000000014
20
-40.9517060000000015
11
125.0602339999999941
21
-40.7781510000000011
0
LINE
8
BLACK
6
CONTINUOUS
10
125.0602339999999941
20
-40.7781510000000011
11
125.0617069999999984
21
-40.7761619999999994
0
LINE
8
BLACK
6
CONTINUOUS
10
125.0617069999999984
20
-40.7761619999999994
11
125.0628749999999911
21
-40.7739759999999976
0
LINE
8
BLACK
6
CONTINUOUS
10
125.0628749999999911
20
-40.7739759999999976
11
125.1766629999999907
21
-40.603586
0
LINE
8
BLACK
6
CONTINUOUS
10
125.1766629999999907
20
-40.603586
11
125.1782089999999954
21
-40.601700000000001
0
LINE
8
BLACK
6
CONTINUOUS
10
125.1782089999999954
20
-40.601700000000001
11
125.179468
21
-40.5995980000000003
0
LINE
8
BLACK
6
CONTINUOUS
10
125.179468
20
-40.5995980000000003
11
125.3054379999999952
21
-40.4295410000000004
0
LINE
8
BLACK
6
CONTINUOUS
10
125.3054379999999952
20
-40.4295410000000004
11
125.3070379999999915
21
-40.4277729999999949
0
LINE
8
BLACK
6
CONTINUOUS
10
125.3070379999999915
20
-40.4277729999999949
11
125.3083609999999908
21
-40.4257849999999976
0
LINE
8
BLACK
6
CONTINUOUS
10
125.3083609999999908
20
-40.4257849999999976
11
125.4451879999999875
21
-40.2583559999999991
0
LINE
8
BLACK
6
CONTINUOUS
10
125.4451879999999875
20
-40.2583559999999991
11
125.4468249999999898
21
-40.2567109999999957
0
LINE
8
BLACK
6
CONTINUOUS
10
125.4468249999999898
20
-40.2567109999999957
11
125.4481989999999882
21
-40.254840999999999
0
LINE
8
BLACK
6
CONTINUOUS
10
125.4481989999999882
20
-40.254840999999999
11
125.6004239999999896
21
-40.0852319999999978
0
LINE
8
BLACK
6
CONTINUOUS
10
125.6004239999999896
20
-40.0852319999999978
11
125.6020739999999876
21
-40.083720999999997
0
LINE
8
BLACK
6
CONTINUOUS
10
125.6020739999999876
20
-40.083720999999997
11
125.6034729999999939
21
-40.0819839999999985
0
LINE
8
BLACK
6
CONTINUOUS
10
125.6034729999999939
20
-40.0819839999999985
11
125.7678679999999929
21
-39.9144649999999999
0
LINE
8
BLACK
6
CONTINUOUS
10
125.7678679999999929
20
-39.9144649999999999
11
125.7695099999999968
21
-39.9130899999999968
0
LINE
8
BLACK
6
CONTINUOUS
10
125.7695099999999968
20
-39.9130899999999968
11
125.7709249999999912
21
-39.9114799999999974
0
LINE
8
BLACK
6
CONTINUOUS
10
125.7709249999999912
20
-39.9114799999999974
11
125.9550270000000012
21
-39.7392529999999979
0
LINE
8
BLACK
6
CONTINUOUS
10
125.9550270000000012
20
-39.7392529999999979
11
125.9566399999999931
21
-39.7380159999999947
0
LINE
8
BLACK
6
CONTINUOUS
10
125.9566399999999931
20
-39.7380159999999947
11
125.9580449999999985
21
-39.736542
0
LINE
8
BLACK
6
CONTINUOUS
10
125.9580449999999985
20
-39.736542
11
126.1560739999999896
21
-39.5658109999999965
0
LINE
8
BLACK
6
CONTINUOUS
10
126.1560739999999896
20
-39.5658109999999965
11
126.1576519999999988
21
-39.5646989999999974
0
LINE
8
BLACK
6
CONTINUOUS
10
126.1576519999999988
20
-39.5646989999999974
11
126.1590329999999938
21
-39.5633580000000009
0
LINE
8
BLACK
6
CONTINUOUS
10
126.1590329999999938
20
-39.5633580000000009
11
126.3825659999999971
21
-39.3851429999999993
0
LINE
8
BLACK
6
CONTINUOUS
10
126.3825659999999971
20
-39.3851429999999993
11
126.3840839999999872
21
-39.3841589999999968
0
LINE
8
BLACK
6
CONTINUOUS
10
126.3840839999999872
20
-39.3841589999999968
11
126.3854259999999954
21
-39.3829459999999969
0
LINE
8
BLACK
6
CONTINUOUS
10
126.3854259999999954
20
-39.3829459999999969
11
126.62524599999999
21
-39.2055019999999956
0
LINE
8
BLACK
6
CONTINUOUS
10
126.62524599999999
20
-39.2055019999999956
11
126.626702999999992
21
-39.2046300000000016
0
LINE
8
BLACK
6
CONTINUOUS
10
126.626702999999992
20
-39.2046300000000016
11
126.627995999999996
21
-39.2035389999999992
0
LINE
8
BLACK
6
CONTINUOUS
10
126.627995999999996
20
-39.2035389999999992
11
126.9013209999999958
21
-39.0152519999999967
0
LINE
8
BLACK
6
CONTINUOUS
10
126.9013209999999958
20
-39.0152519999999967
11
126.9026949999999943
21
-39.0144909999999996
0
LINE
8
BLACK
6
CONTINUOUS
10
126.9026949999999943
20
-39.0144909999999996
11
126.9039299999999884
21
-39.0135140000000007
0
LINE
8
BLACK
6
CONTINUOUS
10
126.9039299999999884
20
-39.0135140000000007
11
127.1967499999999944
21
-38.8250499999999974
0
LINE
8
BLACK
6
CONTINUOUS
10
127.1967499999999944
20
-38.8250499999999974
11
127.198048
21
-38.8243839999999949
0
LINE
8
BLACK
6
CONTINUOUS
10
127.198048
20
-38.8243839999999949
11
127.1992149999999953
21
-38.8235139999999959
0
LINE
8
BLACK
6
CONTINUOUS
10
127.1992149999999953
20
-38.8235139999999959
11
127.5370629999999892
21
-38.6196989999999971
0
LINE
8
BLACK
6
CONTINUOUS
10
127.5370629999999892
20
-38.6196989999999971
11
127.5382689999999997
21
-38.6191239999999993
0
LINE
8
BLACK
6
CONTINUOUS
10
127.5382689999999997
20
-38.6191239999999993
11
127.539363999999992
21
-38.6183520000000016
0
LINE
8
BLACK
6
CONTINUOUS
10
127.539363999999992
20
-38.6183520000000016
11
127.9011789999999991
21
-38.4130279999999971
0
LINE
8
BLACK
6
CONTINUOUS
10
127.9011789999999991
20
-38.4130279999999971
11
127.9190940000000012
21
-38.4050709999999995
0
LINE
8
BLACK
6
CONTINUOUS
10
127.9190940000000012
20
-38.4050709999999995
11
127.9282639999999986
21
-38.4039319999999975
0
LINE
8
BLACK
6
CONTINUOUS
10
127.9282639999999986
20
-38.4039319999999975
11
127.9370049999999992
21
-38.4009190000000018
0
LINE
8
BLACK
6
CONTINUOUS
10
127.9370049999999992
20
-38.4009190000000018
11
127.9565939999999955
21
-38.4001839999999959
0
LINE
8
BLACK
6
CONTINUOUS
10
127.9565939999999955
20
-38.4001839999999959
11
131.4926419999999894
21
-38.6148779999999974
0
LINE
8
BLACK
6
CONTINUOUS
10
127.6392339999999876
20
-38.7916370000000015
11
127.3037789999999916
21
-38.9940080000000009
0
LINE
8
BLACK
6
CONTINUOUS
10
127.3037789999999916
20
-38.9940080000000009
11
127.013465999999994
21
-39.1808580000000006
0
LINE
8
BLACK
6
CONTINUOUS
10
127.013465999999994
20
-39.1808580000000006
11
126.7428469999999976
21
-39.3672819999999959
0
LINE
8
BLACK
6
CONTINUOUS
10
126.7428469999999976
20
-39.3672819999999959
11
126.505833999999993
21
-39.5426489999999973
0
LINE
8
BLACK
6
CONTINUOUS
10
126.505833999999993
20
-39.5426489999999973
11
126.2852089999999947
21
-39.7185449999999989
0
LINE
8
BLACK
6
CONTINUOUS
10
126.2852089999999947
20
-39.7185449999999989
11
126.090170999999998
21
-39.8866979999999955
0
LINE
8
BLACK
6
CONTINUOUS
10
126.090170999999998
20
-39.8866979999999955
11
125.9091139999999882
21
-40.0560759999999974
0
LINE
8
BLACK
6
CONTINUOUS
10
125.9091139999999882
20
-40.0560759999999974
11
125.7477739999999926
21
-40.2204830000000015
0
LINE
8
BLACK
6
CONTINUOUS
10
125.7477739999999926
20
-40.2204830000000015
11
125.5985879999999923
21
-40.3867040000000017
0
LINE
8
BLACK
6
CONTINUOUS
10
125.5985879999999923
20
-40.3867040000000017
11
125.4647389999999945
21
-40.5504889999999989
0
LINE
8
BLACK
6
CONTINUOUS
10
125.4647389999999945
20
-40.5504889999999989
11
125.3416259999999909
21
-40.7166899999999998
0
LINE
8
BLACK
6
CONTINUOUS
10
125.3416259999999909
20
-40.7166899999999998
11
125.2305649999999986
21
-40.8829980000000006
0
LINE
8
BLACK
6
CONTINUOUS
10
125.2305649999999986
20
-40.8829980000000006
11
125.1298659999999927
21
-41.0512230000000002
0
LINE
8
BLACK
6
CONTINUOUS
10
125.1298659999999927
20
-41.0512230000000002
11
124.9548109999999923
21
-41.4003839999999954
0
LINE
8
BLACK
6
CONTINUOUS
10
124.9548109999999923
20
-41.4003839999999954
11
124.8136099999999971
21
-41.7686039999999963
0
LINE
8
BLACK
6
CONTINUOUS
10
124.8136099999999971
20
-41.7686039999999963
11
124.7028669999999977
21
-42.1662430000000015
0
LINE
8
BLACK
6
CONTINUOUS
10
124.7028669999999977
20
-42.1662430000000015
11
124.6213690000000014
21
-42.6047459999999987
0
LINE
8
BLACK
6
CONTINUOUS
10
124.6213690000000014
20
-42.6047459999999987
11
124.5694029999999941
21
-43.0992449999999963
0
LINE
8
BLACK
6
CONTINUOUS
10
124.5694029999999941
20
-43.0992449999999963
11
124.5487940000000009
21
-43.6721569999999986
0
LINE
8
BLACK
6
CONTINUOUS
10
124.5487940000000009
20
-43.6721569999999986
11
124.5488730000000004
21
-43.8175079999999966
0
LINE
8
BLACK
6
CONTINUOUS
10
124.5488730000000004
20
-43.8175079999999966
11
124.572226999999998
21
-44.4550759999999983
0
LINE
8
BLACK
6
CONTINUOUS
10
124.572226999999998
20
-44.4550759999999983
11
124.6404739999999975
21
-45.2535669999999968
0
LINE
8
BLACK
6
CONTINUOUS
10
124.6404739999999975
20
-45.2535669999999968
11
124.7531339999999886
21
-46.1175889999999953
0
LINE
8
BLACK
6
CONTINUOUS
10
124.7531339999999886
20
-46.1175889999999953
11
124.8196930000000009
21
-46.5163279999999943
0
LINE
8
BLACK
6
CONTINUOUS
10
124.8196930000000009
20
-46.5163279999999943
11
124.8919810000000012
21
-46.8854929999999968
0
LINE
8
BLACK
6
CONTINUOUS
10
124.8919810000000012
20
-46.8854929999999968
11
124.9944089999999903
21
-47.3121889999999965
0
LINE
8
BLACK
6
CONTINUOUS
10
124.9944089999999903
20
-47.3121889999999965
11
125.3559049999999928
21
-48.6605980000000002
0
LINE
8
BLACK
6
CONTINUOUS
10
125.3559049999999928
20
-48.6605980000000002
11
125.3560769999999991
21
-48.6616420000000005
0
LINE
8
BLACK
6
CONTINUOUS
10
125.3560769999999991
20
-48.6616420000000005
11
125.3564299999999889
21
-48.6626419999999982
0
LINE
8
BLACK
6
CONTINUOUS
10
125.3564299999999889
20
-48.6626419999999982
11
125.4720529999999883
21
-49.1334179999999989
0
LINE
8
BLACK
6
CONTINUOUS
10
125.4720529999999883
20
-49.1334179999999989
11
125.472290000000001
21
-49.1350689999999943
0
LINE
8
BLACK
6
CONTINUOUS
10
125.472290000000001
20
-49.1350689999999943
11
125.4727919999999983
21
-49.1366589999999945
0
LINE
8
BLACK
6
CONTINUOUS
10
125.4727919999999983
20
-49.1366589999999945
11
125.5477069999999884
21
-49.4923379999999966
0
LINE
8
BLACK
6
CONTINUOUS
10
125.5477069999999884
20
-49.4923379999999966
11
125.5479999999999876
21
-49.495008999999996
0
LINE
8
BLACK
6
CONTINUOUS
10
125.5479999999999876
20
-49.495008999999996
11
125.5486709999999988
21
-49.4976119999999966
0
LINE
8
BLACK
6
CONTINUOUS
10
125.5486709999999988
20
-49.4976119999999966
11
125.5781499999999937
21
-49.6875619999999998
0
LINE
8
BLACK
6
CONTINUOUS
10
125.5781499999999937
20
-49.6875619999999998
11
125.578368999999995
21
-49.691480999999996
0
LINE
8
BLACK
6
CONTINUOUS
10
125.578368999999995
20
-49.691480999999996
11
125.5790469999999885
21
-49.6953439999999986
0
LINE
8
BLACK
6
CONTINUOUS
10
125.5790469999999885
20
-49.6953439999999986
11
125.5901169999999922
21
-49.8414700000000011
0
LINE
8
BLACK
6
CONTINUOUS
10
125.5901169999999922
20
-49.8414700000000011
11
125.5899849999999986
21
-49.847293999999998
0
LINE
8
BLACK
6
CONTINUOUS
10
125.5899849999999986
20
-49.847293999999998
11
125.5903189999999938
21
-49.8531189999999995
0
LINE
8
BLACK
6
CONTINUOUS
10
125.5903189999999938
20
-49.8531189999999995
11
125.5868040000000008
21
-49.9388760000000005
0
LINE
8
BLACK
6
CONTINUOUS
10
125.5868040000000008
20
-49.9388760000000005
11
125.5856769999999898
21
-49.9469209999999961
0
LINE
8
BLACK
6
CONTINUOUS
10
125.5856769999999898
20
-49.9469209999999961
11
125.5848239999999976
21
-49.9549919999999972
0
LINE
8
BLACK
6
CONTINUOUS
10
125.5848239999999976
20
-49.9549919999999972
11
125.5712629999999876
21
-50.0207049999999995
0
LINE
8
BLACK
6
CONTINUOUS
10
125.5712629999999876
20
-50.0207049999999995
11
125.5707439999999906
21
-50.0223699999999951
0
LINE
8
BLACK
6
CONTINUOUS
10
125.5707439999999906
20
-50.0223699999999951
11
125.5707179999999994
21
-50.023188999999995
0
LINE
8
BLACK
6
CONTINUOUS
10
125.5707179999999994
20
-50.023188999999995
11
125.5679719999999975
21
-50.0312789999999978
0
LINE
8
BLACK
6
CONTINUOUS
10
125.5679719999999975
20
-50.0312789999999978
11
125.5654389999999978
21
-50.0394229999999993
0
LINE
8
BLACK
6
CONTINUOUS
10
125.5654389999999978
20
-50.0394229999999993
11
125.5649799999999914
21
-50.0400989999999979
0
LINE
8
BLACK
6
CONTINUOUS
10
125.5649799999999914
20
-50.0400989999999979
11
125.5644190000000009
21
-50.0417529999999999
0
LINE
8
BLACK
6
CONTINUOUS
10
125.5644190000000009
20
-50.0417529999999999
11
125.5459039999999931
21
-50.0826299999999947
0
LINE
8
BLACK
6
CONTINUOUS
10
125.5459039999999931
20
-50.0826299999999947
11
125.5434989999999971
21
-50.0867959999999997
0
LINE
8
BLACK
6
CONTINUOUS
10
125.5434989999999971
20
-50.0867959999999997
11
125.5429399999999873
21
-50.0886309999999995
0
LINE
8
BLACK
6
CONTINUOUS
10
125.5429399999999873
20
-50.0886309999999995
11
125.5393380000000008
21
-50.0940039999999982
0
LINE
8
BLACK
6
CONTINUOUS
10
125.5393380000000008
20
-50.0940039999999982
11
125.5361039999999946
21
-50.0996090000000009
0
LINE
8
BLACK
6
CONTINUOUS
10
125.5361039999999946
20
-50.0996090000000009
11
125.5347029999999933
21
-50.100919999999995
0
LINE
8
BLACK
6
CONTINUOUS
10
125.5347029999999933
20
-50.100919999999995
11
125.5320269999999994
21
-50.1049149999999983
0
LINE
8
BLACK
6
CONTINUOUS
10
125.5320269999999994
20
-50.1049149999999983
11
125.5070889999999935
21
-50.1352179999999947
0
LINE
8
BLACK
6
CONTINUOUS
10
125.5070889999999935
20
-50.1352179999999947
11
125.4932089999999931
21
-50.1490609999999961
0
LINE
8
BLACK
6
CONTINUOUS
10
125.4932089999999931
20
-50.1490609999999961
11
125.4926770000000005
21
-50.1493429999999947
0
LINE
8
BLACK
6
CONTINUOUS
10
125.4926770000000005
20
-50.1493429999999947
11
125.4922909999999945
21
-50.1498029999999986
0
LINE
8
BLACK
6
CONTINUOUS
10
125.4922909999999945
20
-50.1498029999999986
11
125.4758489999999966
21
-50.1604789999999952
0
LINE
8
BLACK
6
CONTINUOUS
10
125.4758489999999966
20
-50.1604789999999952
11
125.4111389999999915
21
-50.1939799999999963
0
LINE
8
BLACK
6
CONTINUOUS
10
125.4111389999999915
20
-50.1939799999999963
11
125.3960219999999879
21
-50.2000089999999943
0
LINE
8
BLACK
6
CONTINUOUS
10
125.3960219999999879
20
-50.2000089999999943
11
125.3947549999999893
21
-50.2006969999999981
0
LINE
8
BLACK
6
CONTINUOUS
10
125.3947549999999893
20
-50.2006969999999981
11
125.393817999999996
21
-50.2008879999999991
0
LINE
8
BLACK
6
CONTINUOUS
10
125.393817999999996
20
-50.2008879999999991
11
125.3929309999999901
21
-50.2012429999999981
0
LINE
8
BLACK
6
CONTINUOUS
10
125.3929309999999901
20
-50.2012429999999981
11
125.3914939999999945
21
-50.2013649999999956
0
LINE
8
BLACK
6
CONTINUOUS
10
125.3914939999999945
20
-50.2013649999999956
11
125.3755509999999873
21
-50.2046339999999987
0
LINE
8
BLACK
6
CONTINUOUS
10
125.3755509999999873
20
-50.2046339999999987
11
125.2821519999999964
21
-50.2143879999999996
0
LINE
8
BLACK
6
CONTINUOUS
10
125.2821519999999964
20
-50.2143879999999996
11
125.2747039999999998
21
-50.2144319999999951
0
LINE
8
BLACK
6
CONTINUOUS
10
125.2747039999999998
20
-50.2144319999999951
11
125.2722769999999883
21
-50.2149280000000005
0
LINE
8
BLACK
6
CONTINUOUS
10
125.2722769999999883
20
-50.2149280000000005
11
125.2674249999999887
21
-50.2144750000000002
0
LINE
8
BLACK
6
CONTINUOUS
10
125.2674249999999887
20
-50.2144750000000002
11
125.2625489999999928
21
-50.214503999999998
0
LINE
8
BLACK
6
CONTINUOUS
10
125.2625489999999928
20
-50.214503999999998
11
125.2601709999999997
21
-50.2137969999999996
0
LINE
8
BLACK
6
CONTINUOUS
10
125.2601709999999997
20
-50.2137969999999996
11
125.2527589999999975
21
-50.2131059999999962
0
LINE
8
BLACK
6
CONTINUOUS
10
125.2527589999999975
20
-50.2131059999999962
11
125.1534130000000005
21
-50.193874000000001
0
LINE
8
BLACK
6
CONTINUOUS
10
125.1534130000000005
20
-50.193874000000001
11
125.1523419999999902
21
-50.1935549999999964
0
LINE
8
BLACK
6
CONTINUOUS
10
125.1523419999999902
20
-50.1935549999999964
11
125.1517999999999944
21
-50.1935489999999973
0
LINE
8
BLACK
6
CONTINUOUS
10
125.1517999999999944
20
-50.1935489999999973
11
125.1431949999999915
21
-50.1908309999999958
0
LINE
8
BLACK
6
CONTINUOUS
10
125.1431949999999915
20
-50.1908309999999958
11
125.1346249999999998
21
-50.1882799999999989
0
LINE
8
BLACK
6
CONTINUOUS
10
125.1346249999999998
20
-50.1882799999999989
11
125.1341759999999965
21
-50.1879829999999956
0
LINE
8
BLACK
6
CONTINUOUS
10
125.1341759999999965
20
-50.1879829999999956
11
125.1331069999999954
21
-50.1876460000000009
0
LINE
8
BLACK
6
CONTINUOUS
10
125.1331069999999954
20
-50.1876460000000009
11
124.9485579999999914
21
-50.1087439999999944
0
LINE
8
BLACK
6
CONTINUOUS
10
124.9485579999999914
20
-50.1087439999999944
11
124.9431729999999874
21
-50.1057869999999994
0
LINE
8
BLACK
6
CONTINUOUS
10
124.9431729999999874
20
-50.1057869999999994
11
124.9375909999999976
21
-50.1032359999999954
0
LINE
8
BLACK
6
CONTINUOUS
10
124.9375909999999976
20
-50.1032359999999954
11
124.646097999999995
21
-49.9336879999999965
0
LINE
8
BLACK
6
CONTINUOUS
10
124.646097999999995
20
-49.9336879999999965
11
124.6424509999999941
21
-49.9310569999999956
0
LINE
8
BLACK
6
CONTINUOUS
10
124.6424509999999941
20
-49.9310569999999956
11
124.638545999999991
21
-49.9288290000000003
0
LINE
8
BLACK
6
CONTINUOUS
10
124.638545999999991
20
-49.9288290000000003
11
124.266619999999989
21
-49.6651809999999969
0
LINE
8
BLACK
6
CONTINUOUS
10
124.266619999999989
20
-49.6651809999999969
11
124.2642789999999877
21
-49.6631489999999971
0
LINE
8
BLACK
6
CONTINUOUS
10
124.2642789999999877
20
-49.6631489999999971
11
124.2616859999999974
21
-49.6614489999999975
0
LINE
8
BLACK
6
CONTINUOUS
10
124.2616859999999974
20
-49.6614489999999975
11
124.0826119999999975
21
-49.5170740000000009
0
LINE
8
BLACK
6
CONTINUOUS
10
124.0826119999999975
20
-49.5170740000000009
11
123.6440839999999923
21
-49.1736549999999966
0
LINE
8
BLACK
6
CONTINUOUS
10
123.6440839999999923
20
-49.1736549999999966
11
123.1470039999999955
21
-48.8345780000000005
0
LINE
8
BLACK
6
CONTINUOUS
10
123.1470039999999955
20
-48.8345780000000005
11
122.5906729999999953
21
-48.5029800000000009
0
LINE
8
BLACK
6
CONTINUOUS
10
122.5906729999999953
20
-48.5029800000000009
11
121.9790979999999934
21
-48.1845560000000006
0
LINE
8
BLACK
6
CONTINUOUS
10
121.9790979999999934
20
-48.1845560000000006
11
121.3189649999999915
21
-47.8855339999999998
0
LINE
8
BLACK
6
CONTINUOUS
10
121.3189649999999915
20
-47.8855339999999998
11
120.6197249999999883
21
-47.6123399999999961
0
LINE
8
BLACK
6
CONTINUOUS
10
120.6197249999999883
20
-47.6123399999999961
11
119.8925879999999893
21
-47.3708999999999989
0
LINE
8
BLACK
6
CONTINUOUS
10
119.8925879999999893
20
-47.3708999999999989
11
119.5241259999999954
21
-47.2642150000000001
0
LINE
8
BLACK
6
CONTINUOUS
10
119.5241259999999954
20
-47.2642150000000001
11
119.1528840000000002
21
-47.1671119999999959
0
LINE
8
BLACK
6
CONTINUOUS
10
119.1528840000000002
20
-47.1671119999999959
11
118.783017000000001
21
-47.0806539999999956
0
LINE
8
BLACK
6
CONTINUOUS
10
118.783017000000001
20
-47.0806539999999956
11
118.412863999999999
21
-47.0044419999999974
0
LINE
8
BLACK
6
CONTINUOUS
10
118.412863999999999
20
-47.0044419999999974
11
118.0490369999999984
21
-46.9397149999999996
0
LINE
8
BLACK
6
CONTINUOUS
10
118.0490369999999984
20
-46.9397149999999996
11
117.6866879999999895
21
-46.8855049999999949
0
LINE
8
BLACK
6
CONTINUOUS
10
117.6866879999999895
20
-46.8855049999999949
11
117.3350129999999893
21
-46.8429900000000004
0
LINE
8
BLACK
6
CONTINUOUS
10
117.3350129999999893
20
-46.8429900000000004
11
116.986385999999996
21
-46.8110599999999977
0
LINE
8
BLACK
6
CONTINUOUS
10
116.986385999999996
20
-46.8110599999999977
11
116.6518480000000011
21
-46.790458000000001
0
LINE
8
BLACK
6
CONTINUOUS
10
116.6518480000000011
20
-46.790458000000001
11
116.3213259999999991
21
-46.7803100000000001
0
LINE
8
BLACK
6
CONTINUOUS
10
116.3213259999999991
20
-46.7803100000000001
11
116.1526980000000009
21
-46.7792659999999998
0
LINE
8
BLACK
6
CONTINUOUS
10
116.1526980000000009
20
-46.7792659999999998
11
115.5285529999999881
21
-46.8004040000000003
0
LINE
8
BLACK
6
CONTINUOUS
10
115.5285529999999881
20
-46.8004040000000003
11
114.8432179999999931
21
-46.8634679999999975
0
LINE
8
BLACK
6
CONTINUOUS
10
114.8432179999999931
20
-46.8634679999999975
11
114.0971440000000001
21
-46.9721559999999982
0
LINE
8
BLACK
6
CONTINUOUS
10
114.0971440000000001
20
-46.9721559999999982
11
113.2942039999999935
21
-47.1294409999999999
0
LINE
8
BLACK
6
CONTINUOUS
10
113.2942039999999935
20
-47.1294409999999999
11
112.4408479999999884
21
-47.3372740000000007
0
LINE
8
BLACK
6
CONTINUOUS
10
112.4408479999999884
20
-47.3372740000000007
11
111.5461009999999931
21
-47.5962859999999992
0
LINE
8
BLACK
6
CONTINUOUS
10
111.5461009999999931
20
-47.5962859999999992
11
110.6213690000000014
21
-47.9055709999999948
0
LINE
8
BLACK
6
CONTINUOUS
10
110.6213690000000014
20
-47.9055709999999948
11
109.679625999999999
21
-48.262715
0
LINE
8
BLACK
6
CONTINUOUS
10
109.679625999999999
20
-48.262715
11
109.2075549999999993
21
-48.4577379999999991
0
LINE
8
BLACK
6
CONTINUOUS
10
109.2075549999999993
20
-48.4577379999999991
11
108.7367840000000001
21
-48.6630329999999987
0
LINE
8
BLACK
6
CONTINUOUS
10
108.7367840000000001
20
-48.6630329999999987
11
108.2698039999999935
21
-48.8775699999999986
0
LINE
8
BLACK
6
CONTINUOUS
10
108.2698039999999935
20
-48.8775699999999986
11
107.8064199999999886
21
-49.1015119999999996
0
LINE
8
BLACK
6
CONTINUOUS
10
107.8064199999999886
20
-49.1015119999999996
11
107.352066999999991
21
-49.3322029999999998
0
LINE
8
BLACK
6
CONTINUOUS
10
107.352066999999991
20
-49.3322029999999998
11
106.903176000000002
21
-49.5714439999999996
0
LINE
8
BLACK
6
CONTINUOUS
10
106.903176000000002
20
-49.5714439999999996
11
106.467811999999995
21
-49.8148339999999976
0
LINE
8
BLACK
6
CONTINUOUS
10
106.467811999999995
20
-49.8148339999999976
11
106.039597999999998
21
-50.0658449999999959
0
LINE
8
BLACK
6
CONTINUOUS
10
106.039597999999998
20
-50.0658449999999959
11
105.6347899999999953
21
-50.3145019999999974
0
LINE
8
BLACK
6
CONTINUOUS
10
105.6347899999999953
20
-50.3145019999999974
11
105.2373669999999919
21
-50.5702289999999977
0
LINE
8
BLACK
6
CONTINUOUS
10
105.2373669999999919
20
-50.5702289999999977
11
105.2368089999999938
21
-50.5705139999999957
0
LINE
8
BLACK
6
CONTINUOUS
10
105.2368089999999938
20
-50.5705139999999957
11
105.2363169999999997
21
-50.5708950000000002
0
LINE
8
BLACK
6
CONTINUOUS
10
105.2363169999999997
20
-50.5708950000000002
11
104.5476139999999958
21
-51.0020349999999993
0
LINE
8
BLACK
6
CONTINUOUS
10
104.5476139999999958
20
-51.0020349999999993
11
104.5457129999999921
21
-51.0029789999999963
0
LINE
8
BLACK
6
CONTINUOUS
10
104.5457129999999921
20
-51.0029789999999963
11
104.5439789999999931
21
-51.0042049999999989
0
LINE
8
BLACK
6
CONTINUOUS
10
104.5439789999999931
20
-51.0042049999999989
11
103.7643619999999913
21
-51.4474789999999942
0
LINE
8
BLACK
6
CONTINUOUS
10
103.7643619999999913
20
-51.4474789999999942
11
103.7628039999999885
21
-51.4481719999999996
0
LINE
8
BLACK
6
CONTINUOUS
10
103.7628039999999885
20
-51.4481719999999996
11
103.761382999999995
21
-51.4491060000000004
0
LINE
8
BLACK
6
CONTINUOUS
10
103.761382999999995
20
-51.4491060000000004
11
103.3893279999999919
21
-51.6442440000000005
0
LINE
8
BLACK
6
CONTINUOUS
10
103.3893279999999919
20
-51.6442440000000005
11
103.3880599999999959
21
-51.6447569999999985
0
LINE
8
BLACK
6
CONTINUOUS
10
103.3880599999999959
20
-51.6447569999999985
11
103.3868939999999981
21
-51.6454789999999946
0
LINE
8
BLACK
6
CONTINUOUS
10
103.3868939999999981
20
-51.6454789999999946
11
103.0442400000000021
21
-51.8134419999999949
0
LINE
8
BLACK
6
CONTINUOUS
10
103.0442400000000021
20
-51.8134419999999949
11
103.0426549999999963
21
-51.8140339999999995
0
LINE
8
BLACK
6
CONTINUOUS
10
103.0426549999999963
20
-51.8140339999999995
11
103.0411909999999978
21
-51.8148729999999986
0
LINE
8
BLACK
6
CONTINUOUS
10
103.0411909999999978
20
-51.8148729999999986
11
102.7721389999999957
21
-51.9356960000000001
0
LINE
8
BLACK
6
CONTINUOUS
10
102.7721389999999957
20
-51.9356960000000001
11
102.7699489999999969
21
-51.9364309999999989
0
LINE
8
BLACK
6
CONTINUOUS
10
102.7699489999999969
20
-51.9364309999999989
11
102.7678899999999942
21
-51.9374879999999948
0
LINE
8
BLACK
6
CONTINUOUS
10
102.7678899999999942
20
-51.9374879999999948
11
102.5392269999999968
21
-52.027749
0
LINE
8
BLACK
6
CONTINUOUS
10
102.5392269999999968
20
-52.027749
11
102.5369309999999956
21
-52.0284029999999973
0
LINE
8
BLACK
6
CONTINUOUS
10
102.5369309999999956
20
-52.0284029999999973
11
102.5347519999999975
21
-52.0293939999999964
0
LINE
8
BLACK
6
CONTINUOUS
10
102.5347519999999975
20
-52.0293939999999964
11
102.4646719999999931
21
-52.0532630000000012
0
LINE
8
BLACK
6
CONTINUOUS
10
102.4646719999999931
20
-52.0532630000000012
11
102.2360659999999939
21
-52.1465729999999965
0
LINE
8
BLACK
6
CONTINUOUS
10
102.2360659999999939
20
-52.1465729999999965
11
101.8981829999999889
21
-52.3280209999999997
0
LINE
8
BLACK
6
CONTINUOUS
10
101.8981829999999889
20
-52.3280209999999997
11
101.439235999999994
21
-52.6201779999999957
0
LINE
8
BLACK
6
CONTINUOUS
10
101.439235999999994
20
-52.6201779999999957
11
100.8813999999999993
21
-53.0229289999999978
0
LINE
8
BLACK
6
CONTINUOUS
10
100.8813999999999993
20
-53.0229289999999978
11
100.5837640000000022
21
-53.2561819999999955
0
LINE
8
BLACK
6
CONTINUOUS
10
100.5837640000000022
20
-53.2561819999999955
11
100.2877319999999912
21
-53.5010019999999997
0
LINE
8
BLACK
6
CONTINUOUS
10
100.2877319999999912
20
-53.5010019999999997
11
99.8192129999999906
21
-53.9181689999999989
0
LINE
8
BLACK
6
CONTINUOUS
10
99.8192129999999906
20
-53.9181689999999989
11
99.3102760000000018
21
-54.4216399999999965
0
LINE
8
BLACK
6
CONTINUOUS
10
99.3102760000000018
20
-54.4216399999999965
11
99.057226
21
-54.6930699999999987
0
LINE
8
BLACK
6
CONTINUOUS
10
99.057226
20
-54.6930699999999987
11
98.8066219999999902
21
-54.9765340000000009
0
LINE
8
BLACK
6
CONTINUOUS
10
98.8066219999999902
20
-54.9765340000000009
11
98.5596869999999967
21
-55.2709580000000003
0
LINE
8
BLACK
6
CONTINUOUS
10
98.5596869999999967
20
-55.2709580000000003
11
98.3170999999999964
21
-55.5758539999999996
0
LINE
8
BLACK
6
CONTINUOUS
10
98.3170999999999964
20
-55.5758539999999996
11
98.0814489999999921
21
-55.888149999999996
0
LINE
8
BLACK
6
CONTINUOUS
10
98.0814489999999921
20
-55.888149999999996
11
97.8515159999999895
21
-56.209664999999994
0
LINE
8
BLACK
6
CONTINUOUS
10
97.8515159999999895
20
-56.209664999999994
11
97.6312479999999994
21
-56.5349459999999979
0
LINE
8
BLACK
6
CONTINUOUS
10
97.6312479999999994
20
-56.5349459999999979
11
97.4178829999999891
21
-56.8681589999999986
0
LINE
8
BLACK
6
CONTINUOUS
10
97.4178829999999891
20
-56.8681589999999986
11
97.216202999999993
21
-57.2017869999999959
0
LINE
8
BLACK
6
CONTINUOUS
10
97.216202999999993
20
-57.2017869999999959
11
97.0224039999999945
21
-57.5420879999999997
0
LINE
8
BLACK
6
CONTINUOUS
10
97.0224039999999945
20
-57.5420879999999997
11
96.8416029999999921
21
-57.8799189999999939
0
LINE
8
BLACK
6
CONTINUOUS
10
96.8416029999999921
20
-57.8799189999999939
11
96.669477999999998
21
-58.2231959999999944
0
LINE
8
BLACK
6
CONTINUOUS
10
96.669477999999998
20
-58.2231959999999944
11
96.5110639999999904
21
-58.5616050000000001
0
LINE
8
BLACK
6
CONTINUOUS
10
96.5110639999999904
20
-58.5616050000000001
11
96.3619099999999946
21
-58.904361999999999
0
LINE
8
BLACK
6
CONTINUOUS
10
96.3619099999999946
20
-58.904361999999999
11
96.2266379999999941
21
-59.2404669999999953
0
LINE
8
BLACK
6
CONTINUOUS
10
96.2266379999999941
20
-59.2404669999999953
11
96.1010539999999907
21
-59.5799139999999952
0
LINE
8
BLACK
6
CONTINUOUS
10
96.1010539999999907
20
-59.5799139999999952
11
95.9891559999999942
21
-59.9113860000000003
0
LINE
8
BLACK
6
CONTINUOUS
10
95.9891559999999942
20
-59.9113860000000003
11
95.8872219999999942
21
-60.2453339999999997
0
LINE
8
BLACK
6
CONTINUOUS
10
95.8872219999999942
20
-60.2453339999999997
11
95.7985029999999966
21
-60.5704449999999994
0
LINE
8
BLACK
6
CONTINUOUS
10
95.7985029999999966
20
-60.5704449999999994
11
95.719900999999993
21
-60.8973289999999992
0
LINE
8
BLACK
6
CONTINUOUS
10
95.719900999999993
20
-60.8973289999999992
11
95.6538850000000025
21
-61.2148579999999995
0
LINE
8
BLACK
6
CONTINUOUS
10
95.6538850000000025
20
-61.2148579999999995
11
95.5979499999999973
21
-61.5341839999999962
0
LINE
8
BLACK
6
CONTINUOUS
10
95.5979499999999973
20
-61.5341839999999962
11
95.5952009999999888
21
-61.5516289999999984
0
LINE
8
BLACK
6
CONTINUOUS
10
95.5952009999999888
20
-61.5516289999999984
11
95.3983629999999891
21
-62.844932
0
LINE
8
BLACK
6
CONTINUOUS
10
95.3983629999999891
20
-62.844932
11
95.7670249999999896
21
-72.9957780000000014
0
LINE
8
BLACK
6
CONTINUOUS
10
95.7670249999999896
20
-72.9957780000000014
11
95.8020420000000001
21
-73.4578369999999978
0
LINE
8
BLACK
6
CONTINUOUS
10
95.8020420000000001
20
-73.4578369999999978
11
95.8878689999999949
21
-74.0942819999999926
0
LINE
8
BLACK
6
CONTINUOUS
10
95.8878689999999949
20
-74.0942819999999926
11
96.0789089999999959
21
-75.1987489999999923
0
LINE
8
BLACK
6
CONTINUOUS
10
96.0789089999999959
20
-75.1987489999999923
11
96.1847080000000005
21
-75.7903999999999911
0
LINE
8
BLACK
6
CONTINUOUS
10
96.1847080000000005
20
-75.7903999999999911
11
96.1847589999999997
21
-75.791050999999996
0
LINE
8
BLACK
6
CONTINUOUS
10
96.1847589999999997
20
-75.791050999999996
11
96.1849270000000018
21
-75.7916759999999954
0
LINE
8
BLACK
6
CONTINUOUS
10
96.1849270000000018
20
-75.7916759999999954
11
96.2806130000000024
21
-76.3699009999999987
0
LINE
8
BLACK
6
CONTINUOUS
10
96.2806130000000024
20
-76.3699009999999987
11
96.280705999999995
21
-76.3713109999999915
0
LINE
8
BLACK
6
CONTINUOUS
10
96.280705999999995
20
-76.3713109999999915
11
96.2810349999999886
21
-76.3726920000000007
0
LINE
8
BLACK
6
CONTINUOUS
10
96.2810349999999886
20
-76.3726920000000007
11
96.3559089999999969
21
-76.9208039999999897
0
LINE
8
BLACK
6
CONTINUOUS
10
96.3559089999999969
20
-76.9208039999999897
11
96.3560019999999895
21
-76.9232799999999912
0
LINE
8
BLACK
6
CONTINUOUS
10
96.3560019999999895
20
-76.9232799999999912
11
96.3564569999999918
21
-76.9257180000000034
0
LINE
8
BLACK
6
CONTINUOUS
10
96.3564569999999918
20
-76.9257180000000034
11
96.3998569999999972
21
-77.4272539999999907
0
LINE
8
BLACK
6
CONTINUOUS
10
96.3998569999999972
20
-77.4272539999999907
11
96.3998380000000026
21
-77.4288250000000033
0
LINE
8
BLACK
6
CONTINUOUS
10
96.3998380000000026
20
-77.4288250000000033
11
96.4000779999999935
21
-77.4303779999999904
0
LINE
8
BLACK
6
CONTINUOUS
10
96.4000779999999935
20
-77.4303779999999904
11
96.4305430000000001
21
-77.9837950000000006
0
LINE
8
BLACK
6
CONTINUOUS
10
96.4305430000000001
20
-77.9837950000000006
11
96.4661019999999922
21
-78.4719499999999925
0
LINE
8
BLACK
6
CONTINUOUS
10
96.4661019999999922
20
-78.4719499999999925
11
96.5133719999999897
21
-78.9101479999999924
0
LINE
8
BLACK
6
CONTINUOUS
10
96.5133719999999897
20
-78.9101479999999924
11
96.5790059999999926
21
-79.314668999999995
0
LINE
8
BLACK
6
CONTINUOUS
10
96.5790059999999926
20
-79.314668999999995
11
96.629060999999993
21
-79.5439360000000022
0
LINE
8
BLACK
6
CONTINUOUS
10
96.629060999999993
20
-79.5439360000000022
11
96.6894099999999952
21
-79.7707559999999916
0
LINE
8
BLACK
6
CONTINUOUS
10
96.6894099999999952
20
-79.7707559999999916
11
96.7568469999999934
21
-79.98466599999999
0
LINE
8
BLACK
6
CONTINUOUS
10
96.7568469999999934
20
-79.98466599999999
11
96.8355079999999901
21
-80.2008629999999982
0
LINE
8
BLACK
6
CONTINUOUS
10
96.8355079999999901
20
-80.2008629999999982
11
97.0342759999999913
21
-80.6582870000000014
0
LINE
8
BLACK
6
CONTINUOUS
10
97.0342759999999913
20
-80.6582870000000014
11
97.3099319999999892
21
-81.1894049999999936
0
LINE
8
BLACK
6
CONTINUOUS
10
97.3099319999999892
20
-81.1894049999999936
11
97.7071329999999989
21
-81.8653389999999916
0
LINE
8
BLACK
6
CONTINUOUS
10
97.7071329999999989
20
-81.8653389999999916
11
98.3146739999999966
21
-82.8187039999999968
0
LINE
8
BLACK
6
CONTINUOUS
10
98.3146739999999966
20
-82.8187039999999968
11
99.6446889999999996
21
-84.8094359999999909
0
LINE
8
BLACK
6
CONTINUOUS
10
99.6446889999999996
20
-84.8094359999999909
11
101.9360549999999961
21
-88.2062999999999988
0
LINE
8
BLACK
6
CONTINUOUS
10
101.9360549999999961
20
-88.2062999999999988
11
101.9367139999999949
21
-88.2075200000000024
0
LINE
8
BLACK
6
CONTINUOUS
10
101.9367139999999949
20
-88.2075200000000024
11
101.9371719999999897
21
-88.2079930000000019
0
LINE
8
BLACK
6
CONTINUOUS
10
101.9371719999999897
20
-88.2079930000000019
11
101.9377259999999978
21
-88.209393999999989
0
LINE
8
BLACK
6
CONTINUOUS
10
101.9377259999999978
20
-88.209393999999989
11
101.9453719999999919
21
-88.2235479999999939
0
LINE
8
BLACK
6
CONTINUOUS
10
101.9453719999999919
20
-88.2235479999999939
11
101.947535000000002
21
-88.234178
0
LINE
8
BLACK
6
CONTINUOUS
10
101.947535000000002
20
-88.234178
11
101.9515299999999911
21
-88.2442729999999926
0
LINE
8
BLACK
6
CONTINUOUS
10
101.9515299999999911
20
-88.2442729999999926
11
101.952849999999998
21
-88.2603019999999958
0
LINE
8
BLACK
6
CONTINUOUS
10
101.952849999999998
20
-88.2603019999999958
11
101.9531519999999887
21
-88.2617819999999966
0
LINE
8
BLACK
6
CONTINUOUS
10
101.9531519999999887
20
-88.2617819999999966
11
101.9530259999999942
21
-88.2624289999999974
0
LINE
8
BLACK
6
CONTINUOUS
10
101.9530259999999942
20
-88.2624289999999974
11
101.9531399999999906
21
-88.2638099999999923
0
LINE
8
BLACK
6
CONTINUOUS
10
101.9531399999999906
20
-88.2638099999999923
11
101.8654069999999905
21
-93.7863710000000026
0
LINE
8
BLACK
6
CONTINUOUS
10
101.8654069999999905
20
-93.7863710000000026
11
101.7780459999999891
21
-99.2856129999999979
0
LINE
8
BLACK
6
CONTINUOUS
10
101.7780459999999891
20
-99.2856129999999979
11
102.9802719999999994
21
-101.8235370000000017
0
LINE
8
BLACK
6
CONTINUOUS
10
102.9802719999999994
20
-101.8235370000000017
11
102.980409999999992
21
-101.823923999999991
0
LINE
8
BLACK
6
CONTINUOUS
10
102.980409999999992
20
-101.823923999999991
11
102.9806179999999927
21
-101.8242759999999976
0
LINE
8
BLACK
6
CONTINUOUS
10
102.9806179999999927
20
-101.8242759999999976
11
103.3011439999999936
21
-102.5154139999999927
0
LINE
8
BLACK
6
CONTINUOUS
10
103.3011439999999936
20
-102.5154139999999927
11
103.3015819999999962
21
-102.5166699999999906
0
LINE
8
BLACK
6
CONTINUOUS
10
103.3015819999999962
20
-102.5166699999999906
11
103.302227000000002
21
-102.517832999999996
0
LINE
8
BLACK
6
CONTINUOUS
10
103.302227000000002
20
-102.517832999999996
11
103.5707879999999932
21
-103.139567999999997
0
LINE
8
BLACK
6
CONTINUOUS
10
103.5707879999999932
20
-103.139567999999997
11
103.5712959999999896
21
-103.1411559999999952
0
LINE
8
BLACK
6
CONTINUOUS
10
103.5712959999999896
20
-103.1411559999999952
11
103.5720559999999892
21
-103.1426429999999925
0
LINE
8
BLACK
6
CONTINUOUS
10
103.5720559999999892
20
-103.1426429999999925
11
103.7078889999999944
21
-103.4882470000000012
0
LINE
8
BLACK
6
CONTINUOUS
10
103.7078889999999944
20
-103.4882470000000012
11
103.7083409999999901
21
-103.4898409999999984
0
LINE
8
BLACK
6
CONTINUOUS
10
103.7083409999999901
20
-103.4898409999999984
11
103.709044999999989
21
-103.4913379999999989
0
LINE
8
BLACK
6
CONTINUOUS
10
103.709044999999989
20
-103.4913379999999989
11
103.8268969999999882
21
-103.8229460000000017
0
LINE
8
BLACK
6
CONTINUOUS
10
103.8268969999999882
20
-103.8229460000000017
11
103.8273389999999949
21
-103.8247289999999907
0
LINE
8
BLACK
6
CONTINUOUS
10
103.8273389999999949
20
-103.8247289999999907
11
103.8280619999999885
21
-103.8264239999999887
0
LINE
8
BLACK
6
CONTINUOUS
10
103.8280619999999885
20
-103.8264239999999887
11
103.9146420000000006
21
-104.1016289999999884
0
LINE
8
BLACK
6
CONTINUOUS
10
103.9146420000000006
20
-104.1016289999999884
11
103.9150389999999931
21
-104.1035269999999997
0
LINE
8
BLACK
6
CONTINUOUS
10
103.9150389999999931
20
-104.1035269999999997
11
103.9157299999999964
21
-104.1053369999999916
0
LINE
8
BLACK
6
CONTINUOUS
10
103.9157299999999964
20
-104.1053369999999916
11
103.9894460000000009
21
-104.3757399999999933
0
LINE
8
BLACK
6
CONTINUOUS
10
103.9894460000000009
20
-104.3757399999999933
11
103.9897869999999926
21
-104.3777529999999985
0
LINE
8
BLACK
6
CONTINUOUS
10
103.9897869999999926
20
-104.3777529999999985
11
103.9904379999999975
21
-104.379692999999989
0
LINE
8
BLACK
6
CONTINUOUS
10
103.9904379999999975
20
-104.379692999999989
11
104.0470320000000015
21
-104.6265169999999927
0
LINE
8
BLACK
6
CONTINUOUS
10
104.0470320000000015
20
-104.6265169999999927
11
104.0472959999999887
21
-104.6285879999999935
0
LINE
8
BLACK
6
CONTINUOUS
10
104.0472959999999887
20
-104.6285879999999935
11
104.0478760000000023
21
-104.6305869999999913
0
LINE
8
BLACK
6
CONTINUOUS
10
104.0478760000000023
20
-104.6305869999999913
11
104.0937639999999931
21
-104.8773989999999969
0
LINE
8
BLACK
6
CONTINUOUS
10
104.0937639999999931
20
-104.8773989999999969
11
104.0939439999999934
21
-104.8795039999999972
0
LINE
8
BLACK
6
CONTINUOUS
10
104.0939439999999934
20
-104.8795039999999972
11
104.0944470000000024
21
-104.8815579999999983
0
LINE
8
BLACK
6
CONTINUOUS
10
104.0944470000000024
20
-104.8815579999999983
11
104.1286009999999891
21
-105.1210129999999907
0
LINE
8
BLACK
6
CONTINUOUS
10
104.1286009999999891
20
-105.1210129999999907
11
104.1286909999999892
21
-105.1230949999999922
0
LINE
8
BLACK
6
CONTINUOUS
10
104.1286909999999892
20
-105.1230949999999922
11
104.1291030000000006
21
-105.1251429999999942
0
LINE
8
BLACK
6
CONTINUOUS
10
104.1291030000000006
20
-105.1251429999999942
11
104.1535009999999914
21
-105.3681279999999987
0
LINE
8
BLACK
6
CONTINUOUS
10
104.1535009999999914
20
-105.3681279999999987
11
104.153505999999993
21
-105.3711619999999982
0
LINE
8
BLACK
6
CONTINUOUS
10
104.153505999999993
20
-105.3711619999999982
11
104.1539229999999918
21
-105.3741659999999882
0
LINE
8
BLACK
6
CONTINUOUS
10
104.1539229999999918
20
-105.3741659999999882
11
104.1737779999999987
21
-105.8760889999999932
0
LINE
8
BLACK
6
CONTINUOUS
10
104.1737779999999987
20
-105.8760889999999932
11
104.1735609999999923
21
-105.8797849999999983
0
LINE
8
BLACK
6
CONTINUOUS
10
104.1735609999999923
20
-105.8797849999999983
11
104.1737969999999933
21
-105.8834760000000017
0
LINE
8
BLACK
6
CONTINUOUS
10
104.1737969999999933
20
-105.8834760000000017
11
104.1548149999999993
21
-106.4356989999999996
0
LINE
8
BLACK
6
CONTINUOUS
10
104.1548149999999993
20
-106.4356989999999996
11
104.1543949999999938
21
-106.4388459999999981
0
LINE
8
BLACK
6
CONTINUOUS
10
104.1543949999999938
20
-106.4388459999999981
11
104.1543969999999888
21
-106.4420159999999953
0
LINE
8
BLACK
6
CONTINUOUS
10
104.1543969999999888
20
-106.4420159999999953
11
104.0915529999999904
21
-107.0833459999999917
0
LINE
8
BLACK
6
CONTINUOUS
10
104.0915529999999904
20
-107.0833459999999917
11
104.0910559999999947
21
-107.085850999999991
0
LINE
8
BLACK
6
CONTINUOUS
10
104.0910559999999947
20
-107.085850999999991
11
104.0909269999999935
21
-107.0884029999999996
0
LINE
8
BLACK
6
CONTINUOUS
10
104.0909269999999935
20
-107.0884029999999996
11
103.9727939999999933
21
-107.8773009999999886
0
LINE
8
BLACK
6
CONTINUOUS
10
103.9727939999999933
20
-107.8773009999999886
11
103.972329000000002
21
-107.8791439999999966
0
LINE
8
BLACK
6
CONTINUOUS
10
103.972329000000002
20
-107.8791439999999966
11
103.9721609999999998
21
-107.8810459999999978
0
LINE
8
BLACK
6
CONTINUOUS
10
103.9721609999999998
20
-107.8810459999999978
11
103.7755469999999889
21
-108.9223499999999945
0
LINE
8
BLACK
6
CONTINUOUS
10
103.7755469999999889
20
-108.9223499999999945
11
103.7751820000000009
21
-108.9235929999999968
0
LINE
8
BLACK
6
CONTINUOUS
10
103.7751820000000009
20
-108.9235929999999968
11
103.7750360000000001
21
-108.9248739999999884
0
LINE
8
BLACK
6
CONTINUOUS
10
103.7750360000000001
20
-108.9248739999999884
11
103.4061979999999892
21
-110.6354800000000012
0
LINE
8
BLACK
6
CONTINUOUS
10
103.4061979999999892
20
-110.6354800000000012
11
103.1307369999999963
21
-111.9537849999999963
0
LINE
8
BLACK
6
CONTINUOUS
10
103.1307369999999963
20
-111.9537849999999963
11
102.8805399999999963
21
-113.3352789999999999
0
LINE
8
BLACK
6
CONTINUOUS
10
102.8805399999999963
20
-113.3352789999999999
11
102.7816629999999947
21
-113.9607749999999982
0
LINE
8
BLACK
6
CONTINUOUS
10
102.7816629999999947
20
-113.9607749999999982
11
102.7031929999999988
21
-114.5236739999999998
0
LINE
8
BLACK
6
CONTINUOUS
10
102.7031929999999988
20
-114.5236739999999998
11
102.6532819999999901
21
-114.95302199999999
0
LINE
8
BLACK
6
CONTINUOUS
10
102.6532819999999901
20
-114.95302199999999
11
102.6233259999999916
21
-115.3072189999999893
0
LINE
8
BLACK
6
CONTINUOUS
10
102.6233259999999916
20
-115.3072189999999893
11
102.6148620000000022
21
-115.5441569999999984
0
LINE
8
BLACK
6
CONTINUOUS
10
102.6148620000000022
20
-115.5441569999999984
11
102.619805999999997
21
-115.7556889999999896
0
LINE
8
BLACK
6
CONTINUOUS
10
102.619805999999997
20
-115.7556889999999896
11
102.6346829999999954
21
-115.9702229999999901
0
LINE
8
BLACK
6
CONTINUOUS
10
102.6346829999999954
20
-115.9702229999999901
11
102.6955919999999907
21
-116.4150810000000007
0
LINE
8
BLACK
6
CONTINUOUS
10
102.6955919999999907
20
-116.4150810000000007
11
102.8003669999999943
21
-116.8838319999999982
0
LINE
8
BLACK
6
CONTINUOUS
10
102.8003669999999943
20
-116.8838319999999982
11
102.9542639999999949
21
-117.3872369999999989
0
LINE
8
BLACK
6
CONTINUOUS
10
102.9542639999999949
20
-117.3872369999999989
11
103.1643899999999974
21
-117.93597299999999
0
LINE
8
BLACK
6
CONTINUOUS
10
103.1643899999999974
20
-117.93597299999999
11
103.4401679999999999
21
-118.5425319999999942
0
LINE
8
BLACK
6
CONTINUOUS
10
103.4401679999999999
20
-118.5425319999999942
11
103.7937809999999956
21
-119.2219300000000004
0
LINE
8
BLACK
6
CONTINUOUS
10
103.7937809999999956
20
-119.2219300000000004
11
104.2411019999999979
21
-119.9931059999999974
0
LINE
8
BLACK
6
CONTINUOUS
10
104.2411019999999979
20
-119.9931059999999974
11
104.8030089999999888
21
-120.8806099999999901
0
LINE
8
BLACK
6
CONTINUOUS
10
104.8030089999999888
20
-120.8806099999999901
11
105.5080039999999997
21
-121.9179789999999883
0
LINE
8
BLACK
6
CONTINUOUS
10
105.5080039999999997
20
-121.9179789999999883
11
105.5825159999999983
21
-122.0241319999999945
0
LINE
8
BLACK
6
CONTINUOUS
10
105.5825159999999983
20
-122.0241319999999945
11
105.5833079999999882
21
-122.0255359999999882
0
LINE
8
BLACK
6
CONTINUOUS
10
105.5833079999999882
20
-122.0255359999999882
11
105.5843199999999911
21
-122.0267920000000004
0
LINE
8
BLACK
6
CONTINUOUS
10
105.5843199999999911
20
-122.0267920000000004
11
105.905146000000002
21
-122.5166129999999924
0
LINE
8
BLACK
6
CONTINUOUS
10
105.905146000000002
20
-122.5166129999999924
11
105.9063939999999917
21
-122.5190009999999887
0
LINE
8
BLACK
6
CONTINUOUS
10
105.9063939999999917
20
-122.5190009999999887
11
105.9079689999999943
21
-122.5211869999999976
0
LINE
8
BLACK
6
CONTINUOUS
10
105.9079689999999943
20
-122.5211869999999976
11
106.2876210000000015
21
-123.174950999999993
0
LINE
8
BLACK
6
CONTINUOUS
10
106.2876210000000015
20
-123.174950999999993
11
106.2885129999999947
21
-123.1769069999999999
0
LINE
8
BLACK
6
CONTINUOUS
10
106.2885129999999947
20
-123.1769069999999999
11
106.2896980000000013
21
-123.1787099999999953
0
LINE
8
BLACK
6
CONTINUOUS
10
106.2896980000000013
20
-123.1787099999999953
11
106.7265809999999959
21
-124.0114370000000008
0
LINE
8
BLACK
6
CONTINUOUS
10
106.7265809999999959
20
-124.0114370000000008
11
106.7272549999999995
21
-124.0131009999999918
0
LINE
8
BLACK
6
CONTINUOUS
10
106.7272549999999995
20
-124.0131009999999918
11
106.7281879999999887
21
-124.0146379999999908
0
LINE
8
BLACK
6
CONTINUOUS
10
106.7281879999999887
20
-124.0146379999999908
11
107.2136149999999901
21
-125.026416999999995
0
LINE
8
BLACK
6
CONTINUOUS
10
107.2136149999999901
20
-125.026416999999995
11
107.214152999999996
21
-125.0278950000000009
0
LINE
8
BLACK
6
CONTINUOUS
10
107.214152999999996
20
-125.0278950000000009
11
107.2149280000000005
21
-125.0292669999999902
0
LINE
8
BLACK
6
CONTINUOUS
10
107.2149280000000005
20
-125.0292669999999902
11
107.731228999999999
21
-126.1980569999999915
0
LINE
8
BLACK
6
CONTINUOUS
10
107.731228999999999
20
-126.1980569999999915
11
107.7316829999999896
21
-126.1994389999999981
0
LINE
8
BLACK
6
CONTINUOUS
10
107.7316829999999896
20
-126.1994389999999981
11
107.7323629999999923
21
-126.200727999999998
0
LINE
8
BLACK
6
CONTINUOUS
10
107.7323629999999923
20
-126.200727999999998
11
108.2530629999999974
21
-127.4785469999999918
0
LINE
8
BLACK
6
CONTINUOUS
10
108.2530629999999974
20
-127.4785469999999918
11
108.2533669999999972
21
-127.4795699999999954
0
LINE
8
BLACK
6
CONTINUOUS
10
108.2533669999999972
20
-127.4795699999999954
11
108.2538440000000008
21
-127.4805239999999884
0
LINE
8
BLACK
6
CONTINUOUS
10
108.2538440000000008
20
-127.4805239999999884
11
108.5056479999999937
21
-128.1381329999999821
0
LINE
8
BLACK
6
CONTINUOUS
10
108.5056479999999937
20
-128.1381329999999821
11
108.5058389999999946
21
-128.1388320000000078
0
LINE
8
BLACK
6
CONTINUOUS
10
108.5058389999999946
20
-128.1388320000000078
11
108.5061529999999976
21
-128.1394819999999868
0
LINE
8
BLACK
6
CONTINUOUS
10
108.5061529999999976
20
-128.1394819999999868
11
108.7479669999999885
21
-128.7993109999999888
0
LINE
8
BLACK
6
CONTINUOUS
10
108.7479669999999885
20
-128.7993109999999888
11
108.7481519999999904
21
-128.8000279999999975
0
LINE
8
BLACK
6
CONTINUOUS
10
108.7481519999999904
20
-128.8000279999999975
11
108.7484639999999985
21
-128.8006989999999803
0
LINE
8
BLACK
6
CONTINUOUS
10
108.7484639999999985
20
-128.8006989999999803
11
108.973708000000002
21
-129.4445379999999943
0
LINE
8
BLACK
6
CONTINUOUS
10
108.973708000000002
20
-129.4445379999999943
11
108.9738889999999998
21
-129.4452849999999842
0
LINE
8
BLACK
6
CONTINUOUS
10
108.9738889999999998
20
-129.4452849999999842
11
108.9742059999999952
21
-129.4459949999999822
0
LINE
8
BLACK
6
CONTINUOUS
10
108.9742059999999952
20
-129.4459949999999822
11
109.1859959999999887
21
-130.0826669999999865
0
LINE
8
BLACK
6
CONTINUOUS
10
109.1859959999999887
20
-130.0826669999999865
11
109.186175999999989
21
-130.0834629999999947
0
LINE
8
BLACK
6
CONTINUOUS
10
109.186175999999989
20
-130.0834629999999947
11
109.1864939999999962
21
-130.0842079999999896
0
LINE
8
BLACK
6
CONTINUOUS
10
109.1864939999999962
20
-130.0842079999999896
11
109.3741669999999999
21
-130.6804339999999911
0
LINE
8
BLACK
6
CONTINUOUS
10
109.3741669999999999
20
-130.6804339999999911
11
109.374344999999991
21
-130.6812840000000051
0
LINE
8
BLACK
6
CONTINUOUS
10
109.374344999999991
20
-130.6812840000000051
11
109.3746730000000014
21
-130.6820909999999856
0
LINE
8
BLACK
6
CONTINUOUS
10
109.3746730000000014
20
-130.6820909999999856
11
109.5467119999999994
21
-131.2636249999999905
0
LINE
8
BLACK
6
CONTINUOUS
10
109.5467119999999994
20
-131.2636249999999905
11
109.5469409999999897
21
-131.2648230000000069
0
LINE
8
BLACK
6
CONTINUOUS
10
109.5469409999999897
20
-131.2648230000000069
11
109.5473719999999958
21
-131.2659610000000043
0
LINE
8
BLACK
6
CONTINUOUS
10
109.5473719999999958
20
-131.2659610000000043
11
109.7683989999999881
21
-132.0857609999999909
0
LINE
8
BLACK
6
CONTINUOUS
10
109.7683989999999881
20
-132.0857609999999909
11
109.7684009999999972
21
-132.0857660000000067
0
LINE
8
BLACK
6
CONTINUOUS
10
109.7684009999999972
20
-132.0857660000000067
11
109.847857999999988
21
-132.3800640000000044
0
LINE
8
BLACK
6
CONTINUOUS
10
109.847857999999988
20
-132.3800640000000044
11
109.9335049999999967
21
-132.6559859999999844
0
LINE
8
BLACK
6
CONTINUOUS
10
109.9335049999999967
20
-132.6559859999999844
11
110.0168529999999976
21
-132.8903129999999919
0
LINE
8
BLACK
6
CONTINUOUS
10
110.0168529999999976
20
-132.8903129999999919
11
110.1067659999999933
21
-133.1119329999999934
0
LINE
8
BLACK
6
CONTINUOUS
10
110.1067659999999933
20
-133.1119329999999934
11
110.1962899999999905
21
-133.3060229999999819
0
LINE
8
BLACK
6
CONTINUOUS
10
110.1962899999999905
20
-133.3060229999999819
11
110.2924000000000007
21
-133.4900059999999939
0
LINE
8
BLACK
6
CONTINUOUS
10
110.2924000000000007
20
-133.4900059999999939
11
110.3896839999999884
21
-133.6548829999999839
0
LINE
8
BLACK
6
CONTINUOUS
10
110.3896839999999884
20
-133.6548829999999839
11
110.4936869999999942
21
-133.8114050000000077
0
LINE
8
BLACK
6
CONTINUOUS
10
110.4936869999999942
20
-133.8114050000000077
11
110.6005660000000006
21
-133.9545239999999922
0
LINE
8
BLACK
6
CONTINUOUS
10
110.6005660000000006
20
-133.9545239999999922
11
110.7144569999999959
21
-134.0905050000000074
0
LINE
8
BLACK
6
CONTINUOUS
10
110.7144569999999959
20
-134.0905050000000074
11
110.8332549999999941
21
-134.2171239999999841
0
LINE
8
BLACK
6
CONTINUOUS
10
110.8332549999999941
20
-134.2171239999999841
11
110.9585909999999984
21
-134.336529999999982
0
LINE
8
BLACK
6
CONTINUOUS
10
110.9585909999999984
20
-134.336529999999982
11
111.2354529999999926
21
-134.5596040000000073
0
LINE
8
BLACK
6
CONTINUOUS
10
111.2354529999999926
20
-134.5596040000000073
11
111.5498259999999959
21
-134.7622499999999945
0
LINE
8
BLACK
6
CONTINUOUS
10
111.5498259999999959
20
-134.7622499999999945
11
111.9129169999999931
21
-134.9490549999999871
0
LINE
8
BLACK
6
CONTINUOUS
10
111.9129169999999931
20
-134.9490549999999871
11
112.3375229999999902
21
-135.1225849999999866
0
LINE
8
BLACK
6
CONTINUOUS
10
112.3375229999999902
20
-135.1225849999999866
11
112.8403649999999914
21
-135.2847299999999962
0
LINE
8
BLACK
6
CONTINUOUS
10
112.8403649999999914
20
-135.2847299999999962
11
113.444035999999997
21
-135.4370999999999867
0
LINE
8
BLACK
6
CONTINUOUS
10
113.444035999999997
20
-135.4370999999999867
11
114.1804869999999994
21
-135.5814579999999978
0
LINE
8
BLACK
6
CONTINUOUS
10
114.1804869999999994
20
-135.5814579999999978
11
115.1433669999999978
21
-135.7264140000000054
0
LINE
8
BLACK
6
CONTINUOUS
10
115.1433669999999978
20
-135.7264140000000054
11
115.9198669999999964
21
-135.8091359999999952
0
LINE
8
BLACK
6
CONTINUOUS
10
115.9198669999999964
20
-135.8091359999999952
11
116.7384849999999972
21
-135.8567339999999888
0
LINE
8
BLACK
6
CONTINUOUS
10
116.7384849999999972
20
-135.8567339999999888
11
117.5895340000000004
21
-135.866771
0
LINE
8
BLACK
6
CONTINUOUS
10
117.5895340000000004
20
-135.866771
11
118.4599739999999883
21
-135.8376570000000072
0
LINE
8
BLACK
6
CONTINUOUS
10
118.4599739999999883
20
-135.8376570000000072
11
119.3347969999999947
21
-135.7689749999999833
0
LINE
8
BLACK
6
CONTINUOUS
10
119.3347969999999947
20
-135.7689749999999833
11
119.7674549999999982
21
-135.7201729999999884
0
LINE
8
BLACK
6
CONTINUOUS
10
119.7674549999999982
20
-135.7201729999999884
11
120.1950659999999971
21
-135.6619560000000035
0
LINE
8
BLACK
6
CONTINUOUS
10
120.1950659999999971
20
-135.6619560000000035
11
120.6138429999999886
21
-135.5949430000000007
0
LINE
8
BLACK
6
CONTINUOUS
10
120.6138429999999886
20
-135.5949430000000007
11
121.0248009999999965
21
-135.5190589999999986
0
LINE
8
BLACK
6
CONTINUOUS
10
121.0248009999999965
20
-135.5190589999999986
11
121.4207210000000003
21
-135.4358560000000011
0
LINE
8
BLACK
6
CONTINUOUS
10
121.4207210000000003
20
-135.4358560000000011
11
121.8068179999999927
21
-135.3444340000000068
0
LINE
8
BLACK
6
CONTINUOUS
10
121.8068179999999927
20
-135.3444340000000068
11
122.1727810000000005
21
-135.2475589999999954
0
LINE
8
BLACK
6
CONTINUOUS
10
122.1727810000000005
20
-135.2475589999999954
11
122.527323999999993
21
-135.1432329999999808
0
LINE
8
BLACK
6
CONTINUOUS
10
122.527323999999993
20
-135.1432329999999808
11
122.857962999999998
21
-135.0355629999999962
0
LINE
8
BLACK
6
CONTINUOUS
10
122.857962999999998
20
-135.0355629999999962
11
123.1760589999999951
21
-134.9212809999999934
0
LINE
8
BLACK
6
CONTINUOUS
10
123.1760589999999951
20
-134.9212809999999934
11
123.4681449999999927
21
-134.8057609999999897
0
LINE
8
BLACK
6
CONTINUOUS
10
123.4681449999999927
20
-134.8057609999999897
11
123.7470019999999948
21
-134.6845019999999806
0
LINE
8
BLACK
6
CONTINUOUS
10
123.7470019999999948
20
-134.6845019999999806
11
123.9992680000000007
21
-134.5639599999999803
0
LINE
8
BLACK
6
CONTINUOUS
10
123.9992680000000007
20
-134.5639599999999803
11
124.2380639999999943
21
-134.438539999999989
0
LINE
8
BLACK
6
CONTINUOUS
10
124.2380639999999943
20
-134.438539999999989
11
124.4510469999999884
21
-134.3154700000000048
0
LINE
8
BLACK
6
CONTINUOUS
10
124.4510469999999884
20
-134.3154700000000048
11
124.6511169999999993
21
-134.1880639999999971
0
LINE
8
BLACK
6
CONTINUOUS
10
124.6511169999999993
20
-134.1880639999999971
11
124.7516609999999986
21
-134.1187909999999874
0
LINE
8
BLACK
6
CONTINUOUS
10
124.7516609999999986
20
-134.1187909999999874
11
124.9646469999999994
21
-133.9449290000000019
0
LINE
8
BLACK
6
CONTINUOUS
10
124.9646469999999994
20
-133.9449290000000019
11
125.2088579999999922
21
-133.6955209999999852
0
LINE
8
BLACK
6
CONTINUOUS
10
125.2088579999999922
20
-133.6955209999999852
11
125.47836199999999
21
-133.3647530000000074
0
LINE
8
BLACK
6
CONTINUOUS
10
125.47836199999999
20
-133.3647530000000074
11
125.7564019999999942
21
-132.9620809999999835
0
LINE
8
BLACK
6
CONTINUOUS
10
125.7564019999999942
20
-132.9620809999999835
11
126.0181819999999959
21
-132.5146279999999877
0
LINE
8
BLACK
6
CONTINUOUS
10
126.0181819999999959
20
-132.5146279999999877
11
126.1323340000000002
21
-132.2908309999999972
0
LINE
8
BLACK
6
CONTINUOUS
10
126.1323340000000002
20
-132.2908309999999972
11
126.2341739999999959
21
-132.0689669999999865
0
LINE
8
BLACK
6
CONTINUOUS
10
126.2341739999999959
20
-132.0689669999999865
11
126.3171879999999874
21
-131.8645280000000071
0
LINE
8
BLACK
6
CONTINUOUS
10
126.3171879999999874
20
-131.8645280000000071
11
126.3857269999999886
21
-131.6682129999999802
0
LINE
8
BLACK
6
CONTINUOUS
10
126.3857269999999886
20
-131.6682129999999802
11
126.4339949999999959
21
-131.5001969999999858
0
LINE
8
BLACK
6
CONTINUOUS
10
126.4339949999999959
20
-131.5001969999999858
11
126.4682129999999916
21
-131.3434010000000001
0
LINE
8
BLACK
6
CONTINUOUS
10
126.4682129999999916
20
-131.3434010000000001
11
126.4856939999999952
21
-131.21919299999999
0
LINE
8
BLACK
6
CONTINUOUS
10
126.4856939999999952
20
-131.21919299999999
11
126.4918059999999969
21
-131.1021039999999971
0
LINE
8
BLACK
6
CONTINUOUS
10
126.4918059999999969
20
-131.1021039999999971
11
126.4968279999999936
21
-130.9843879999999956
0
LINE
8
BLACK
6
CONTINUOUS
10
126.4968279999999936
20
-130.9843879999999956
11
126.4974670000000003
21
-130.9798769999999877
0
LINE
8
BLACK
6
CONTINUOUS
10
126.4974670000000003
20
-130.9798769999999877
11
126.4976289999999892
21
-130.9753199999999822
0
LINE
8
BLACK
6
CONTINUOUS
10
126.4976289999999892
20
-130.9753199999999822
11
126.512921999999989
21
-130.8616099999999847
0
LINE
8
BLACK
6
CONTINUOUS
10
126.512921999999989
20
-130.8616099999999847
11
126.514017999999993
21
-130.8569669999999974
0
LINE
8
BLACK
6
CONTINUOUS
10
126.514017999999993
20
-130.8569669999999974
11
126.5146389999999883
21
-130.8522470000000055
0
LINE
8
BLACK
6
CONTINUOUS
10
126.5146389999999883
20
-130.8522470000000055
11
126.5388619999999946
21
-130.7482849999999814
0
LINE
8
BLACK
6
CONTINUOUS
10
126.5388619999999946
20
-130.7482849999999814
11
126.5404199999999975
21
-130.7436899999999866
0
LINE
8
BLACK
6
CONTINUOUS
10
126.5404199999999975
20
-130.7436899999999866
11
126.5415169999999989
21
-130.7389599999999916
0
LINE
8
BLACK
6
CONTINUOUS
10
126.5415169999999989
20
-130.7389599999999916
11
126.575413999999995
21
-130.6386609999999848
0
LINE
8
BLACK
6
CONTINUOUS
10
126.575413999999995
20
-130.6386609999999848
11
126.577424999999991
21
-130.6342049999999801
0
LINE
8
BLACK
6
CONTINUOUS
10
126.577424999999991
20
-130.6342049999999801
11
126.5789869999999979
21
-130.6295769999999834
0
LINE
8
BLACK
6
CONTINUOUS
10
126.5789869999999979
20
-130.6295769999999834
11
126.6216609999999889
21
-130.5349239999999895
0
LINE
8
BLACK
6
CONTINUOUS
10
126.6216609999999889
20
-130.5349239999999895
11
126.6240489999999994
21
-130.5307679999999948
0
LINE
8
BLACK
6
CONTINUOUS
10
126.6240489999999994
20
-130.5307679999999948
11
126.6260089999999963
21
-130.5263950000000079
0
LINE
8
BLACK
6
CONTINUOUS
10
126.6260089999999963
20
-130.5263950000000079
11
126.678325000000001
21
-130.4348819999999876
0
LINE
8
BLACK
6
CONTINUOUS
10
126.678325000000001
20
-130.4348819999999876
11
126.6823079999999919
21
-130.4292719999999974
0
LINE
8
BLACK
6
CONTINUOUS
10
126.6823079999999919
20
-130.4292719999999974
11
126.6859639999999985
21
-130.4234280000000012
0
LINE
8
BLACK
6
CONTINUOUS
10
126.6859639999999985
20
-130.4234280000000012
11
126.8211419999999947
21
-130.2482100000000003
0
LINE
8
BLACK
6
CONTINUOUS
10
126.8211419999999947
20
-130.2482100000000003
11
126.8268079999999998
21
-130.2421909999999912
0
LINE
8
BLACK
6
CONTINUOUS
10
126.8268079999999998
20
-130.2421909999999912
11
126.8322840000000014
21
-130.2360039999999799
0
LINE
8
BLACK
6
CONTINUOUS
10
126.8322840000000014
20
-130.2360039999999799
11
127.0149979999999914
21
-130.0663899999999842
0
LINE
8
BLACK
6
CONTINUOUS
10
127.0149979999999914
20
-130.0663899999999842
11
127.0205950000000001
21
-130.0621329999999887
0
LINE
8
BLACK
6
CONTINUOUS
10
127.0205950000000001
20
-130.0621329999999887
11
127.0259349999999898
21
-130.0575829999999939
0
LINE
8
BLACK
6
CONTINUOUS
10
127.0259349999999898
20
-130.0575829999999939
11
127.2676269999999903
21
-129.8894860000000051
0
LINE
8
BLACK
6
CONTINUOUS
10
127.2676269999999903
20
-129.8894860000000051
11
127.2726509999999962
21
-129.8866779999999892
0
LINE
8
BLACK
6
CONTINUOUS
10
127.2726509999999962
20
-129.8866779999999892
11
127.2774359999999945
21
-129.8834699999999884
0
LINE
8
BLACK
6
CONTINUOUS
10
127.2774359999999945
20
-129.8834699999999884
11
127.5942129999999963
21
-129.7134599999999978
0
LINE
8
BLACK
6
CONTINUOUS
10
127.5942129999999963
20
-129.7134599999999978
11
127.5984550000000013
21
-129.7116939999999943
0
LINE
8
BLACK
6
CONTINUOUS
10
127.5984550000000013
20
-129.7116939999999943
11
127.602499999999992
21
-129.7094909999999857
0
LINE
8
BLACK
6
CONTINUOUS
10
127.602499999999992
20
-129.7094909999999857
11
128.0166159999999991
21
-129.5340850000000046
0
LINE
8
BLACK
6
CONTINUOUS
10
128.0166159999999991
20
-129.5340850000000046
11
128.0195369999999855
21
-129.533173000000005
0
LINE
8
BLACK
6
CONTINUOUS
10
128.0195369999999855
20
-129.533173000000005
11
128.0223000000000013
21
-129.531880000000001
0
LINE
8
BLACK
6
CONTINUOUS
10
128.0223000000000013
20
-129.531880000000001
11
128.371294000000006
21
-129.4085560000000044
0
LINE
8
BLACK
6
CONTINUOUS
10
128.371294000000006
20
-129.4085560000000044
11
128.3726879999999824
21
-129.4082119999999918
0
LINE
8
BLACK
6
CONTINUOUS
10
128.3726879999999824
20
-129.4082119999999918
11
128.3740109999999959
21
-129.407638999999989
0
LINE
8
BLACK
6
CONTINUOUS
10
128.3740109999999959
20
-129.407638999999989
11
128.7414589999999919
21
-129.289529999999985
0
LINE
8
BLACK
6
CONTINUOUS
10
128.7414589999999919
20
-129.289529999999985
11
128.7437500000000057
21
-129.2890339999999867
0
LINE
8
BLACK
6
CONTINUOUS
10
128.7437500000000057
20
-129.2890339999999867
11
128.7459389999999928
21
-129.2882050000000049
0
LINE
8
BLACK
6
CONTINUOUS
10
128.7459389999999928
20
-129.2882050000000049
11
129.0294700000000034
21
-129.2114789999999971
0
LINE
8
BLACK
6
CONTINUOUS
10
129.0294700000000034
20
-129.2114789999999971
11
129.0335210000000075
21
-129.2107989999999802
0
LINE
8
BLACK
6
CONTINUOUS
10
129.0335210000000075
20
-129.2107989999999802
11
129.0374759999999981
21
-129.2096609999999828
0
LINE
8
BLACK
6
CONTINUOUS
10
129.0374759999999981
20
-129.2096609999999828
11
129.1541420000000073
21
-129.1881719999999802
0
LINE
8
BLACK
6
CONTINUOUS
10
129.1541420000000073
20
-129.1881719999999802
11
129.158647000000002
21
-129.1877920000000017
0
LINE
8
BLACK
6
CONTINUOUS
10
129.158647000000002
20
-129.1877920000000017
11
129.1630820000000028
21
-129.1869399999999928
0
LINE
8
BLACK
6
CONTINUOUS
10
129.1630820000000028
20
-129.1869399999999928
11
129.2664079999999842
21
-129.1774209999999812
0
LINE
8
BLACK
6
CONTINUOUS
10
129.2664079999999842
20
-129.1774209999999812
11
129.2726130000000069
21
-129.1774589999999989
0
LINE
8
BLACK
6
CONTINUOUS
10
129.2726130000000069
20
-129.1774589999999989
11
129.2788139999999828
21
-129.1770510000000058
0
LINE
8
BLACK
6
CONTINUOUS
10
129.2788139999999828
20
-129.1770510000000058
11
129.3713469999999859
21
-129.180043999999981
0
LINE
8
BLACK
6
CONTINUOUS
10
129.3713469999999859
20
-129.180043999999981
11
129.3790730000000053
21
-129.1810580000000073
0
LINE
8
BLACK
6
CONTINUOUS
10
129.3790730000000053
20
-129.1810580000000073
11
129.3868180000000052
21
-129.1817570000000046
0
LINE
8
BLACK
6
CONTINUOUS
10
129.3868180000000052
20
-129.1817570000000046
11
129.4711059999999918
21
-129.1978049999999882
0
LINE
8
BLACK
6
CONTINUOUS
10
129.4711059999999918
20
-129.1978049999999882
11
129.4732060000000047
21
-129.1984229999999911
0
LINE
8
BLACK
6
CONTINUOUS
10
129.4732060000000047
20
-129.1984229999999911
11
129.4742129999999918
21
-129.1984469999999874
0
LINE
8
BLACK
6
CONTINUOUS
10
129.4742129999999918
20
-129.1984469999999874
11
129.4820369999999912
21
-129.2010219999999947
0
LINE
8
BLACK
6
CONTINUOUS
10
129.4820369999999912
20
-129.2010219999999947
11
129.4899120000000039
21
-129.2033409999999947
0
LINE
8
BLACK
6
CONTINUOUS
10
129.4899120000000039
20
-129.2033409999999947
11
129.4907499999999914
21
-129.2038909999999987
0
LINE
8
BLACK
6
CONTINUOUS
10
129.4907499999999914
20
-129.2038909999999987
11
129.4928329999999903
21
-129.2045770000000005
0
LINE
8
BLACK
6
CONTINUOUS
10
129.4928329999999903
20
-129.2045770000000005
11
129.6209209999999814
21
-129.2611969999999815
0
LINE
8
BLACK
6
CONTINUOUS
10
129.6209209999999814
20
-129.2611969999999815
11
129.6241599999999892
21
-129.2630269999999939
0
LINE
8
BLACK
6
CONTINUOUS
10
129.6241599999999892
20
-129.2630269999999939
11
129.6256819999999834
21
-129.2634529999999984
0
LINE
8
BLACK
6
CONTINUOUS
10
129.6256819999999834
20
-129.2634529999999984
11
129.6317339999999945
21
-129.2673069999999882
0
LINE
8
BLACK
6
CONTINUOUS
10
129.6317339999999945
20
-129.2673069999999882
11
129.6379880000000071
21
-129.2708419999999876
0
LINE
8
BLACK
6
CONTINUOUS
10
129.6379880000000071
20
-129.2708419999999876
11
129.6390789999999811
21
-129.2719859999999983
0
LINE
8
BLACK
6
CONTINUOUS
10
129.6390789999999811
20
-129.2719859999999983
11
129.6422159999999906
21
-129.2739839999999845
0
LINE
8
BLACK
6
CONTINUOUS
10
129.6422159999999906
20
-129.2739839999999845
11
129.7732179999999858
21
-129.3767599999999902
0
LINE
8
BLACK
6
CONTINUOUS
10
129.7732179999999858
20
-129.3767599999999902
11
129.7791059999999845
21
-129.3823950000000025
0
LINE
8
BLACK
6
CONTINUOUS
10
129.7791059999999845
20
-129.3823950000000025
11
129.7851719999999887
21
-129.3878249999999923
0
LINE
8
BLACK
6
CONTINUOUS
10
129.7851719999999887
20
-129.3878249999999923
11
129.954718999999983
21
-129.5725860000000011
0
LINE
8
BLACK
6
CONTINUOUS
10
129.954718999999983
20
-129.5725860000000011
11
129.9566969999999912
21
-129.5752190000000041
0
LINE
8
BLACK
6
CONTINUOUS
10
129.9566969999999912
20
-129.5752190000000041
11
129.9590049999999906
21
-129.5775759999999934
0
LINE
8
BLACK
6
CONTINUOUS
10
129.9590049999999906
20
-129.5775759999999934
11
130.1284880000000044
21
-129.7885829999999885
0
LINE
8
BLACK
6
CONTINUOUS
10
130.1284880000000044
20
-129.7885829999999885
11
130.3373289999999827
21
-130.0230090000000018
0
LINE
8
BLACK
6
CONTINUOUS
10
130.3373289999999827
20
-130.0230090000000018
11
130.6055519999999888
21
-130.2651280000000042
0
LINE
8
BLACK
6
CONTINUOUS
10
130.6055519999999888
20
-130.2651280000000042
11
130.9419049999999913
21
-130.5155430000000081
0
LINE
8
BLACK
6
CONTINUOUS
10
130.9419049999999913
20
-130.5155430000000081
11
131.3511739999999861
21
-130.7707929999999976
0
LINE
8
BLACK
6
CONTINUOUS
10
131.3511739999999861
20
-130.7707929999999976
11
131.8358230000000049
21
-131.0261679999999842
0
LINE
8
BLACK
6
CONTINUOUS
10
131.8358230000000049
20
-131.0261679999999842
11
132.3948129999999992
21
-131.2756579999999929
0
LINE
8
BLACK
6
CONTINUOUS
10
132.3948129999999992
20
-131.2756579999999929
11
133.0230809999999906
21
-131.5123439999999846
0
LINE
8
BLACK
6
CONTINUOUS
10
133.0230809999999906
20
-131.5123439999999846
11
133.710833000000008
21
-131.7287210000000073
0
LINE
8
BLACK
6
CONTINUOUS
10
133.710833000000008
20
-131.7287210000000073
11
134.4448359999999809
21
-131.9176549999999963
0
LINE
8
BLACK
6
CONTINUOUS
10
134.4448359999999809
20
-131.9176549999999963
11
134.8226369999999861
21
-131.9994729999999947
0
LINE
8
BLACK
6
CONTINUOUS
10
134.8226369999999861
20
-131.9994729999999947
11
135.2061999999999955
21
-132.0722899999999811
0
LINE
8
BLACK
6
CONTINUOUS
10
135.2061999999999955
20
-132.0722899999999811
11
135.5909759999999835
21
-132.1351620000000082
0
LINE
8
BLACK
6
CONTINUOUS
10
135.5909759999999835
20
-132.1351620000000082
11
135.97851
21
-132.1882520000000056
0
LINE
8
BLACK
6
CONTINUOUS
10
135.97851
20
-132.1882520000000056
11
136.3607700000000023
21
-132.2305020000000013
0
LINE
8
BLACK
6
CONTINUOUS
10
136.3607700000000023
20
-132.2305020000000013
11
136.7434209999999837
21
-132.26256699999999
0
LINE
8
BLACK
6
CONTINUOUS
10
136.7434209999999837
20
-132.26256699999999
11
137.1152909999999849
21
-132.2836509999999919
0
LINE
8
BLACK
6
CONTINUOUS
10
137.1152909999999849
20
-132.2836509999999919
11
137.4858739999999955
21
-132.2944139999999891
0
LINE
8
BLACK
6
CONTINUOUS
10
137.4858739999999955
20
-132.2944139999999891
11
137.6319949999999892
21
-132.2957439999999849
0
LINE
8
BLACK
6
CONTINUOUS
10
137.6319949999999892
20
-132.2957439999999849
11
137.6324789999999894
21
-132.2957959999999957
0
LINE
8
BLACK
6
CONTINUOUS
10
137.6324789999999894
20
-132.2957959999999957
11
137.6329589999999996
21
-132.2957580000000064
0
LINE
8
BLACK
6
CONTINUOUS
10
137.6329589999999996
20
-132.2957580000000064
11
138.0969900000000052
21
-132.3044539999999927
0
LINE
8
BLACK
6
CONTINUOUS
10
138.0969900000000052
20
-132.3044539999999927
11
138.1002059999999858
21
-132.3048310000000072
0
LINE
8
BLACK
6
CONTINUOUS
10
138.1002059999999858
20
-132.3048310000000072
11
138.1034530000000018
21
-132.3047839999999837
0
LINE
8
BLACK
6
CONTINUOUS
10
138.1034530000000018
20
-132.3047839999999837
11
138.4775939999999821
21
-132.3360820000000047
0
LINE
8
BLACK
6
CONTINUOUS
10
138.4775939999999821
20
-132.3360820000000047
11
138.4818679999999915
21
-132.3368669999999838
0
LINE
8
BLACK
6
CONTINUOUS
10
138.4818679999999915
20
-132.3368669999999838
11
138.4862099999999998
21
-132.3371809999999869
0
LINE
8
BLACK
6
CONTINUOUS
10
138.4862099999999998
20
-132.3371809999999869
11
138.641902999999985
21
-132.3639619999999866
0
LINE
8
BLACK
6
CONTINUOUS
10
138.641902999999985
20
-132.3639619999999866
11
138.6455550000000017
21
-132.3649670000000071
0
LINE
8
BLACK
6
CONTINUOUS
10
138.6455550000000017
20
-132.3649670000000071
11
138.64929699999999
21
-132.3655239999999935
0
LINE
8
BLACK
6
CONTINUOUS
10
138.64929699999999
20
-132.3655239999999935
11
138.7941490000000044
21
-132.4018859999999904
0
LINE
8
BLACK
6
CONTINUOUS
10
138.7941490000000044
20
-132.4018859999999904
11
138.7979899999999986
21
-132.4032619999999838
0
LINE
8
BLACK
6
CONTINUOUS
10
138.7979899999999986
20
-132.4032619999999838
11
138.8019569999999874
21
-132.4041880000000049
0
LINE
8
BLACK
6
CONTINUOUS
10
138.8019569999999874
20
-132.4041880000000049
11
138.9237909999999943
21
-132.4455609999999979
0
LINE
8
BLACK
6
CONTINUOUS
10
138.9237909999999943
20
-132.4455609999999979
11
138.9274680000000046
21
-132.447226999999998
0
LINE
8
BLACK
6
CONTINUOUS
10
138.9274680000000046
20
-132.447226999999998
11
138.9313139999999862
21
-132.4484589999999855
0
LINE
8
BLACK
6
CONTINUOUS
10
138.9313139999999862
20
-132.4484589999999855
11
139.0493139999999812
21
-132.4994649999999865
0
LINE
8
BLACK
6
CONTINUOUS
10
139.0493139999999812
20
-132.4994649999999865
11
139.0543580000000077
21
-132.5022610000000043
0
LINE
8
BLACK
6
CONTINUOUS
10
139.0543580000000077
20
-132.5022610000000043
11
139.0596040000000073
21
-132.504636000000005
0
LINE
8
BLACK
6
CONTINUOUS
10
139.0596040000000073
20
-132.504636000000005
11
139.2895809999999983
21
-132.637299999999982
0
LINE
8
BLACK
6
CONTINUOUS
10
139.2895809999999983
20
-132.637299999999982
11
139.2947489999999959
21
-132.6409999999999911
0
LINE
8
BLACK
6
CONTINUOUS
10
139.2947489999999959
20
-132.6409999999999911
11
139.3001610000000028
21
-132.6443349999999839
0
LINE
8
BLACK
6
CONTINUOUS
10
139.3001610000000028
20
-132.6443349999999839
11
139.5588209999999947
21
-132.8411199999999894
0
LINE
8
BLACK
6
CONTINUOUS
10
139.5588209999999947
20
-132.8411199999999894
11
139.5620219999999847
21
-132.8440929999999867
0
LINE
8
BLACK
6
CONTINUOUS
10
139.5620219999999847
20
-132.8440929999999867
11
139.565527000000003
21
-132.8466999999999985
0
LINE
8
BLACK
6
CONTINUOUS
10
139.565527000000003
20
-132.8466999999999985
11
139.9117289999999798
21
-133.1613159999999993
0
LINE
8
BLACK
6
CONTINUOUS
10
139.9117289999999798
20
-133.1613159999999993
11
139.9130429999999876
21
-133.1627699999999948
0
LINE
8
BLACK
6
CONTINUOUS
10
139.9130429999999876
20
-133.1627699999999948
11
139.9145699999999977
21
-133.1640009999999847
0
LINE
8
BLACK
6
CONTINUOUS
10
139.9145699999999977
20
-133.1640009999999847
11
140.2137869999999964
21
-133.458077000000003
0
LINE
8
BLACK
6
CONTINUOUS
10
140.2137869999999964
20
-133.458077000000003
11
140.6174350000000004
21
-133.834590999999989
0
LINE
8
BLACK
6
CONTINUOUS
10
140.6174350000000004
20
-133.834590999999989
11
141.1301619999999843
21
-134.2601329999999962
0
LINE
8
BLACK
6
CONTINUOUS
10
141.1301619999999843
20
-134.2601329999999962
11
141.4076749999999834
21
-134.4717719999999872
0
LINE
8
BLACK
6
CONTINUOUS
10
141.4076749999999834
20
-134.4717719999999872
11
141.6813310000000001
21
-134.667997999999983
0
LINE
8
BLACK
6
CONTINUOUS
10
141.6813310000000001
20
-134.667997999999983
11
141.9312799999999868
21
-134.8351810000000057
0
LINE
8
BLACK
6
CONTINUOUS
10
141.9312799999999868
20
-134.8351810000000057
11
142.1630089999999882
21
-134.9774029999999811
0
LINE
8
BLACK
6
CONTINUOUS
10
142.1630089999999882
20
-134.9774029999999811
11
142.378105000000005
21
-135.093906000000004
0
LINE
8
BLACK
6
CONTINUOUS
10
142.378105000000005
20
-135.093906000000004
11
142.7167069999999853
21
-135.2399759999999844
0
LINE
8
BLACK
6
CONTINUOUS
10
142.7167069999999853
20
-135.2399759999999844
11
143.1124269999999967
21
-135.367826000000008
0
LINE
8
BLACK
6
CONTINUOUS
10
143.1124269999999967
20
-135.367826000000008
11
143.5677519999999845
21
-135.4733909999999923
0
LINE
8
BLACK
6
CONTINUOUS
10
143.5677519999999845
20
-135.4733909999999923
11
144.0821699999999908
21
-135.5519469999999842
0
LINE
8
BLACK
6
CONTINUOUS
10
144.0821699999999908
20
-135.5519469999999842
11
144.6523070000000075
21
-135.5987930000000006
0
LINE
8
BLACK
6
CONTINUOUS
10
144.6523070000000075
20
-135.5987930000000006
11
145.2715660000000071
21
-135.6097079999999835
0
LINE
8
BLACK
6
CONTINUOUS
10
145.2715660000000071
20
-135.6097079999999835
11
145.9301810000000046
21
-135.5814110000000028
0
LINE
8
BLACK
6
CONTINUOUS
10
145.9301810000000046
20
-135.5814110000000028
11
146.6162719999999808
21
-135.5118989999999997
0
LINE
8
BLACK
6
CONTINUOUS
10
146.6162719999999808
20
-135.5118989999999997
11
146.9638039999999819
21
-135.4616939999999943
0
LINE
8
BLACK
6
CONTINUOUS
10
146.9638039999999819
20
-135.4616939999999943
11
147.3134320000000059
21
-135.4010889999999847
0
LINE
8
BLACK
6
CONTINUOUS
10
147.3134320000000059
20
-135.4010889999999847
11
147.6614859999999965
21
-135.3306269999999927
0
LINE
8
BLACK
6
CONTINUOUS
10
147.6614859999999965
20
-135.3306269999999927
11
148.0089609999999993
21
-135.2500129999999956
0
LINE
8
BLACK
6
CONTINUOUS
10
148.0089609999999993
20
-135.2500129999999956
11
148.3498249999999814
21
-135.1606620000000021
0
LINE
8
BLACK
6
CONTINUOUS
10
148.3498249999999814
20
-135.1606620000000021
11
148.6884440000000041
21
-135.0614249999999856
0
LINE
8
BLACK
6
CONTINUOUS
10
148.6884440000000041
20
-135.0614249999999856
11
148.9179910000000007
21
-134.987952000000007
0
LINE
8
BLACK
6
CONTINUOUS
10
148.9179910000000007
20
-134.987952000000007
11
150.769615999999985
21
-134.3744259999999997
0
LINE
8
BLACK
6
CONTINUOUS
10
150.769615999999985
20
-134.3744259999999997
11
150.7887389999999925
21
-134.3701140000000009
0
LINE
8
BLACK
6
CONTINUOUS
10
150.7887389999999925
20
-134.3701140000000009
11
150.7897749999999917
21
-134.3701889999999821
0
LINE
8
BLACK
6
CONTINUOUS
10
150.7897749999999917
20
-134.3701889999999821
11
150.7907679999999857
21
-134.3698829999999873
0
LINE
8
BLACK
6
CONTINUOUS
10
150.7907679999999857
20
-134.3698829999999873
11
150.8092159999999922
21
-134.3716059999999857
0
LINE
8
BLACK
6
CONTINUOUS
10
150.8092159999999922
20
-134.3716059999999857
11
150.8276539999999954
21
-134.372950000000003
0
LINE
8
BLACK
6
CONTINUOUS
10
150.8276539999999954
20
-134.372950000000003
11
150.8285799999999881
21
-134.3734149999999943
0
LINE
8
BLACK
6
CONTINUOUS
10
150.8285799999999881
20
-134.3734149999999943
11
150.8296169999999847
21
-134.3735120000000052
0
LINE
8
BLACK
6
CONTINUOUS
10
150.8296169999999847
20
-134.3735120000000052
11
150.8477649999999812
21
-134.3809229999999957
0
LINE
8
BLACK
6
CONTINUOUS
10
150.8477649999999812
20
-134.3809229999999957
11
152.3947259999999915
21
-135.1978320000000053
0
LINE
8
BLACK
6
CONTINUOUS
10
152.3947259999999915
20
-135.1978320000000053
11
152.98569999999998
21
-135.4887469999999894
0
LINE
8
BLACK
6
CONTINUOUS
10
152.98569999999998
20
-135.4887469999999894
11
153.2969139999999868
21
-135.6261849999999924
0
LINE
8
BLACK
6
CONTINUOUS
10
153.2969139999999868
20
-135.6261849999999924
11
153.5952259999999967
21
-135.7474579999999946
0
LINE
8
BLACK
6
CONTINUOUS
10
153.5952259999999967
20
-135.7474579999999946
11
153.8655159999999853
21
-135.847013000000004
0
LINE
8
BLACK
6
CONTINUOUS
10
153.8655159999999853
20
-135.847013000000004
11
154.1064409999999896
21
-135.9247379999999907
0
LINE
8
BLACK
6
CONTINUOUS
10
154.1064409999999896
20
-135.9247379999999907
11
154.2833709999999883
21
-135.9717489999999884
0
LINE
8
BLACK
6
CONTINUOUS
10
154.2833709999999883
20
-135.9717489999999884
11
154.4252689999999859
21
-135.9983869999999797
0
LINE
8
BLACK
6
CONTINUOUS
10
154.4252689999999859
20
-135.9983869999999797
11
154.5106719999999996
21
-136.004778999999985
0
LINE
8
BLACK
6
CONTINUOUS
10
154.5106719999999996
20
-136.004778999999985
11
154.5115959999999973
21
-136.0049400000000048
0
LINE
8
BLACK
6
CONTINUOUS
10
154.5115959999999973
20
-136.0049400000000048
11
154.5125380000000064
21
-136.0049359999999865
0
LINE
8
BLACK
6
CONTINUOUS
10
154.5125380000000064
20
-136.0049359999999865
11
154.716684999999984
21
-136.0240639999999814
0
LINE
8
BLACK
6
CONTINUOUS
10
154.716684999999984
20
-136.0240639999999814
11
154.7224569999999915
21
-136.0251829999999984
0
LINE
8
BLACK
6
CONTINUOUS
10
154.7224569999999915
20
-136.0251829999999984
11
154.7283060000000035
21
-136.0258469999999988
0
LINE
8
BLACK
6
CONTINUOUS
10
154.7283060000000035
20
-136.0258469999999988
11
155.0709509999999796
21
-136.0992589999999893
0
LINE
8
BLACK
6
CONTINUOUS
10
155.0709509999999796
20
-136.0992589999999893
11
155.0747759999999857
21
-136.100481000000002
0
LINE
8
BLACK
6
CONTINUOUS
10
155.0747759999999857
20
-136.100481000000002
11
155.0787229999999965
21
-136.1012529999999856
0
LINE
8
BLACK
6
CONTINUOUS
10
155.0787229999999965
20
-136.1012529999999856
11
155.5609369999999956
21
-136.2458450000000028
0
LINE
8
BLACK
6
CONTINUOUS
10
155.5609369999999956
20
-136.2458450000000028
11
155.5633219999999994
21
-136.2468240000000037
0
LINE
8
BLACK
6
CONTINUOUS
10
155.5633219999999994
20
-136.2468240000000037
11
155.5658259999999871
21
-136.2474489999999889
0
LINE
8
BLACK
6
CONTINUOUS
10
155.5658259999999871
20
-136.2474489999999889
11
155.838310000000007
21
-136.3446859999999958
0
LINE
8
BLACK
6
CONTINUOUS
10
155.838310000000007
20
-136.3446859999999958
11
155.8399159999999881
21
-136.3454439999999863
0
LINE
8
BLACK
6
CONTINUOUS
10
155.8399159999999881
20
-136.3454439999999863
11
155.841620000000006
21
-136.3459339999999997
0
LINE
8
BLACK
6
CONTINUOUS
10
155.841620000000006
20
-136.3459339999999997
11
156.1124739999999917
21
-136.4535359999999855
0
LINE
8
BLACK
6
CONTINUOUS
10
156.1124739999999917
20
-136.4535359999999855
11
156.1139379999999903
21
-136.4542909999999836
0
LINE
8
BLACK
6
CONTINUOUS
10
156.1139379999999903
20
-136.4542909999999836
11
156.1155100000000004
21
-136.4548000000000059
0
LINE
8
BLACK
6
CONTINUOUS
10
156.1155100000000004
20
-136.4548000000000059
11
156.2857239999999877
21
-136.5289899999999932
0
LINE
8
BLACK
6
CONTINUOUS
10
156.2857239999999877
20
-136.5289899999999932
11
161.5165700000000015
21
-136.8152699999999982
0
LINE
8
BLACK
6
CONTINUOUS
10
161.5165700000000015
20
-136.8152699999999982
11
161.7860230000000001
21
-136.7993400000000008
0
LINE
8
BLACK
6
CONTINUOUS
10
161.7860230000000001
20
-136.7993400000000008
11
162.0774859999999933
21
-136.7443570000000079
0
LINE
8
BLACK
6
CONTINUOUS
10
162.0774859999999933
20
-136.7443570000000079
11
162.3952249999999822
21
-136.6458409999999901
0
LINE
8
BLACK
6
CONTINUOUS
10
162.3952249999999822
20
-136.6458409999999901
11
162.7416499999999928
21
-136.4986529999999902
0
LINE
8
BLACK
6
CONTINUOUS
10
162.7416499999999928
20
-136.4986529999999902
11
163.1182660000000055
21
-136.297442999999987
0
LINE
8
BLACK
6
CONTINUOUS
10
163.1182660000000055
20
-136.297442999999987
11
163.5253999999999905
21
-136.0372490000000028
0
LINE
8
BLACK
6
CONTINUOUS
10
163.5253999999999905
20
-136.0372490000000028
11
163.961275999999998
21
-135.7146270000000072
0
LINE
8
BLACK
6
CONTINUOUS
10
163.961275999999998
20
-135.7146270000000072
11
164.4204069999999831
21
-135.3297199999999805
0
LINE
8
BLACK
6
CONTINUOUS
10
164.4204069999999831
20
-135.3297199999999805
11
164.8903320000000008
21
-134.8905289999999866
0
LINE
8
BLACK
6
CONTINUOUS
10
164.8903320000000008
20
-134.8905289999999866
11
165.0820369999999855
21
-134.6983139999999821
0
LINE
8
BLACK
6
CONTINUOUS
10
165.0820369999999855
20
-134.6983139999999821
11
165.0825289999999939
21
-134.697907999999984
0
LINE
8
BLACK
6
CONTINUOUS
10
165.0825289999999939
20
-134.697907999999984
11
165.0829339999999945
21
-134.6974270000000047
0
LINE
8
BLACK
6
CONTINUOUS
10
165.0829339999999945
20
-134.6974270000000047
11
165.4216419999999914
21
-134.3662789999999916
0
LINE
8
BLACK
6
CONTINUOUS
10
165.4216419999999914
20
-134.3662789999999916
11
165.4246770000000026
21
-134.3638440000000003
0
LINE
8
BLACK
6
CONTINUOUS
10
165.4246770000000026
20
-134.3638440000000003
11
165.4274049999999932
21
-134.3610669999999914
0
LINE
8
BLACK
6
CONTINUOUS
10
165.4274049999999932
20
-134.3610669999999914
11
165.5788399999999854
21
-134.2344469999999887
0
LINE
8
BLACK
6
CONTINUOUS
10
165.5788399999999854
20
-134.2344469999999887
11
165.5828599999999824
21
-134.2317060000000026
0
LINE
8
BLACK
6
CONTINUOUS
10
165.5828599999999824
20
-134.2317060000000026
11
165.5866010000000017
21
-134.2285739999999805
0
LINE
8
BLACK
6
CONTINUOUS
10
165.5866010000000017
20
-134.2285739999999805
11
165.7340789999999799
21
-134.1278910000000053
0
LINE
8
BLACK
6
CONTINUOUS
10
165.7340789999999799
20
-134.1278910000000053
11
165.7388589999999908
21
-134.1252729999999929
0
LINE
8
BLACK
6
CONTINUOUS
10
165.7388589999999908
20
-134.1252729999999929
11
165.7434079999999881
21
-134.1222410000000025
0
LINE
8
BLACK
6
CONTINUOUS
10
165.7434079999999881
20
-134.1222410000000025
11
165.8407299999999793
21
-134.0703429999999798
0
LINE
8
BLACK
6
CONTINUOUS
10
165.8407299999999793
20
-134.0703429999999798
11
165.8454539999999895
21
-134.0683909999999912
0
LINE
8
BLACK
6
CONTINUOUS
10
165.8454539999999895
20
-134.0683909999999912
11
165.8499769999999955
21
-134.0660029999999949
0
LINE
8
BLACK
6
CONTINUOUS
10
165.8499769999999955
20
-134.0660029999999949
11
165.9498559999999827
21
-134.0252130000000079
0
LINE
8
BLACK
6
CONTINUOUS
10
165.9498559999999827
20
-134.0252130000000079
11
165.9549069999999915
21
-134.0237070000000017
0
LINE
8
BLACK
6
CONTINUOUS
10
165.9549069999999915
20
-134.0237070000000017
11
165.9597990000000038
21
-134.0217509999999947
0
LINE
8
BLACK
6
CONTINUOUS
10
165.9597990000000038
20
-134.0217509999999947
11
166.0551309999999887
21
-133.9940909999999974
0
LINE
8
BLACK
6
CONTINUOUS
10
166.0551309999999887
20
-133.9940909999999974
11
166.0601230000000044
21
-133.9931599999999889
0
LINE
8
BLACK
6
CONTINUOUS
10
166.0601230000000044
20
-133.9931599999999889
11
166.0650129999999933
21
-133.9917599999999993
0
LINE
8
BLACK
6
CONTINUOUS
10
166.0650129999999933
20
-133.9917599999999993
11
166.1652149999999892
21
-133.9734420000000057
0
LINE
8
BLACK
6
CONTINUOUS
10
166.1652149999999892
20
-133.9734420000000057
11
166.1722519999999861
21
-133.9728589999999997
0
LINE
8
BLACK
6
CONTINUOUS
10
166.1722519999999861
20
-133.9728589999999997
11
166.1792509999999936
21
-133.9718900000000019
0
LINE
8
BLACK
6
CONTINUOUS
10
166.1792509999999936
20
-133.9718900000000019
11
166.3987019999999859
21
-133.9632220000000018
0
LINE
8
BLACK
6
CONTINUOUS
10
166.3987019999999859
20
-133.9632220000000018
11
166.4063999999999908
21
-133.9636739999999975
0
LINE
8
BLACK
6
CONTINUOUS
10
166.4063999999999908
20
-133.9636739999999975
11
166.4141219999999919
21
-133.9638039999999819
0
LINE
8
BLACK
6
CONTINUOUS
10
166.4141219999999919
20
-133.9638039999999819
11
166.6851230000000044
21
-133.9951020000000028
0
LINE
8
BLACK
6
CONTINUOUS
10
166.6851230000000044
20
-133.9951020000000028
11
166.6906079999999974
21
-133.9962889999999902
0
LINE
8
BLACK
6
CONTINUOUS
10
166.6906079999999974
20
-133.9962889999999902
11
166.6961770000000058
21
-133.9970119999999838
0
LINE
8
BLACK
6
CONTINUOUS
10
166.6961770000000058
20
-133.9970119999999838
11
167.0604669999999885
21
-134.0812379999999848
0
LINE
8
BLACK
6
CONTINUOUS
10
167.0604669999999885
20
-134.0812379999999848
11
167.0639569999999878
21
-134.0824149999999975
0
LINE
8
BLACK
6
CONTINUOUS
10
167.0639569999999878
20
-134.0824149999999975
11
167.0675629999999785
21
-134.0831560000000025
0
LINE
8
BLACK
6
CONTINUOUS
10
167.0675629999999785
20
-134.0831560000000025
11
167.6052469999999914
21
-134.2499149999999872
0
LINE
8
BLACK
6
CONTINUOUS
10
167.6052469999999914
20
-134.2499149999999872
11
167.6072079999999858
21
-134.250741000000005
0
LINE
8
BLACK
6
CONTINUOUS
10
167.6072079999999858
20
-134.250741000000005
11
167.6092769999999916
21
-134.2512590000000046
0
LINE
8
BLACK
6
CONTINUOUS
10
167.6092769999999916
20
-134.2512590000000046
11
168.7534589999999923
21
-134.6601420000000076
0
LINE
8
BLACK
6
CONTINUOUS
10
168.7534589999999923
20
-134.6601420000000076
11
169.0583969999999852
21
-134.7668479999999818
0
LINE
8
BLACK
6
CONTINUOUS
10
169.0583969999999852
20
-134.7668479999999818
11
169.3583999999999889
21
-134.8611919999999884
0
LINE
8
BLACK
6
CONTINUOUS
10
169.3583999999999889
20
-134.8611919999999884
11
169.6472739999999817
21
-134.9416520000000048
0
LINE
8
BLACK
6
CONTINUOUS
10
169.6472739999999817
20
-134.9416520000000048
11
169.9326199999999858
21
-135.0107390000000009
0
LINE
8
BLACK
6
CONTINUOUS
10
169.9326199999999858
20
-135.0107390000000009
11
170.2081230000000005
21
-135.0672679999999843
0
LINE
8
BLACK
6
CONTINUOUS
10
170.2081230000000005
20
-135.0672679999999843
11
170.480368999999996
21
-135.1129410000000064
0
LINE
8
BLACK
6
CONTINUOUS
10
170.480368999999996
20
-135.1129410000000064
11
170.7440349999999967
21
-135.1471619999999803
0
LINE
8
BLACK
6
CONTINUOUS
10
170.7440349999999967
20
-135.1471619999999803
11
171.0046749999999918
21
-135.1709579999999846
0
LINE
8
BLACK
6
CONTINUOUS
10
171.0046749999999918
20
-135.1709579999999846
11
171.2580189999999902
21
-135.1841869999999801
0
LINE
8
BLACK
6
CONTINUOUS
10
171.2580189999999902
20
-135.1841869999999801
11
171.5084839999999815
21
-135.1873339999999928
0
LINE
8
BLACK
6
CONTINUOUS
10
171.5084839999999815
20
-135.1873339999999928
11
171.7529360000000054
21
-135.1805569999999932
0
LINE
8
BLACK
6
CONTINUOUS
10
171.7529360000000054
20
-135.1805569999999932
11
171.9946709999999825
21
-135.1639610000000005
0
LINE
8
BLACK
6
CONTINUOUS
10
171.9946709999999825
20
-135.1639610000000005
11
172.2315490000000011
21
-135.1378379999999879
0
LINE
8
BLACK
6
CONTINUOUS
10
172.2315490000000011
20
-135.1378379999999879
11
172.4658909999999992
21
-135.1020719999999926
0
LINE
8
BLACK
6
CONTINUOUS
10
172.4658909999999992
20
-135.1020719999999926
11
172.6965809999999806
21
-135.0569160000000011
0
LINE
8
BLACK
6
CONTINUOUS
10
172.6965809999999806
20
-135.0569160000000011
11
172.9238179999999829
21
-135.0024559999999951
0
LINE
8
BLACK
6
CONTINUOUS
10
172.9238179999999829
20
-135.0024559999999951
11
173.3738769999999931
21
-134.8641989999999851
0
LINE
8
BLACK
6
CONTINUOUS
10
173.3738769999999931
20
-134.8641989999999851
11
173.8153409999999894
21
-134.6873620000000074
0
LINE
8
BLACK
6
CONTINUOUS
10
173.8153409999999894
20
-134.6873620000000074
11
174.2513040000000046
21
-134.4701719999999909
0
LINE
8
BLACK
6
CONTINUOUS
10
174.2513040000000046
20
-134.4701719999999909
11
174.683622999999983
21
-134.2105469999999912
0
LINE
8
BLACK
6
CONTINUOUS
10
174.683622999999983
20
-134.2105469999999912
11
175.1139619999999866
21
-133.9057860000000062
0
LINE
8
BLACK
6
CONTINUOUS
10
175.1139619999999866
20
-133.9057860000000062
11
175.5437969999999837
21
-133.5525829999999985
0
LINE
8
BLACK
6
CONTINUOUS
10
175.5437969999999837
20
-133.5525829999999985
11
175.9613019999999892
21
-133.1602330000000052
0
LINE
8
BLACK
6
CONTINUOUS
10
175.9613019999999892
20
-133.1602330000000052
11
176.2410579999999811
21
-132.8733069999999827
0
LINE
8
BLACK
6
CONTINUOUS
10
176.2410579999999811
20
-132.8733069999999827
11
176.4970610000000022
21
-132.5951220000000035
0
LINE
8
BLACK
6
CONTINUOUS
10
176.4970610000000022
20
-132.5951220000000035
11
176.704402999999985
21
-132.3547509999999932
0
LINE
8
BLACK
6
CONTINUOUS
10
176.704402999999985
20
-132.3547509999999932
11
176.8932649999999853
21
-132.1196510000000046
0
LINE
8
BLACK
6
CONTINUOUS
10
176.8932649999999853
20
-132.1196510000000046
11
177.0504650000000026
21
-131.9079179999999951
0
LINE
8
BLACK
6
CONTINUOUS
10
177.0504650000000026
20
-131.9079179999999951
11
177.1927429999999788
21
-131.6989839999999958
0
LINE
8
BLACK
6
CONTINUOUS
10
177.1927429999999788
20
-131.6989839999999958
11
177.3128619999999955
21
-131.5049339999999916
0
LINE
8
BLACK
6
CONTINUOUS
10
177.3128619999999955
20
-131.5049339999999916
11
177.4203809999999919
21
-131.3120130000000074
0
LINE
8
BLACK
6
CONTINUOUS
10
177.4203809999999919
20
-131.3120130000000074
11
177.5116299999999967
21
-131.128042999999991
0
LINE
8
BLACK
6
CONTINUOUS
10
177.5116299999999967
20
-131.128042999999991
11
177.5918800000000033
21
-130.943837000000002
0
LINE
8
BLACK
6
CONTINUOUS
10
177.5918800000000033
20
-130.943837000000002
11
177.6596150000000023
21
-130.7638330000000053
0
LINE
8
BLACK
6
CONTINUOUS
10
177.6596150000000023
20
-130.7638330000000053
11
177.7169899999999814
21
-130.5836639999999989
0
LINE
8
BLACK
6
CONTINUOUS
10
177.7169899999999814
20
-130.5836639999999989
11
177.8030799999999942
21
-130.2167029999999954
0
LINE
8
BLACK
6
CONTINUOUS
10
177.8030799999999942
20
-130.2167029999999954
11
177.8523339999999848
21
-129.8356579999999951
0
LINE
8
BLACK
6
CONTINUOUS
10
177.8523339999999848
20
-129.8356579999999951
11
177.8655339999999967
21
-129.4270359999999869
0
LINE
8
BLACK
6
CONTINUOUS
10
177.8655339999999967
20
-129.4270359999999869
11
177.8405740000000037
21
-128.9762670000000071
0
LINE
8
BLACK
6
CONTINUOUS
10
177.8405740000000037
20
-128.9762670000000071
11
177.7724389999999914
21
-128.4638109999999926
0
LINE
8
BLACK
6
CONTINUOUS
10
177.7724389999999914
20
-128.4638109999999926
11
177.6999179999999967
21
-128.0799120000000073
0
LINE
8
BLACK
6
CONTINUOUS
10
177.6999179999999967
20
-128.0799120000000073
11
177.4844049999999811
21
-127.0481809999999996
0
LINE
8
BLACK
6
CONTINUOUS
10
177.4844049999999811
20
-127.0481809999999996
11
177.482295999999991
21
-127.0286919999999924
0
LINE
8
BLACK
6
CONTINUOUS
10
177.482295999999991
20
-127.0286919999999924
11
177.4829129999999964
21
-127.0254219999999918
0
LINE
8
BLACK
6
CONTINUOUS
10
177.4829129999999964
20
-127.0254219999999918
11
177.4824490000000026
21
-127.02212999999999
0
LINE
8
BLACK
6
CONTINUOUS
10
177.4824490000000026
20
-127.02212999999999
11
177.4865169999999921
21
-127.0063539999999875
0
LINE
8
BLACK
6
CONTINUOUS
10
177.4865169999999921
20
-127.0063539999999875
11
177.4895420000000001
21
-126.9903519999999872
0
LINE
8
BLACK
6
CONTINUOUS
10
177.4895420000000001
20
-126.9903519999999872
11
177.491361999999981
21
-126.987569999999991
0
LINE
8
BLACK
6
CONTINUOUS
10
177.491361999999981
20
-126.987569999999991
11
177.4921929999999861
21
-126.9843489999999946
0
LINE
8
BLACK
6
CONTINUOUS
10
177.4921929999999861
20
-126.9843489999999946
11
177.5019920000000013
21
-126.9713259999999906
0
LINE
8
BLACK
6
CONTINUOUS
10
177.5019920000000013
20
-126.9713259999999906
11
177.5109080000000006
21
-126.9577039999999926
0
LINE
8
BLACK
6
CONTINUOUS
10
177.5109080000000006
20
-126.9577039999999926
11
177.5136540000000025
21
-126.9558299999999917
0
LINE
8
BLACK
6
CONTINUOUS
10
177.5136540000000025
20
-126.9558299999999917
11
177.5156549999999811
21
-126.953171999999995
0
LINE
8
BLACK
6
CONTINUOUS
10
177.5156549999999811
20
-126.953171999999995
11
177.5296819999999798
21
-126.944896
0
LINE
8
BLACK
6
CONTINUOUS
10
177.5296819999999798
20
-126.944896
11
177.5431409999999914
21
-126.9357159999999993
0
LINE
8
BLACK
6
CONTINUOUS
10
177.5431409999999914
20
-126.9357159999999993
11
177.5463979999999822
21
-126.9350349999999992
0
LINE
8
BLACK
6
CONTINUOUS
10
177.5463979999999822
20
-126.9350349999999992
11
177.5492610000000013
21
-126.9333469999999977
0
LINE
8
BLACK
6
CONTINUOUS
10
177.5492610000000013
20
-126.9333469999999977
11
177.5653779999999813
21
-126.9310699999999912
0
LINE
8
BLACK
6
CONTINUOUS
10
177.5653779999999813
20
-126.9310699999999912
11
177.5813339999999982
21
-126.9277379999999908
0
LINE
8
BLACK
6
CONTINUOUS
10
177.5813339999999982
20
-126.9277379999999908
11
177.5846029999999871
21
-126.9283549999999963
0
LINE
8
BLACK
6
CONTINUOUS
10
177.5846029999999871
20
-126.9283549999999963
11
177.5878960000000006
21
-126.9278909999999883
0
LINE
8
BLACK
6
CONTINUOUS
10
177.5878960000000006
20
-126.9278909999999883
11
177.6072659999999814
21
-126.9309030000000007
0
LINE
8
BLACK
6
CONTINUOUS
10
177.6072659999999814
20
-126.9309030000000007
11
178.5014749999999992
21
-127.1615350000000007
0
LINE
8
BLACK
6
CONTINUOUS
10
178.5014749999999992
20
-127.1615350000000007
11
178.8292909999999836
21
-127.2267579999999896
0
LINE
8
BLACK
6
CONTINUOUS
10
178.8292909999999836
20
-127.2267579999999896
11
179.4092009999999959
21
-127.3007879999999972
0
LINE
8
BLACK
6
CONTINUOUS
10
179.4092009999999959
20
-127.3007879999999972
11
180.235510000000005
21
-127.3659979999999905
0
LINE
8
BLACK
6
CONTINUOUS
10
180.235510000000005
20
-127.3659979999999905
11
180.6894949999999938
21
-127.3870689999999968
0
LINE
8
BLACK
6
CONTINUOUS
10
180.6894949999999938
20
-127.3870689999999968
11
181.1379660000000058
21
-127.3973479999999938
0
LINE
8
BLACK
6
CONTINUOUS
10
181.1379660000000058
20
-127.3973479999999938
11
181.228227000000004
21
-127.3979839999999939
0
LINE
8
BLACK
6
CONTINUOUS
10
181.228227000000004
20
-127.3979839999999939
11
182.0014579999999853
21
-127.3913909999999987
0
LINE
8
BLACK
6
CONTINUOUS
10
182.0014579999999853
20
-127.3913909999999987
11
182.3082729999999856
21
-127.3752889999999951
0
LINE
8
BLACK
6
CONTINUOUS
10
182.3082729999999856
20
-127.3752889999999951
11
182.577748999999983
21
-127.3461299999999881
0
LINE
8
BLACK
6
CONTINUOUS
10
182.577748999999983
20
-127.3461299999999881
11
182.7483100000000036
21
-127.3164999999999907
0
LINE
8
BLACK
6
CONTINUOUS
10
182.7483100000000036
20
-127.3164999999999907
11
182.9102499999999907
21
-127.2777439999999984
0
LINE
8
BLACK
6
CONTINUOUS
10
182.9102499999999907
20
-127.2777439999999984
11
183.0553529999999967
21
-127.2328259999999887
0
LINE
8
BLACK
6
CONTINUOUS
10
183.0553529999999967
20
-127.2328259999999887
11
183.1982950000000017
21
-127.1785069999999962
0
LINE
8
BLACK
6
CONTINUOUS
10
183.1982950000000017
20
-127.1785069999999962
11
183.5043159999999887
21
-127.0307490000000001
0
LINE
8
BLACK
6
CONTINUOUS
10
183.5043159999999887
20
-127.0307490000000001
11
183.8858659999999929
21
-126.801840999999996
0
LINE
8
BLACK
6
CONTINUOUS
10
183.8858659999999929
20
-126.801840999999996
11
184.4747979999999927
21
-126.4023899999999969
0
LINE
8
BLACK
6
CONTINUOUS
10
184.4747979999999927
20
-126.4023899999999969
11
184.631022999999999
21
-126.292823999999996
0
LINE
8
BLACK
6
CONTINUOUS
10
184.631022999999999
20
-126.292823999999996
11
185.2343060000000037
21
-125.845675
0
LINE
8
BLACK
6
CONTINUOUS
10
185.2343060000000037
20
-125.845675
11
185.8616959999999949
21
-125.333793
0
LINE
8
BLACK
6
CONTINUOUS
10
185.8616959999999949
20
-125.333793
11
186.1408389999999997
21
-125.0878299999999967
0
LINE
8
BLACK
6
CONTINUOUS
10
186.1408389999999997
20
-125.0878299999999967
11
186.385957999999988
21
-124.8580970000000008
0
LINE
8
BLACK
6
CONTINUOUS
10
186.385957999999988
20
-124.8580970000000008
11
186.566016999999988
21
-124.675974999999994
0
LINE
8
BLACK
6
CONTINUOUS
10
186.566016999999988
20
-124.675974999999994
11
186.7062799999999925
21
-124.5184329999999875
0
LINE
8
BLACK
6
CONTINUOUS
10
186.7062799999999925
20
-124.5184329999999875
11
186.7603939999999909
21
-124.4495259999999917
0
LINE
8
BLACK
6
CONTINUOUS
10
186.7603939999999909
20
-124.4495259999999917
11
187.1303109999999776
21
-123.9160299999999921
0
LINE
8
BLACK
6
CONTINUOUS
10
187.1303109999999776
20
-123.9160299999999921
11
187.4861080000000015
21
-123.3330859999999944
0
LINE
8
BLACK
6
CONTINUOUS
10
187.4861080000000015
20
-123.3330859999999944
11
187.8252589999999884
21
-122.7009599999999949
0
LINE
8
BLACK
6
CONTINUOUS
10
187.8252589999999884
20
-122.7009599999999949
11
188.1449979999999869
21
-122.020670999999993
0
LINE
8
BLACK
6
CONTINUOUS
10
188.1449979999999869
20
-122.020670999999993
11
188.4424539999999979
21
-121.2939509999999927
0
LINE
8
BLACK
6
CONTINUOUS
10
188.4424539999999979
20
-121.2939509999999927
11
188.7147379999999828
21
-120.5232419999999962
0
LINE
8
BLACK
6
CONTINUOUS
10
188.7147379999999828
20
-120.5232419999999962
11
188.9590029999999956
21
-119.7117919999999884
0
LINE
8
BLACK
6
CONTINUOUS
10
188.9590029999999956
20
-119.7117919999999884
11
189.1725509999999986
21
-118.8635319999999922
0
LINE
8
BLACK
6
CONTINUOUS
10
189.1725509999999986
20
-118.8635319999999922
11
189.3530559999999809
21
-117.9823569999999933
0
LINE
8
BLACK
6
CONTINUOUS
10
189.3530559999999809
20
-117.9823569999999933
11
189.4300849999999912
21
-117.5317089999999922
0
LINE
8
BLACK
6
CONTINUOUS
10
189.4300849999999912
20
-117.5317089999999922
11
189.4979720000000043
21
-117.0754039999999918
0
LINE
8
BLACK
6
CONTINUOUS
10
189.4979720000000043
20
-117.0754039999999918
11
189.595581999999979
21
-116.2520669999999967
0
LINE
8
BLACK
6
CONTINUOUS
10
189.595581999999979
20
-116.2520669999999967
11
189.6205829999999821
21
-115.8074749999999966
0
LINE
8
BLACK
6
CONTINUOUS
10
189.6205829999999821
20
-115.8074749999999966
11
189.6170199999999966
21
-115.1445229999999924
0
LINE
8
BLACK
6
CONTINUOUS
10
189.6170199999999966
20
-115.1445229999999924
11
189.5716579999999851
21
-114.2222000000000008
0
LINE
8
BLACK
6
CONTINUOUS
10
189.5716579999999851
20
-114.2222000000000008
11
189.4728259999999977
21
-113.0277859999999919
0
LINE
8
BLACK
6
CONTINUOUS
10
189.4728259999999977
20
-113.0277859999999919
11
189.3148379999999804
21
-111.6008499999999941
0
LINE
8
BLACK
6
CONTINUOUS
10
189.3148379999999804
20
-111.6008499999999941
11
189.1034070000000042
21
-110.0516700000000014
0
LINE
8
BLACK
6
CONTINUOUS
10
189.1034070000000042
20
-110.0516700000000014
11
188.9843060000000037
21
-109.288646
0
LINE
8
BLACK
6
CONTINUOUS
10
188.9843060000000037
20
-109.288646
11
188.857814999999988
21
-108.5452239999999904
0
LINE
8
BLACK
6
CONTINUOUS
10
188.857814999999988
20
-108.5452239999999904
11
188.7331369999999993
21
-107.8725389999999891
0
LINE
8
BLACK
6
CONTINUOUS
10
188.7331369999999993
20
-107.8725389999999891
11
188.6043420000000026
21
-107.2362009999999941
0
LINE
8
BLACK
6
CONTINUOUS
10
188.6043420000000026
20
-107.2362009999999941
11
188.4859589999999798
21
-106.702469999999991
0
LINE
8
BLACK
6
CONTINUOUS
10
188.4859589999999798
20
-106.702469999999991
11
188.3661500000000046
21
-106.2125580000000014
0
LINE
8
BLACK
6
CONTINUOUS
10
188.3661500000000046
20
-106.2125580000000014
11
188.2494979999999885
21
-105.7857159999999936
0
LINE
8
BLACK
6
CONTINUOUS
10
188.2494979999999885
20
-105.7857159999999936
11
188.0979039999999998
21
-105.246861999999993
0
LINE
8
BLACK
6
CONTINUOUS
10
188.0979039999999998
20
-105.246861999999993
11
188.0975959999999816
21
-105.2451310000000007
0
LINE
8
BLACK
6
CONTINUOUS
10
188.0975959999999816
20
-105.2451310000000007
11
188.097014999999999
21
-105.2434749999999894
0
LINE
8
BLACK
6
CONTINUOUS
10
188.097014999999999
20
-105.2434749999999894
11
188.0420509999999865
21
-105.018115999999992
0
LINE
8
BLACK
6
CONTINUOUS
10
188.0420509999999865
20
-105.018115999999992
11
188.0417229999999904
21
-105.0158100000000019
0
LINE
8
BLACK
6
CONTINUOUS
10
188.0417229999999904
20
-105.0158100000000019
11
188.0410559999999975
21
-105.0135810000000021
0
LINE
8
BLACK
6
CONTINUOUS
10
188.0410559999999975
20
-105.0135810000000021
11
188.0008760000000052
21
-104.8077609999999993
0
LINE
8
BLACK
6
CONTINUOUS
10
188.0008760000000052
20
-104.8077609999999993
11
188.0005639999999971
21
-104.8044849999999997
0
LINE
8
BLACK
6
CONTINUOUS
10
188.0005639999999971
20
-104.8044849999999997
11
187.9998290000000054
21
-104.8012729999999948
0
LINE
8
BLACK
6
CONTINUOUS
10
187.9998290000000054
20
-104.8012729999999948
11
187.9750760000000014
21
-104.6075129999999973
0
LINE
8
BLACK
6
CONTINUOUS
10
187.9750760000000014
20
-104.6075129999999973
11
187.9749579999999867
21
-104.6034480000000002
0
LINE
8
BLACK
6
CONTINUOUS
10
187.9749579999999867
20
-104.6034480000000002
11
187.9743749999999807
21
-104.5994249999999965
0
LINE
8
BLACK
6
CONTINUOUS
10
187.9743749999999807
20
-104.5994249999999965
11
187.965693999999985
21
-104.4102449999999891
0
LINE
8
BLACK
6
CONTINUOUS
10
187.965693999999985
20
-104.4102449999999891
11
187.9659230000000036
21
-104.405863999999994
0
LINE
8
BLACK
6
CONTINUOUS
10
187.9659230000000036
20
-104.405863999999994
11
187.965676000000002
21
-104.4014829999999989
0
LINE
8
BLACK
6
CONTINUOUS
10
187.965676000000002
20
-104.4014829999999989
11
187.9737079999999878
21
-104.2094039999999922
0
LINE
8
BLACK
6
CONTINUOUS
10
187.9737079999999878
20
-104.2094039999999922
11
187.9742870000000039
21
-104.2052889999999934
0
LINE
8
BLACK
6
CONTINUOUS
10
187.9742870000000039
20
-104.2052889999999934
11
187.9743979999999794
21
-104.2011389999999977
0
LINE
8
BLACK
6
CONTINUOUS
10
187.9743979999999794
20
-104.2011389999999977
11
187.9997879999999952
21
-103.9986809999999906
0
LINE
8
BLACK
6
CONTINUOUS
10
187.9997879999999952
20
-103.9986809999999906
11
188.0007640000000038
21
-103.994371000000001
0
LINE
8
BLACK
6
CONTINUOUS
10
188.0007640000000038
20
-103.994371000000001
11
188.0012700000000052
21
-103.9899920000000009
0
LINE
8
BLACK
6
CONTINUOUS
10
188.0012700000000052
20
-103.9899920000000009
11
188.0821090000000027
21
-103.6161010000000005
0
LINE
8
BLACK
6
CONTINUOUS
10
188.0821090000000027
20
-103.6161010000000005
11
188.0832359999999994
21
-103.6125940000000014
0
LINE
8
BLACK
6
CONTINUOUS
10
188.0832359999999994
20
-103.6125940000000014
11
188.0839239999999961
21
-103.6089849999999899
0
LINE
8
BLACK
6
CONTINUOUS
10
188.0839239999999961
20
-103.6089849999999899
11
188.2435789999999827
21
-103.0668099999999896
0
LINE
8
BLACK
6
CONTINUOUS
10
188.2435789999999827
20
-103.0668099999999896
11
188.2442549999999812
21
-103.0651379999999904
0
LINE
8
BLACK
6
CONTINUOUS
10
188.2442549999999812
20
-103.0651379999999904
11
188.2446569999999895
21
-103.0633769999999885
0
LINE
8
BLACK
6
CONTINUOUS
10
188.2446569999999895
20
-103.0633769999999885
11
188.5617639999999824
21
-102.1140070000000009
0
LINE
8
BLACK
6
CONTINUOUS
10
188.5617639999999824
20
-102.1140070000000009
11
188.7449000000000012
21
-101.5582309999999922
0
LINE
8
BLACK
6
CONTINUOUS
10
188.7449000000000012
20
-101.5582309999999922
11
188.89658799999998
21
-101.0492579999999947
0
LINE
8
BLACK
6
CONTINUOUS
10
188.89658799999998
20
-101.0492579999999947
11
188.984501999999992
21
-100.7135359999999906
0
LINE
8
BLACK
6
CONTINUOUS
10
188.984501999999992
20
-100.7135359999999906
11
189.0606650000000002
21
-100.3790759999999977
0
LINE
8
BLACK
6
CONTINUOUS
10
189.0606650000000002
20
-100.3790759999999977
11
189.1210679999999797
21
-100.0669819999999959
0
LINE
8
BLACK
6
CONTINUOUS
10
189.1210679999999797
20
-100.0669819999999959
11
189.1733849999999961
21
-99.7432099999999906
0
LINE
8
BLACK
6
CONTINUOUS
10
189.1733849999999961
20
-99.7432099999999906
11
189.2585189999999784
21
-99.0242959999999925
0
LINE
8
BLACK
6
CONTINUOUS
10
189.2585189999999784
20
-99.0242959999999925
11
189.3263489999999933
21
-98.0979499999999973
0
LINE
8
BLACK
6
CONTINUOUS
10
189.3263489999999933
20
-98.0979499999999973
11
189.3855289999999911
21
-96.726278999999991
0
LINE
8
BLACK
6
CONTINUOUS
10
189.3855289999999911
20
-96.726278999999991
11
189.4056459999999902
21
-96.0855099999999993
0
LINE
8
BLACK
6
CONTINUOUS
10
189.4056459999999902
20
-96.0855099999999993
11
189.5202249999999822
21
-92.1854529999999954
0
LINE
8
BLACK
6
CONTINUOUS
10
189.5202249999999822
20
-92.1854529999999954
11
189.5221029999999871
21
-92.1708050000000014
0
LINE
8
BLACK
6
CONTINUOUS
10
189.5221029999999871
20
-92.1708050000000014
11
189.5221029999999871
21
-92.1688809999999989
0
LINE
8
BLACK
6
CONTINUOUS
10
189.5221029999999871
20
-92.1688809999999989
11
189.5224599999999953
21
-92.1680179999999893
0
LINE
8
BLACK
6
CONTINUOUS
10
189.5224599999999953
20
-92.1680179999999893
11
189.5227179999999976
21
-92.1660090000000025
0
LINE
8
BLACK
6
CONTINUOUS
10
189.5227179999999976
20
-92.1660090000000025
11
189.5301249999999982
21
-92.1495139999999964
0
LINE
8
BLACK
6
CONTINUOUS
10
189.5301249999999982
20
-92.1495139999999964
11
189.537035000000003
21
-92.1328329999999909
0
LINE
8
BLACK
6
CONTINUOUS
10
189.537035000000003
20
-92.1328329999999909
11
189.5383180000000038
21
-92.1312679999999915
0
LINE
8
BLACK
6
CONTINUOUS
10
189.5383180000000038
20
-92.1312679999999915
11
189.5387020000000007
21
-92.1304149999999993
0
LINE
8
BLACK
6
CONTINUOUS
10
189.5387020000000007
20
-92.1304149999999993
11
189.5401039999999853
21
-92.129092
0
LINE
8
BLACK
6
CONTINUOUS
10
189.5401039999999853
20
-92.129092
11
189.5494709999999827
21
-92.1176789999999954
0
LINE
8
BLACK
6
CONTINUOUS
10
189.5494709999999827
20
-92.1176789999999954
11
190.549761999999987
21
-91.1173890000000029
0
LINE
8
BLACK
6
CONTINUOUS
10
190.549761999999987
20
-91.1173890000000029
11
190.8555219999999792
21
-90.7839620000000025
0
LINE
8
BLACK
6
CONTINUOUS
10
190.8555219999999792
20
-90.7839620000000025
11
191.1369870000000049
21
-90.4191509999999994
0
LINE
8
BLACK
6
CONTINUOUS
10
191.1369870000000049
20
-90.4191509999999994
11
191.391319999999979
21
-90.0253259999999926
0
LINE
8
BLACK
6
CONTINUOUS
10
191.391319999999979
20
-90.0253259999999926
11
191.6149209999999812
21
-89.6065299999999922
0
LINE
8
BLACK
6
CONTINUOUS
10
191.6149209999999812
20
-89.6065299999999922
11
191.7131469999999922
21
-89.3913840000000022
0
LINE
8
BLACK
6
CONTINUOUS
10
191.7131469999999922
20
-89.3913840000000022
11
191.8025030000000015
21
-89.1719889999999964
0
LINE
8
BLACK
6
CONTINUOUS
10
191.8025030000000015
20
-89.1719889999999964
11
191.9445350000000019
21
-88.7538049999999998
0
LINE
8
BLACK
6
CONTINUOUS
10
191.9445350000000019
20
-88.7538049999999998
11
191.9445779999999786
21
-88.7537079999999889
0
LINE
8
BLACK
6
CONTINUOUS
10
191.9445779999999786
20
-88.7537079999999889
11
191.9446009999999774
21
-88.7536139999999989
0
LINE
8
BLACK
6
CONTINUOUS
10
191.9446009999999774
20
-88.7536139999999989
11
192.095815999999985
21
-88.3113369999999946
0
LINE
8
BLACK
6
CONTINUOUS
10
192.095815999999985
20
-88.3113369999999946
11
192.0972589999999798
21
-88.3081689999999924
0
LINE
8
BLACK
6
CONTINUOUS
10
192.0972589999999798
20
-88.3081689999999924
11
192.0982939999999815
21
-88.3048349999999971
0
LINE
8
BLACK
6
CONTINUOUS
10
192.0982939999999815
20
-88.3048349999999971
11
192.3161969999999883
21
-87.788060999999999
0
LINE
8
BLACK
6
CONTINUOUS
10
192.3161969999999883
20
-87.788060999999999
11
192.3173649999999952
21
-87.7859079999999921
0
LINE
8
BLACK
6
CONTINUOUS
10
192.3173649999999952
20
-87.7859079999999921
11
192.3182029999999827
21
-87.7836109999999934
0
LINE
8
BLACK
6
CONTINUOUS
10
192.3182029999999827
20
-87.7836109999999934
11
192.4477660000000014
21
-87.5139139999999998
0
LINE
8
BLACK
6
CONTINUOUS
10
192.4477660000000014
20
-87.5139139999999998
11
192.448648999999989
21
-87.5124599999999901
0
LINE
8
BLACK
6
CONTINUOUS
10
192.448648999999989
20
-87.5124599999999901
11
192.4492829999999799
21
-87.5108899999999892
0
LINE
8
BLACK
6
CONTINUOUS
10
192.4492829999999799
20
-87.5108899999999892
11
192.5846799999999917
21
-87.2518839999999898
0
LINE
8
BLACK
6
CONTINUOUS
10
192.5846799999999917
20
-87.2518839999999898
11
192.5856739999999832
21
-87.2503650000000022
0
LINE
8
BLACK
6
CONTINUOUS
10
192.5856739999999832
20
-87.2503650000000022
11
192.5864169999999831
21
-87.2487019999999944
0
LINE
8
BLACK
6
CONTINUOUS
10
192.5864169999999831
20
-87.2487019999999944
11
192.7214469999999835
21
-87.0117359999999991
0
LINE
8
BLACK
6
CONTINUOUS
10
192.7214469999999835
20
-87.0117359999999991
11
192.7226519999999823
21
-87.0100329999999929
0
LINE
8
BLACK
6
CONTINUOUS
10
192.7226519999999823
20
-87.0100329999999929
11
192.7235809999999958
21
-87.0081660000000028
0
LINE
8
BLACK
6
CONTINUOUS
10
192.7235809999999958
20
-87.0081660000000028
11
192.8584400000000016
21
-86.7928359999999941
0
LINE
8
BLACK
6
CONTINUOUS
10
192.8584400000000016
20
-86.7928359999999941
11
192.8599040000000002
21
-86.790939999999992
0
LINE
8
BLACK
6
CONTINUOUS
10
192.8599040000000002
20
-86.790939999999992
11
192.8610659999999939
21
-86.7888590000000022
0
LINE
8
BLACK
6
CONTINUOUS
10
192.8610659999999939
20
-86.7888590000000022
11
192.9739749999999958
21
-86.6263390000000015
0
LINE
8
BLACK
6
CONTINUOUS
10
192.9739749999999958
20
-86.6263390000000015
11
192.9758369999999843
21
-86.6241519999999952
0
LINE
8
BLACK
6
CONTINUOUS
10
192.9758369999999843
20
-86.6241519999999952
11
192.977374999999995
21
-86.6217329999999919
0
LINE
8
BLACK
6
CONTINUOUS
10
192.977374999999995
20
-86.6217329999999919
11
193.086324999999988
21
-86.4826339999999902
0
LINE
8
BLACK
6
CONTINUOUS
10
193.086324999999988
20
-86.4826339999999902
11
193.0866979999999842
21
-86.4822429999999969
0
LINE
8
BLACK
6
CONTINUOUS
10
193.0866979999999842
20
-86.4822429999999969
11
193.0869899999999859
21
-86.4817949999999911
0
LINE
8
BLACK
6
CONTINUOUS
10
193.0869899999999859
20
-86.4817949999999911
11
193.2324779999999862
21
-86.3000839999999982
0
LINE
8
BLACK
6
CONTINUOUS
10
193.2324779999999862
20
-86.3000839999999982
11
193.3824029999999823
21
-86.0895029999999934
0
LINE
8
BLACK
6
CONTINUOUS
10
193.3824029999999823
20
-86.0895029999999934
11
193.4980960000000039
21
-85.9067849999999993
0
LINE
8
BLACK
6
CONTINUOUS
10
193.4980960000000039
20
-85.9067849999999993
11
193.6158049999999946
21
-85.6994479999999896
0
LINE
8
BLACK
6
CONTINUOUS
10
193.6158049999999946
20
-85.6994479999999896
11
193.7235079999999812
21
-85.4879650000000026
0
LINE
8
BLACK
6
CONTINUOUS
10
193.7235079999999812
20
-85.4879650000000026
11
193.8316079999999886
21
-85.2517629999999969
0
LINE
8
BLACK
6
CONTINUOUS
10
193.8316079999999886
20
-85.2517629999999969
11
193.9343119999999772
21
-85.0020489999999995
0
LINE
8
BLACK
6
CONTINUOUS
10
193.9343119999999772
20
-85.0020489999999995
11
194.0363490000000013
21
-84.7260670000000005
0
LINE
8
BLACK
6
CONTINUOUS
10
194.0363490000000013
20
-84.7260670000000005
11
194.1345979999999827
21
-84.4302380000000028
0
LINE
8
BLACK
6
CONTINUOUS
10
194.1345979999999827
20
-84.4302380000000028
11
194.2311809999999923
21
-84.1062110000000018
0
LINE
8
BLACK
6
CONTINUOUS
10
194.2311809999999923
20
-84.1062110000000018
11
194.3307309999999859
21
-83.7310799999999915
0
LINE
8
BLACK
6
CONTINUOUS
10
194.3307309999999859
20
-83.7310799999999915
11
193.9616769999999804
21
-79.7385220000000032
0
LINE
8
BLACK
6
CONTINUOUS
10
193.9616769999999804
20
-79.7385220000000032
11
193.9364099999999951
21
-79.63835499999999
0
LINE
8
BLACK
6
CONTINUOUS
10
193.9364099999999951
20
-79.63835499999999
11
193.85513499999999
21
-79.4668549999999954
0
LINE
8
BLACK
6
CONTINUOUS
10
193.85513499999999
20
-79.4668549999999954
11
193.7227330000000052
21
-79.2365059999999914
0
LINE
8
BLACK
6
CONTINUOUS
10
193.7227330000000052
20
-79.2365059999999914
11
193.5980940000000032
21
-79.0220359999999999
0
LINE
8
BLACK
6
CONTINUOUS
10
193.5980940000000032
20
-79.0220359999999999
11
193.5974300000000028
21
-79.020583000000002
0
LINE
8
BLACK
6
CONTINUOUS
10
193.5974300000000028
20
-79.020583000000002
11
193.5965379999999811
21
-79.0192579999999936
0
LINE
8
BLACK
6
CONTINUOUS
10
193.5965379999999811
20
-79.0192579999999936
11
193.4678649999999891
21
-78.7806709999999981
0
LINE
8
BLACK
6
CONTINUOUS
10
193.4678649999999891
20
-78.7806709999999981
11
193.4673509999999794
21
-78.7794430000000006
0
LINE
8
BLACK
6
CONTINUOUS
10
193.4673509999999794
20
-78.7794430000000006
11
193.4666369999999915
21
-78.7783199999999937
0
LINE
8
BLACK
6
CONTINUOUS
10
193.4666369999999915
20
-78.7783199999999937
11
192.4568739999999991
21
-76.7809869999999961
0
LINE
8
BLACK
6
CONTINUOUS
10
192.4568739999999991
20
-76.7809869999999961
11
192.0796529999999791
21
-76.0738889999999941
0
LINE
8
BLACK
6
CONTINUOUS
10
192.0796529999999791
20
-76.0738889999999941
11
191.6487639999999999
21
-75.3468280000000021
0
LINE
8
BLACK
6
CONTINUOUS
10
191.6487639999999999
20
-75.3468280000000021
11
191.4324619999999868
21
-75.009839999999997
0
LINE
8
BLACK
6
CONTINUOUS
10
191.4324619999999868
20
-75.009839999999997
11
191.2228619999999921
21
-74.7019420000000025
0
LINE
8
BLACK
6
CONTINUOUS
10
191.2228619999999921
20
-74.7019420000000025
11
191.0388729999999953
21
-74.449034999999995
0
LINE
8
BLACK
6
CONTINUOUS
10
191.0388729999999953
20
-74.449034999999995
11
190.8690409999999815
21
-74.2336760000000027
0
LINE
8
BLACK
6
CONTINUOUS
10
190.8690409999999815
20
-74.2336760000000027
11
190.7399539999999831
21
-74.0857170000000025
0
LINE
8
BLACK
6
CONTINUOUS
10
190.7399539999999831
20
-74.0857170000000025
11
190.6263309999999933
21
-73.9720409999999902
0
LINE
8
BLACK
6
CONTINUOUS
10
190.6263309999999933
20
-73.9720409999999902
11
190.5945609999999988
21
-73.94420199999999
0
LINE
8
BLACK
6
CONTINUOUS
10
190.5945609999999988
20
-73.94420199999999
11
190.5943139999999971
21
-73.9439390000000003
0
LINE
8
BLACK
6
CONTINUOUS
10
190.5943139999999971
20
-73.9439390000000003
11
190.5940239999999903
21
-73.943727999999993
0
LINE
8
BLACK
6
CONTINUOUS
10
190.5940239999999903
20
-73.943727999999993
11
190.4465139999999792
21
-73.812587999999991
0
LINE
8
BLACK
6
CONTINUOUS
10
190.4465139999999792
20
-73.812587999999991
11
190.4442669999999964
21
-73.8101559999999921
0
LINE
8
BLACK
6
CONTINUOUS
10
190.4442669999999964
20
-73.8101559999999921
11
190.4417219999999986
21
-73.8080360000000013
0
LINE
8
BLACK
6
CONTINUOUS
10
190.4417219999999986
20
-73.8080360000000013
11
190.3092309999999827
21
-73.6735619999999898
0
LINE
8
BLACK
6
CONTINUOUS
10
190.3092309999999827
20
-73.6735619999999898
11
190.3069569999999828
21
-73.6707490000000007
0
LINE
8
BLACK
6
CONTINUOUS
10
190.3069569999999828
20
-73.6707490000000007
11
190.3043579999999793
21
-73.6682449999999989
0
LINE
8
BLACK
6
CONTINUOUS
10
190.3043579999999793
20
-73.6682449999999989
11
190.2058940000000007
21
-73.5527179999999987
0
LINE
8
BLACK
6
CONTINUOUS
10
190.2058940000000007
20
-73.5527179999999987
11
190.2038619999999867
21
-73.5497960000000006
0
LINE
8
BLACK
6
CONTINUOUS
10
190.2038619999999867
20
-73.5497960000000006
11
190.2014789999999778
21
-73.5471489999999903
0
LINE
8
BLACK
6
CONTINUOUS
10
190.2014789999999778
20
-73.5471489999999903
11
190.1107299999999896
21
-73.4239199999999954
0
LINE
8
BLACK
6
CONTINUOUS
10
190.1107299999999896
20
-73.4239199999999954
11
190.1089279999999917
21
-73.42089
0
LINE
8
BLACK
6
CONTINUOUS
10
190.1089279999999917
20
-73.42089
11
190.1067639999999983
21
-73.4181169999999952
0
LINE
8
BLACK
6
CONTINUOUS
10
190.1067639999999983
20
-73.4181169999999952
11
190.0272919999999885
21
-73.2926020000000022
0
LINE
8
BLACK
6
CONTINUOUS
10
190.0272919999999885
20
-73.2926020000000022
11
190.0258099999999786
21
-73.2896590000000003
0
LINE
8
BLACK
6
CONTINUOUS
10
190.0258099999999786
20
-73.2896590000000003
11
190.0239609999999857
21
-73.2869369999999947
0
LINE
8
BLACK
6
CONTINUOUS
10
190.0239609999999857
20
-73.2869369999999947
11
189.9495499999999879
21
-73.1503119999999996
0
LINE
8
BLACK
6
CONTINUOUS
10
189.9495499999999879
20
-73.1503119999999996
11
189.9478169999999864
21
-73.1462190000000021
0
LINE
8
BLACK
6
CONTINUOUS
10
189.9478169999999864
20
-73.1462190000000021
11
189.9456539999999904
21
-73.1423350000000028
0
LINE
8
BLACK
6
CONTINUOUS
10
189.9456539999999904
20
-73.1423350000000028
11
189.8063499999999806
21
-72.821747000000002
0
LINE
8
BLACK
6
CONTINUOUS
10
189.8063499999999806
20
-72.821747000000002
11
189.8049029999999959
21
-72.8172599999999903
0
LINE
8
BLACK
6
CONTINUOUS
10
189.8049029999999959
20
-72.8172599999999903
11
189.8030049999999846
21
-72.8129369999999909
0
LINE
8
BLACK
6
CONTINUOUS
10
189.8030049999999846
20
-72.8129369999999909
11
189.6641410000000008
21
-72.3877099999999984
0
LINE
8
BLACK
6
CONTINUOUS
10
189.6641410000000008
20
-72.3877099999999984
11
189.6634200000000021
21
-72.3844500000000011
0
LINE
8
BLACK
6
CONTINUOUS
10
189.6634200000000021
20
-72.3844500000000011
11
189.6622859999999946
21
-72.3813150000000007
0
LINE
8
BLACK
6
CONTINUOUS
10
189.6622859999999946
20
-72.3813150000000007
11
189.5072759999999903
21
-71.771844999999999
0
LINE
8
BLACK
6
CONTINUOUS
10
189.5072759999999903
20
-71.771844999999999
11
189.5069839999999886
21
-71.7699240000000032
0
LINE
8
BLACK
6
CONTINUOUS
10
189.5069839999999886
20
-71.7699240000000032
11
189.5063969999999927
21
-71.7680829999999901
0
LINE
8
BLACK
6
CONTINUOUS
10
189.5063969999999927
20
-71.7680829999999901
11
189.3460299999999847
21
-71.0172280000000029
0
LINE
8
BLACK
6
CONTINUOUS
10
189.3460299999999847
20
-71.0172280000000029
11
189.1499220000000037
21
-70.1449190000000016
0
LINE
8
BLACK
6
CONTINUOUS
10
189.1499220000000037
20
-70.1449190000000016
11
188.9115850000000023
21
-69.2642400000000009
0
LINE
8
BLACK
6
CONTINUOUS
10
188.9115850000000023
20
-69.2642400000000009
11
188.6327689999999961
21
-68.38465699999999
0
LINE
8
BLACK
6
CONTINUOUS
10
188.6327689999999961
20
-68.38465699999999
11
188.3167789999999968
21
-67.5181189999999987
0
LINE
8
BLACK
6
CONTINUOUS
10
188.3167789999999968
20
-67.5181189999999987
11
188.1466289999999901
21
-67.0946890000000025
0
LINE
8
BLACK
6
CONTINUOUS
10
188.1466289999999901
20
-67.0946890000000025
11
187.9689750000000004
21
-66.6791699999999992
0
LINE
8
BLACK
6
CONTINUOUS
10
187.9689750000000004
20
-66.6791699999999992
11
187.7851039999999898
21
-66.2743030000000033
0
LINE
8
BLACK
6
CONTINUOUS
10
187.7851039999999898
20
-66.2743030000000033
11
187.5948479999999847
21
-65.8794809999999984
0
LINE
8
BLACK
6
CONTINUOUS
10
187.5948479999999847
20
-65.8794809999999984
11
187.400858999999997
21
-65.4997659999999939
0
LINE
8
BLACK
6
CONTINUOUS
10
187.400858999999997
20
-65.4997659999999939
11
187.2014700000000005
21
-65.1315110000000033
0
LINE
8
BLACK
6
CONTINUOUS
10
187.2014700000000005
20
-65.1315110000000033
11
187.0010309999999834
21
-64.7821819999999917
0
LINE
8
BLACK
6
CONTINUOUS
10
187.0010309999999834
20
-64.7821819999999917
11
186.796211999999997
21
-64.4454589999999996
0
LINE
8
BLACK
6
CONTINUOUS
10
186.796211999999997
20
-64.4454589999999996
11
186.5929639999999949
21
-64.1304579999999902
0
LINE
8
BLACK
6
CONTINUOUS
10
186.5929639999999949
20
-64.1304579999999902
11
186.3863230000000044
21
-63.8288569999999993
0
LINE
8
BLACK
6
CONTINUOUS
10
186.3863230000000044
20
-63.8288569999999993
11
186.1836710000000039
21
-63.5506799999999998
0
LINE
8
BLACK
6
CONTINUOUS
10
186.1836710000000039
20
-63.5506799999999998
11
185.9785469999999918
21
-63.2863489999999942
0
LINE
8
BLACK
6
CONTINUOUS
10
185.9785469999999918
20
-63.2863489999999942
11
185.7794779999999832
21
-63.0460449999999994
0
LINE
8
BLACK
6
CONTINUOUS
10
185.7794779999999832
20
-63.0460449999999994
11
185.578755000000001
21
-62.8196779999999961
0
LINE
8
BLACK
6
CONTINUOUS
10
185.578755000000001
20
-62.8196779999999961
11
185.38564199999999
21
-62.6168699999999987
0
LINE
8
BLACK
6
CONTINUOUS
10
185.38564199999999
20
-62.6168699999999987
11
185.1916190000000029
21
-62.4278529999999989
0
LINE
8
BLACK
6
CONTINUOUS
10
185.1916190000000029
20
-62.4278529999999989
11
185.0063130000000058
21
-62.2611639999999937
0
LINE
8
BLACK
6
CONTINUOUS
10
185.0063130000000058
20
-62.2611639999999937
11
184.8198309999999935
21
-62.1071349999999995
0
LINE
8
BLACK
6
CONTINUOUS
10
184.8198309999999935
20
-62.1071349999999995
11
184.8177599999999927
21
-62.1055039999999963
0
LINE
8
BLACK
6
CONTINUOUS
10
184.8177599999999927
20
-62.1055039999999963
11
184.6013399999999933
21
-61.9593179999999961
0
LINE
8
BLACK
6
CONTINUOUS
10
184.6013399999999933
20
-61.9593179999999961
11
184.3476809999999944
21
-61.833991999999995
0
LINE
8
BLACK
6
CONTINUOUS
10
184.3476809999999944
20
-61.833991999999995
11
184.0529219999999953
21
-61.7313139999999976
0
LINE
8
BLACK
6
CONTINUOUS
10
184.0529219999999953
20
-61.7313139999999976
11
183.7183049999999866
21
-61.655856
0
LINE
8
BLACK
6
CONTINUOUS
10
183.7183049999999866
20
-61.655856
11
183.3476009999999974
21
-61.6123049999999992
0
LINE
8
BLACK
6
CONTINUOUS
10
183.3476009999999974
20
-61.6123049999999992
11
182.9474079999999958
21
-61.6048240000000007
0
LINE
8
BLACK
6
CONTINUOUS
10
182.9474079999999958
20
-61.6048240000000007
11
182.525794999999988
21
-61.6364789999999942
0
LINE
8
BLACK
6
CONTINUOUS
10
182.525794999999988
20
-61.6364789999999942
11
182.3124190000000056
21
-61.667232999999996
0
LINE
8
BLACK
6
CONTINUOUS
10
182.3124190000000056
20
-61.667232999999996
11
182.0970089999999857
21
-61.7082610000000003
0
LINE
8
BLACK
6
CONTINUOUS
10
182.0970089999999857
20
-61.7082610000000003
11
181.8826889999999992
21
-61.7591279999999969
0
LINE
8
BLACK
6
CONTINUOUS
10
181.8826889999999992
20
-61.7591279999999969
11
181.6691050000000018
21
-61.8200649999999996
0
LINE
8
BLACK
6
CONTINUOUS
10
181.6691050000000018
20
-61.8200649999999996
11
181.4603569999999877
21
-61.8899179999999944
0
LINE
8
BLACK
6
CONTINUOUS
10
181.4603569999999877
20
-61.8899179999999944
11
181.2529349999999795
21
-61.9699569999999937
0
LINE
8
BLACK
6
CONTINUOUS
10
181.2529349999999795
20
-61.9699569999999937
11
181.2358820000000037
21
-61.9770369999999957
0
LINE
8
BLACK
6
CONTINUOUS
10
181.2358820000000037
20
-61.9770369999999957
11
180.8805499999999995
21
-62.1462719999999962
0
LINE
8
BLACK
6
CONTINUOUS
10
180.8805499999999995
20
-62.1462719999999962
11
180.4275149999999996
21
-62.4064440000000005
0
LINE
8
BLACK
6
CONTINUOUS
10
180.4275149999999996
20
-62.4064440000000005
11
179.8705929999999853
21
-62.7724039999999945
0
LINE
8
BLACK
6
CONTINUOUS
10
179.8705929999999853
20
-62.7724039999999945
11
179.2183909999999969
21
-63.2486899999999963
0
LINE
8
BLACK
6
CONTINUOUS
10
179.2183909999999969
20
-63.2486899999999963
11
178.4973619999999812
21
-63.8245079999999945
0
LINE
8
BLACK
6
CONTINUOUS
10
178.4973619999999812
20
-63.8245079999999945
11
177.7523779999999931
21
-64.4703679999999935
0
LINE
8
BLACK
6
CONTINUOUS
10
177.7523779999999931
20
-64.4703679999999935
11
177.3910789999999906
21
-64.8032559999999904
0
LINE
8
BLACK
6
CONTINUOUS
10
177.3910789999999906
20
-64.8032559999999904
11
177.0407399999999996
21
-65.1399139999999903
0
LINE
8
BLACK
6
CONTINUOUS
10
177.0407399999999996
20
-65.1399139999999903
11
176.7179659999999899
21
-65.4640059999999977
0
LINE
8
BLACK
6
CONTINUOUS
10
176.7179659999999899
20
-65.4640059999999977
11
176.4124079999999992
21
-65.7855950000000007
0
LINE
8
BLACK
6
CONTINUOUS
10
176.4124079999999992
20
-65.7855950000000007
11
176.1460549999999898
21
-66.0805670000000021
0
LINE
8
BLACK
6
CONTINUOUS
10
176.1460549999999898
20
-66.0805670000000021
11
175.9000159999999937
21
-66.3688449999999932
0
LINE
8
BLACK
6
CONTINUOUS
10
175.9000159999999937
20
-66.3688449999999932
11
175.7360999999999933
21
-66.5720429999999936
0
LINE
8
BLACK
6
CONTINUOUS
10
175.7360999999999933
20
-66.5720429999999936
11
174.5336199999999849
21
-68.1026090000000011
0
LINE
8
BLACK
6
CONTINUOUS
10
174.5336199999999849
20
-68.1026090000000011
11
174.52005699999998
21
-68.1167629999999917
0
LINE
8
BLACK
6
CONTINUOUS
10
174.52005699999998
20
-68.1167629999999917
11
174.5191140000000019
21
-68.1172930000000036
0
LINE
8
BLACK
6
CONTINUOUS
10
174.5191140000000019
20
-68.1172930000000036
11
174.5184289999999976
21
-68.1181279999999987
0
LINE
8
BLACK
6
CONTINUOUS
10
174.5184289999999976
20
-68.1181279999999987
11
174.502143999999987
21
-68.1268329999999906
0
LINE
8
BLACK
6
CONTINUOUS
10
174.502143999999987
20
-68.1268329999999906
11
174.4860459999999875
21
-68.1358839999999901
0
LINE
8
BLACK
6
CONTINUOUS
10
174.4860459999999875
20
-68.1358839999999901
11
174.4849729999999965
21
-68.1360119999999938
0
LINE
8
BLACK
6
CONTINUOUS
10
174.4849729999999965
20
-68.1360119999999938
11
174.4840189999999893
21
-68.1365229999999968
0
LINE
8
BLACK
6
CONTINUOUS
10
174.4840189999999893
20
-68.1365229999999968
11
174.4647919999999885
21
-68.140348000000003
0
LINE
8
BLACK
6
CONTINUOUS
10
174.4647919999999885
20
-68.140348000000003
11
172.6525120000000015
21
-68.3189229999999981
0
LINE
8
BLACK
6
CONTINUOUS
10
172.6525120000000015
20
-68.3189229999999981
11
172.6518899999999803
21
-68.3189229999999981
0
LINE
8
BLACK
6
CONTINUOUS
10
172.6518899999999803
20
-68.3189229999999981
11
172.651284000000004
21
-68.319035999999997
0
LINE
8
BLACK
6
CONTINUOUS
10
172.651284000000004
20
-68.319035999999997
11
171.9057059999999808
21
-68.3832259999999934
0
LINE
8
BLACK
6
CONTINUOUS
10
171.9057059999999808
20
-68.3832259999999934
11
171.9036389999999983
21
-68.3832000000000022
0
LINE
8
BLACK
6
CONTINUOUS
10
171.9036389999999983
20
-68.3832000000000022
11
171.9015929999999912
21
-68.3834949999999964
0
LINE
8
BLACK
6
CONTINUOUS
10
171.9015929999999912
20
-68.3834949999999964
11
171.5973529999999982
21
-68.3970929999999981
0
LINE
8
BLACK
6
CONTINUOUS
10
171.5973529999999982
20
-68.3970929999999981
11
171.5948239999999885
21
-68.3969570000000004
0
LINE
8
BLACK
6
CONTINUOUS
10
171.5948239999999885
20
-68.3969570000000004
11
171.5923019999999894
21
-68.3971909999999923
0
LINE
8
BLACK
6
CONTINUOUS
10
171.5923019999999894
20
-68.3971909999999923
11
171.3196590000000015
21
-68.395592999999991
0
LINE
8
BLACK
6
CONTINUOUS
10
171.3196590000000015
20
-68.395592999999991
11
171.3167049999999847
21
-68.3952840000000037
0
LINE
8
BLACK
6
CONTINUOUS
10
171.3167049999999847
20
-68.3952840000000037
11
171.3137319999999875
21
-68.3953829999999954
0
LINE
8
BLACK
6
CONTINUOUS
10
171.3137319999999875
20
-68.3953829999999954
11
171.1254329999999868
21
-68.3830919999999907
0
LINE
8
BLACK
6
CONTINUOUS
10
171.1254329999999868
20
-68.3830919999999907
11
171.1224789999999985
21
-68.3826049999999981
0
LINE
8
BLACK
6
CONTINUOUS
10
171.1224789999999985
20
-68.3826049999999981
11
171.1194859999999949
21
-68.3825250000000011
0
LINE
8
BLACK
6
CONTINUOUS
10
171.1194859999999949
20
-68.3825250000000011
11
170.9384499999999889
21
-68.3597889999999921
0
LINE
8
BLACK
6
CONTINUOUS
10
170.9384499999999889
20
-68.3597889999999921
11
170.9354329999999891
21
-68.3591040000000021
0
LINE
8
BLACK
6
CONTINUOUS
10
170.9354329999999891
20
-68.3591040000000021
11
170.9323599999999885
21
-68.3588319999999925
0
LINE
8
BLACK
6
CONTINUOUS
10
170.9323599999999885
20
-68.3588319999999925
11
170.7672939999999926
21
-68.3276690000000002
0
LINE
8
BLACK
6
CONTINUOUS
10
170.7672939999999926
20
-68.3276690000000002
11
170.7644630000000063
21
-68.32683999999999
0
LINE
8
BLACK
6
CONTINUOUS
10
170.7644630000000063
20
-68.32683999999999
11
170.761542999999989
21
-68.3264070000000032
0
LINE
8
BLACK
6
CONTINUOUS
10
170.761542999999989
20
-68.3264070000000032
11
170.5955429999999922
21
-68.2848170000000039
0
LINE
8
BLACK
6
CONTINUOUS
10
170.5955429999999922
20
-68.2848170000000039
11
170.5917639999999835
21
-68.2834639999999951
0
LINE
8
BLACK
6
CONTINUOUS
10
170.5917639999999835
20
-68.2834639999999951
11
170.5878559999999879
21
-68.2825600000000037
0
LINE
8
BLACK
6
CONTINUOUS
10
170.5878559999999879
20
-68.2825600000000037
11
170.2303009999999972
21
-68.1618339999999989
0
LINE
8
BLACK
6
CONTINUOUS
10
170.2303009999999972
20
-68.1618339999999989
11
170.2265610000000038
21
-68.1601469999999949
0
LINE
8
BLACK
6
CONTINUOUS
10
170.2265610000000038
20
-68.1601469999999949
11
170.2226540000000057
21
-68.1588979999999935
0
LINE
8
BLACK
6
CONTINUOUS
10
170.2226540000000057
20
-68.1588979999999935
11
169.7629059999999868
21
-67.9604119999999909
0
LINE
8
BLACK
6
CONTINUOUS
10
169.7629059999999868
20
-67.9604119999999909
11
169.7607639999999947
21
-67.9592250000000035
0
LINE
8
BLACK
6
CONTINUOUS
10
169.7607639999999947
20
-67.9592250000000035
11
169.7584750000000042
21
-67.9583689999999905
0
LINE
8
BLACK
6
CONTINUOUS
10
169.7584750000000042
20
-67.9583689999999905
11
168.9738089999999886
21
-67.5731679999999955
0
LINE
8
BLACK
6
CONTINUOUS
10
168.9738089999999886
20
-67.5731679999999955
11
168.9736719999999934
21
-67.5730829999999969
0
LINE
8
BLACK
6
CONTINUOUS
10
168.9736719999999934
20
-67.5730829999999969
11
168.9735309999999799
21
-67.5730300000000028
0
LINE
8
BLACK
6
CONTINUOUS
10
168.9735309999999799
20
-67.5730300000000028
11
168.3848079999999925
21
-67.2817479999999932
0
LINE
8
BLACK
6
CONTINUOUS
10
168.3848079999999925
20
-67.2817479999999932
11
167.8345809999999858
21
-67.0221619999999945
0
LINE
8
BLACK
6
CONTINUOUS
10
167.8345809999999858
20
-67.0221619999999945
11
167.3890509999999949
21
-66.8234489999999965
0
LINE
8
BLACK
6
CONTINUOUS
10
167.3890509999999949
20
-66.8234489999999965
11
166.9645089999999925
21
-66.6458569999999924
0
LINE
8
BLACK
6
CONTINUOUS
10
166.9645089999999925
20
-66.6458569999999924
11
166.5951629999999852
21
-66.5023709999999966
0
LINE
8
BLACK
6
CONTINUOUS
10
166.5951629999999852
20
-66.5023709999999966
11
166.2381199999999808
21
-66.3748289999999912
0
LINE
8
BLACK
6
CONTINUOUS
10
166.2381199999999808
20
-66.3748289999999912
11
165.9119309999999814
21
-66.2689709999999934
0
LINE
8
BLACK
6
CONTINUOUS
10
165.9119309999999814
20
-66.2689709999999934
11
165.5925829999999905
21
-66.1760220000000032
0
LINE
8
BLACK
6
CONTINUOUS
10
165.5925829999999905
20
-66.1760220000000032
11
165.2888449999999807
21
-66.0979820000000018
0
LINE
8
BLACK
6
CONTINUOUS
10
165.2888449999999807
20
-66.0979820000000018
11
164.9885139999999808
21
-66.0310819999999978
0
LINE
8
BLACK
6
CONTINUOUS
10
164.9885139999999808
20
-66.0310819999999978
11
164.3919919999999877
21
-65.9285040000000038
0
LINE
8
BLACK
6
CONTINUOUS
10
164.3919919999999877
20
-65.9285040000000038
11
163.775480999999985
21
-65.8625009999999946
0
LINE
8
BLACK
6
CONTINUOUS
10
163.775480999999985
20
-65.8625009999999946
11
163.1029220000000066
21
-65.8302499999999924
0
LINE
8
BLACK
6
CONTINUOUS
10
163.1029220000000066
20
-65.8302499999999924
11
162.7643549999999948
21
-65.826833999999991
0
LINE
8
BLACK
6
CONTINUOUS
10
162.7643549999999948
20
-65.826833999999991
11
162.2908919999999853
21
-65.8322529999999944
0
LINE
8
BLACK
6
CONTINUOUS
10
162.2908919999999853
20
-65.8322529999999944
11
161.8463649999999916
21
-65.8479799999999926
0
LINE
8
BLACK
6
CONTINUOUS
10
161.8463649999999916
20
-65.8479799999999926
11
161.4659019999999998
21
-65.8715499999999992
0
LINE
8
BLACK
6
CONTINUOUS
10
161.4659019999999998
20
-65.8715499999999992
11
161.1070629999999824
21
-65.9042269999999917
0
LINE
8
BLACK
6
CONTINUOUS
10
161.1070629999999824
20
-65.9042269999999917
11
160.7924959999999999
21
-65.9429200000000009
0
LINE
8
BLACK
6
CONTINUOUS
10
160.7924959999999999
20
-65.9429200000000009
11
160.4946199999999976
21
-65.9898979999999966
0
LINE
8
BLACK
6
CONTINUOUS
10
160.4946199999999976
20
-65.9898979999999966
11
160.2283469999999852
21
-66.0419399999999968
0
LINE
8
BLACK
6
CONTINUOUS
10
160.2283469999999852
20
-66.0419399999999968
11
159.9752929999999935
21
-66.1017049999999955
0
LINE
8
BLACK
6
CONTINUOUS
10
159.9752929999999935
20
-66.1017049999999955
11
159.7450149999999951
21
-66.1662180000000006
0
LINE
8
BLACK
6
CONTINUOUS
10
159.7450149999999951
20
-66.1662180000000006
11
159.5253879999999924
21
-66.238112000000001
0
LINE
8
BLACK
6
CONTINUOUS
10
159.5253879999999924
20
-66.238112000000001
11
159.3219339999999988
21
-66.315021999999999
0
LINE
8
BLACK
6
CONTINUOUS
10
159.3219339999999988
20
-66.315021999999999
11
159.1271889999999871
21
-66.399171999999993
0
LINE
8
BLACK
6
CONTINUOUS
10
159.1271889999999871
20
-66.399171999999993
11
158.9433719999999823
21
-66.489223999999993
0
LINE
8
BLACK
6
CONTINUOUS
10
158.9433719999999823
20
-66.489223999999993
11
158.7677799999999877
21
-66.5860210000000023
0
LINE
8
BLACK
6
CONTINUOUS
10
158.7677799999999877
20
-66.5860210000000023
11
158.4319950000000006
21
-66.804388000000003
0
LINE
8
BLACK
6
CONTINUOUS
10
158.4319950000000006
20
-66.804388000000003
11
158.1756879999999796
21
-67.0043639999999954
0
LINE
8
BLACK
6
CONTINUOUS
10
158.1756879999999796
20
-67.0043639999999954
11
157.9419910000000016
21
-67.1944319999999919
0
LINE
8
BLACK
6
CONTINUOUS
10
157.9419910000000016
20
-67.1944319999999919
11
157.9402429999999811
21
-67.1955880000000008
0
LINE
8
BLACK
6
CONTINUOUS
10
157.9402429999999811
20
-67.1955880000000008
11
157.9386949999999956
21
-67.1970000000000027
0
LINE
8
BLACK
6
CONTINUOUS
10
157.9386949999999956
20
-67.1970000000000027
11
157.7283939999999802
21
-67.3539099999999991
0
LINE
8
BLACK
6
CONTINUOUS
10
157.7283939999999802
20
-67.3539099999999991
11
157.7261349999999993
21
-67.3552719999999994
0
LINE
8
BLACK
6
CONTINUOUS
10
157.7261349999999993
20
-67.3552719999999994
11
157.724096000000003
21
-67.3569439999999986
0
LINE
8
BLACK
6
CONTINUOUS
10
157.724096000000003
20
-67.3569439999999986
11
157.5645820000000015
21
-67.4633790000000033
0
LINE
8
BLACK
6
CONTINUOUS
10
157.5645820000000015
20
-67.4633790000000033
11
157.5616579999999942
21
-67.4649390000000011
0
LINE
8
BLACK
6
CONTINUOUS
10
157.5616579999999942
20
-67.4649390000000011
11
157.5589589999999873
21
-67.466867999999991
0
LINE
8
BLACK
6
CONTINUOUS
10
157.5589589999999873
20
-67.466867999999991
11
157.4162969999999859
21
-67.5489699999999971
0
LINE
8
BLACK
6
CONTINUOUS
10
157.4162969999999859
20
-67.5489699999999971
11
157.4124449999999911
21
-67.5507080000000002
0
LINE
8
BLACK
6
CONTINUOUS
10
157.4124449999999911
20
-67.5507080000000002
11
157.4088169999999991
21
-67.5528639999999996
0
LINE
8
BLACK
6
CONTINUOUS
10
157.4088169999999991
20
-67.5528639999999996
11
157.301006000000001
21
-67.6033369999999962
0
LINE
8
BLACK
6
CONTINUOUS
10
157.301006000000001
20
-67.6033369999999962
11
157.2959539999999947
21
-67.6051219999999944
0
LINE
8
BLACK
6
CONTINUOUS
10
157.2959539999999947
20
-67.6051219999999944
11
157.2910779999999988
21
-67.6073519999999917
0
LINE
8
BLACK
6
CONTINUOUS
10
157.2910779999999988
20
-67.6073519999999917
11
157.1950479999999857
21
-67.6403210000000001
0
LINE
8
BLACK
6
CONTINUOUS
10
157.1950479999999857
20
-67.6403210000000001
11
157.1884129999999971
21
-67.6418919999999986
0
LINE
8
BLACK
6
CONTINUOUS
10
157.1884129999999971
20
-67.6418919999999986
11
157.1818820000000017
21
-67.643858999999992
0
LINE
8
BLACK
6
CONTINUOUS
10
157.1818820000000017
20
-67.643858999999992
11
157.109581999999989
21
-67.6580849999999998
0
LINE
8
BLACK
6
CONTINUOUS
10
157.109581999999989
20
-67.6580849999999998
11
157.101161999999988
21
-67.6588959999999986
0
LINE
8
BLACK
6
CONTINUOUS
10
157.101161999999988
20
-67.6588959999999986
11
157.0927920000000029
21
-67.6599339999999927
0
LINE
8
BLACK
6
CONTINUOUS
10
157.0927920000000029
20
-67.6599339999999927
11
157.0287789999999859
21
-67.6615450000000038
0
LINE
8
BLACK
6
CONTINUOUS
10
157.0287789999999859
20
-67.6615450000000038
11
157.0282550000000015
21
-67.6615060000000028
0
LINE
8
BLACK
6
CONTINUOUS
10
157.0282550000000015
20
-67.6615060000000028
11
157.0280009999999891
21
-67.6615620000000035
0
LINE
8
BLACK
6
CONTINUOUS
10
157.0280009999999891
20
-67.6615620000000035
11
157.018620999999996
21
-67.6608020000000039
0
LINE
8
BLACK
6
CONTINUOUS
10
157.018620999999996
20
-67.6608020000000039
11
157.0092279999999789
21
-67.6601160000000021
0
LINE
8
BLACK
6
CONTINUOUS
10
157.0092279999999789
20
-67.6601160000000021
11
157.0089839999999981
21
-67.6600219999999979
0
LINE
8
BLACK
6
CONTINUOUS
10
157.0089839999999981
20
-67.6600219999999979
11
157.0084619999999802
21
-67.6599799999999902
0
LINE
8
BLACK
6
CONTINUOUS
10
157.0084619999999802
20
-67.6599799999999902
11
156.959479999999985
21
-67.6511189999999942
0
LINE
8
BLACK
6
CONTINUOUS
10
156.959479999999985
20
-67.6511189999999942
11
156.9574470000000019
21
-67.6505399999999923
0
LINE
8
BLACK
6
CONTINUOUS
10
156.9574470000000019
20
-67.6505399999999923
11
156.9564729999999884
21
-67.6505279999999942
0
LINE
8
BLACK
6
CONTINUOUS
10
156.9564729999999884
20
-67.6505279999999942
11
156.9485929999999883
21
-67.6480219999999974
0
LINE
8
BLACK
6
CONTINUOUS
10
156.9485929999999883
20
-67.6480219999999974
11
156.9406239999999855
21
-67.6457559999999916
0
LINE
8
BLACK
6
CONTINUOUS
10
156.9406239999999855
20
-67.6457559999999916
11
156.939801999999986
21
-67.6452269999999913
0
LINE
8
BLACK
6
CONTINUOUS
10
156.939801999999986
20
-67.6452269999999913
11
156.9377910000000043
21
-67.6445879999999988
0
LINE
8
BLACK
6
CONTINUOUS
10
156.9377910000000043
20
-67.6445879999999988
11
156.8949509999999918
21
-67.6261739999999918
0
LINE
8
BLACK
6
CONTINUOUS
10
156.8949509999999918
20
-67.6261739999999918
11
156.8834819999999866
21
-67.6198469999999929
0
LINE
8
BLACK
6
CONTINUOUS
10
156.8834819999999866
20
-67.6198469999999929
11
156.8813099999999849
21
-67.6190199999999919
0
LINE
8
BLACK
6
CONTINUOUS
10
156.8813099999999849
20
-67.6190199999999919
11
156.8796349999999791
21
-67.6177239999999955
0
LINE
8
BLACK
6
CONTINUOUS
10
156.8796349999999791
20
-67.6177239999999955
11
156.8777869999999837
21
-67.6167049999999961
0
LINE
8
BLACK
6
CONTINUOUS
10
156.8777869999999837
20
-67.6167049999999961
11
156.8761680000000069
21
-67.615043
0
LINE
8
BLACK
6
CONTINUOUS
10
156.8761680000000069
20
-67.615043
11
156.8658039999999971
21
-67.6070259999999905
0
LINE
8
BLACK
6
CONTINUOUS
10
156.8658039999999971
20
-67.6070259999999905
11
156.8017199999999889
21
-67.5465429999999998
0
LINE
8
BLACK
6
CONTINUOUS
10
156.8017199999999889
20
-67.5465429999999998
11
156.788850999999994
21
-67.5317560000000014
0
LINE
8
BLACK
6
CONTINUOUS
10
156.788850999999994
20
-67.5317560000000014
11
156.7888219999999819
21
-67.5316919999999925
0
LINE
8
BLACK
6
CONTINUOUS
10
156.7888219999999819
20
-67.5316919999999925
11
156.788770999999997
21
-67.531644
0
LINE
8
BLACK
6
CONTINUOUS
10
156.788770999999997
20
-67.531644
11
156.779057999999992
21
-67.5146160000000037
0
LINE
8
BLACK
6
CONTINUOUS
10
156.779057999999992
20
-67.5146160000000037
11
156.7346469999999954
21
-67.4152270000000016
0
LINE
8
BLACK
6
CONTINUOUS
10
156.7346469999999954
20
-67.4152270000000016
11
156.7328509999999824
21
-67.4098460000000017
0
LINE
8
BLACK
6
CONTINUOUS
10
156.7328509999999824
20
-67.4098460000000017
11
156.7317500000000052
21
-67.4080039999999912
0
LINE
8
BLACK
6
CONTINUOUS
10
156.7317500000000052
20
-67.4080039999999912
11
156.7303159999999878
21
-67.4022519999999901
0
LINE
8
BLACK
6
CONTINUOUS
10
156.7303159999999878
20
-67.4022519999999901
11
156.7284410000000037
21
-67.3966319999999968
0
LINE
8
BLACK
6
CONTINUOUS
10
156.7284410000000037
20
-67.3966319999999968
11
156.7283819999999821
21
-67.3944879999999955
0
LINE
8
BLACK
6
CONTINUOUS
10
156.7283819999999821
20
-67.3944879999999955
11
156.727010000000007
21
-67.3889819999999986
0
LINE
8
BLACK
6
CONTINUOUS
10
156.727010000000007
20
-67.3889819999999986
11
156.7041349999999795
21
-67.2334620000000029
0
LINE
8
BLACK
6
CONTINUOUS
10
156.7041349999999795
20
-67.2334620000000029
11
156.7037019999999927
21
-67.2244269999999915
0
LINE
8
BLACK
6
CONTINUOUS
10
156.7037019999999927
20
-67.2244269999999915
11
156.7031309999999849
21
-67.2154589999999956
0
LINE
8
BLACK
6
CONTINUOUS
10
156.7031309999999849
20
-67.2154589999999956
11
156.7113129999999899
21
-66.9785430000000019
0
LINE
8
BLACK
6
CONTINUOUS
10
156.7113129999999899
20
-66.9785430000000019
11
156.7120259999999803
21
-66.9731989999999939
0
LINE
8
BLACK
6
CONTINUOUS
10
156.7120259999999803
20
-66.9731989999999939
11
156.7122650000000021
21
-66.9678030000000035
0
LINE
8
BLACK
6
CONTINUOUS
10
156.7122650000000021
20
-66.9678030000000035
11
156.7501780000000053
21
-66.7033500000000004
0
LINE
8
BLACK
6
CONTINUOUS
10
156.7501780000000053
20
-66.7033500000000004
11
156.7504959999999983
21
-66.7020490000000024
0
LINE
8
BLACK
6
CONTINUOUS
10
156.7504959999999983
20
-66.7020490000000024
11
156.7505919999999833
21
-66.7007119999999958
0
LINE
8
BLACK
6
CONTINUOUS
10
156.7505919999999833
20
-66.7007119999999958
11
156.8428679999999815
21
-66.1602069999999998
0
LINE
8
BLACK
6
CONTINUOUS
10
156.8428679999999815
20
-66.1602069999999998
11
156.9223069999999893
21
-65.6334659999999985
0
LINE
8
BLACK
6
CONTINUOUS
10
156.9223069999999893
20
-65.6334659999999985
11
156.9860860000000002
21
-65.1430110000000013
0
LINE
8
BLACK
6
CONTINUOUS
10
156.9860860000000002
20
-65.1430110000000013
11
157.0381889999999885
21
-64.6628400000000028
0
LINE
8
BLACK
6
CONTINUOUS
10
157.0381889999999885
20
-64.6628400000000028
11
157.0772079999999846
21
-64.2101820000000032
0
LINE
8
BLACK
6
CONTINUOUS
10
157.0772079999999846
20
-64.2101820000000032
11
157.1052999999999997
21
-63.7657359999999969
0
LINE
8
BLACK
6
CONTINUOUS
10
157.1052999999999997
20
-63.7657359999999969
11
157.1220349999999826
21
-63.3422669999999997
0
LINE
8
BLACK
6
CONTINUOUS
10
157.1220349999999826
20
-63.3422669999999997
11
157.1283880000000011
21
-62.925303999999997
0
LINE
8
BLACK
6
CONTINUOUS
10
157.1283880000000011
20
-62.925303999999997
11
157.124512999999979
21
-62.5239959999999968
0
LINE
8
BLACK
6
CONTINUOUS
10
157.124512999999979
20
-62.5239959999999968
11
157.1106240000000014
21
-62.1277079999999984
0
LINE
8
BLACK
6
CONTINUOUS
10
157.1106240000000014
20
-62.1277079999999984
11
157.0871559999999931
21
-61.7426269999999988
0
LINE
8
BLACK
6
CONTINUOUS
10
157.0871559999999931
20
-61.7426269999999988
11
157.053890999999993
21
-61.3613669999999942
0
LINE
8
BLACK
6
CONTINUOUS
10
157.053890999999993
20
-61.3613669999999942
11
157.0112719999999911
21
-60.9873559999999983
0
LINE
8
BLACK
6
CONTINUOUS
10
157.0112719999999911
20
-60.9873559999999983
11
156.959036999999995
21
-60.616776999999999
0
LINE
8
BLACK
6
CONTINUOUS
10
156.959036999999995
20
-60.616776999999999
11
156.8254399999999862
21
-59.8825439999999958
0
LINE
8
BLACK
6
CONTINUOUS
10
156.8254399999999862
20
-59.8825439999999958
11
156.652087999999992
21
-59.1517519999999948
0
LINE
8
BLACK
6
CONTINUOUS
10
156.652087999999992
20
-59.1517519999999948
11
156.4364049999999793
21
-58.4148009999999971
0
LINE
8
BLACK
6
CONTINUOUS
10
156.4364049999999793
20
-58.4148009999999971
11
156.1746969999999806
21
-57.6623090000000005
0
LINE
8
BLACK
6
CONTINUOUS
10
156.1746969999999806
20
-57.6623090000000005
11
155.8618319999999926
21
-56.884014999999998
0
LINE
8
BLACK
6
CONTINUOUS
10
155.8618319999999926
20
-56.884014999999998
11
155.4934659999999838
21
-56.0734670000000008
0
LINE
8
BLACK
6
CONTINUOUS
10
155.4934659999999838
20
-56.0734670000000008
11
155.2540989999999965
21
-55.5861519999999985
0
LINE
8
BLACK
6
CONTINUOUS
10
155.2540989999999965
20
-55.5861519999999985
11
155.0163249999999948
21
-55.1262299999999996
0
LINE
8
BLACK
6
CONTINUOUS
10
155.0163249999999948
20
-55.1262299999999996
11
154.7987679999999955
21
-54.7275279999999995
0
LINE
8
BLACK
6
CONTINUOUS
10
154.7987679999999955
20
-54.7275279999999995
11
154.5807889999999816
21
-54.3498279999999951
0
LINE
8
BLACK
6
CONTINUOUS
10
154.5807889999999816
20
-54.3498279999999951
11
154.3752259999999978
21
-54.0137879999999981
0
LINE
8
BLACK
6
CONTINUOUS
10
154.3752259999999978
20
-54.0137879999999981
11
154.1676809999999875
21
-53.694189999999999
0
LINE
8
BLACK
6
CONTINUOUS
10
154.1676809999999875
20
-53.694189999999999
11
153.9671969999999988
21
-53.4038399999999953
0
LINE
8
BLACK
6
CONTINUOUS
10
153.9671969999999988
20
-53.4038399999999953
11
153.7635649999999998
21
-53.1267719999999954
0
LINE
8
BLACK
6
CONTINUOUS
10
153.7635649999999998
20
-53.1267719999999954
11
153.5627250000000004
21
-52.8703179999999975
0
LINE
8
BLACK
6
CONTINUOUS
10
153.5627250000000004
20
-52.8703179999999975
11
153.357689999999991
21
-52.6247649999999965
0
LINE
8
BLACK
6
CONTINUOUS
10
153.357689999999991
20
-52.6247649999999965
11
153.1516120000000001
21
-52.3934359999999941
0
LINE
8
BLACK
6
CONTINUOUS
10
153.1516120000000001
20
-52.3934359999999941
11
152.9408349999999928
21
-52.1717099999999974
0
LINE
8
BLACK
6
CONTINUOUS
10
152.9408349999999928
20
-52.1717099999999974
11
152.5013179999999977
21
-51.7523330000000001
0
LINE
8
BLACK
6
CONTINUOUS
10
152.5013179999999977
20
-51.7523330000000001
11
152.0296299999999974
21
-51.3568189999999944
0
LINE
8
BLACK
6
CONTINUOUS
10
152.0296299999999974
20
-51.3568189999999944
11
151.511178000000001
21
-50.9737200000000001
0
LINE
8
BLACK
6
CONTINUOUS
10
151.511178000000001
20
-50.9737200000000001
11
151.1294539999999813
21
-50.7189259999999962
0
LINE
8
BLACK
6
CONTINUOUS
10
151.1294539999999813
20
-50.7189259999999962
11
150.8523229999999842
21
-50.5469739999999987
0
LINE
8
BLACK
6
CONTINUOUS
10
150.8523229999999842
20
-50.5469739999999987
11
150.5707270000000051
21
-50.3838829999999973
0
LINE
8
BLACK
6
CONTINUOUS
10
150.5707270000000051
20
-50.3838829999999973
11
149.9903170000000046
21
-50.0821159999999992
0
LINE
8
BLACK
6
CONTINUOUS
10
149.9903170000000046
20
-50.0821159999999992
11
149.3893290000000036
21
-49.8143649999999951
0
LINE
8
BLACK
6
CONTINUOUS
10
149.3893290000000036
20
-49.8143649999999951
11
148.7659669999999892
21
-49.5801289999999995
0
LINE
8
BLACK
6
CONTINUOUS
10
148.7659669999999892
20
-49.5801289999999995
11
148.118914999999987
21
-49.3794709999999952
0
LINE
8
BLACK
6
CONTINUOUS
10
148.118914999999987
20
-49.3794709999999952
11
147.4468339999999955
21
-49.212734999999995
0
LINE
8
BLACK
6
CONTINUOUS
10
147.4468339999999955
20
-49.212734999999995
11
146.7483090000000061
21
-49.0805069999999972
0
LINE
8
BLACK
6
CONTINUOUS
10
146.7483090000000061
20
-49.0805069999999972
11
146.0218079999999929
21
-48.9835980000000006
0
LINE
8
BLACK
6
CONTINUOUS
10
146.0218079999999929
20
-48.9835980000000006
11
145.2657839999999965
21
-48.923057
0
LINE
8
BLACK
6
CONTINUOUS
10
145.2657839999999965
20
-48.923057
11
144.4786320000000046
21
-48.9001479999999944
0
LINE
8
BLACK
6
CONTINUOUS
10
144.4786320000000046
20
-48.9001479999999944
11
143.6587279999999964
21
-48.9163369999999986
0
LINE
8
BLACK
6
CONTINUOUS
10
143.6587279999999964
20
-48.9163369999999986
11
142.8044309999999939
21
-48.9732899999999987
0
LINE
8
BLACK
6
CONTINUOUS
10
142.8044309999999939
20
-48.9732899999999987
11
141.9140789999999868
21
-49.0728439999999964
0
LINE
8
BLACK
6
CONTINUOUS
10
141.9140789999999868
20
-49.0728439999999964
11
140.9860170000000039
21
-49.2170059999999978
0
LINE
8
BLACK
6
CONTINUOUS
10
140.9860170000000039
20
-49.2170059999999978
11
140.0185549999999921
21
-49.407941000000001
0
LINE
8
BLACK
6
CONTINUOUS
10
140.0185549999999921
20
-49.407941000000001
11
139.0100750000000005
21
-49.6479420000000005
0
LINE
8
BLACK
6
CONTINUOUS
10
139.0100750000000005
20
-49.6479420000000005
11
137.958832000000001
21
-49.9394659999999959
0
LINE
8
BLACK
6
CONTINUOUS
10
137.958832000000001
20
-49.9394659999999959
11
136.9896779999999978
21
-50.2430689999999984
0
LINE
8
BLACK
6
CONTINUOUS
10
136.9896779999999978
20
-50.2430689999999984
11
136.9891230000000064
21
-50.2431839999999994
0
LINE
8
BLACK
6
CONTINUOUS
10
136.9891230000000064
20
-50.2431839999999994
11
136.988599999999991
21
-50.2434000000000012
0
LINE
8
BLACK
6
CONTINUOUS
10
136.988599999999991
20
-50.2434000000000012
11
136.3066450000000032
21
-50.4486190000000008
0
LINE
8
BLACK
6
CONTINUOUS
10
136.3066450000000032
20
-50.4486190000000008
11
136.3045290000000023
21
-50.4490339999999975
0
LINE
8
BLACK
6
CONTINUOUS
10
136.3045290000000023
20
-50.4490339999999975
11
136.3024969999999882
21
-50.4497709999999984
0
LINE
8
BLACK
6
CONTINUOUS
10
136.3024969999999882
20
-50.4497709999999984
11
135.9888839999999846
21
-50.529601999999997
0
LINE
8
BLACK
6
CONTINUOUS
10
135.9888839999999846
20
-50.529601999999997
11
135.9871379999999874
21
-50.5298669999999959
0
LINE
8
BLACK
6
CONTINUOUS
10
135.9871379999999874
20
-50.5298669999999959
11
135.9854619999999841
21
-50.5304089999999988
0
LINE
8
BLACK
6
CONTINUOUS
10
135.9854619999999841
20
-50.5304089999999988
11
135.7071990000000028
21
-50.5909130000000005
0
LINE
8
BLACK
6
CONTINUOUS
10
135.7071990000000028
20
-50.5909130000000005
11
135.7049710000000005
21
-50.5911720000000003
0
LINE
8
BLACK
6
CONTINUOUS
10
135.7049710000000005
20
-50.5911720000000003
11
135.7028180000000077
21
-50.5917630000000003
0
LINE
8
BLACK
6
CONTINUOUS
10
135.7028180000000077
20
-50.5917630000000003
11
135.4893380000000036
21
-50.6282919999999947
0
LINE
8
BLACK
6
CONTINUOUS
10
135.4893380000000036
20
-50.6282919999999947
11
135.4861139999999864
21
-50.6285219999999967
0
LINE
8
BLACK
6
CONTINUOUS
10
135.4861139999999864
20
-50.6285219999999967
11
135.4829389999999876
21
-50.6291760000000011
0
LINE
8
BLACK
6
CONTINUOUS
10
135.4829389999999876
20
-50.6291760000000011
11
135.3120270000000005
21
-50.6471650000000011
0
LINE
8
BLACK
6
CONTINUOUS
10
135.3120270000000005
20
-50.6471650000000011
11
135.3069930000000056
21
-50.6471979999999959
0
LINE
8
BLACK
6
CONTINUOUS
10
135.3069930000000056
20
-50.6471979999999959
11
135.3019909999999868
21
-50.647712999999996
0
LINE
8
BLACK
6
CONTINUOUS
10
135.3019909999999868
20
-50.647712999999996
11
135.2040230000000065
21
-50.6481349999999964
0
LINE
8
BLACK
6
CONTINUOUS
10
135.2040230000000065
20
-50.6481349999999964
11
135.1950420000000008
21
-50.6472890000000007
0
LINE
8
BLACK
6
CONTINUOUS
10
135.1950420000000008
20
-50.6472890000000007
11
135.18606699999998
21
-50.6465879999999942
0
LINE
8
BLACK
6
CONTINUOUS
10
135.18606699999998
20
-50.6465879999999942
11
135.1197699999999884
21
-50.6347869999999958
0
LINE
8
BLACK
6
CONTINUOUS
10
135.1197699999999884
20
-50.6347869999999958
11
135.1068390000000079
21
-50.631147999999996
0
LINE
8
BLACK
6
CONTINUOUS
10
135.1068390000000079
20
-50.631147999999996
11
135.1046049999999923
21
-50.6308409999999967
0
LINE
8
BLACK
6
CONTINUOUS
10
135.1046049999999923
20
-50.6308409999999967
11
135.1028059999999869
21
-50.6300129999999982
0
LINE
8
BLACK
6
CONTINUOUS
10
135.1028059999999869
20
-50.6300129999999982
11
135.1008999999999958
21
-50.6294769999999943
0
LINE
8
BLACK
6
CONTINUOUS
10
135.1008999999999958
20
-50.6294769999999943
11
135.0989989999999921
21
-50.6282609999999949
0
LINE
8
BLACK
6
CONTINUOUS
10
135.0989989999999921
20
-50.6282609999999949
11
135.0867959999999925
21
-50.6226470000000006
0
LINE
8
BLACK
6
CONTINUOUS
10
135.0867959999999925
20
-50.6226470000000006
11
135.0621699999999805
21
-50.6082389999999975
0
LINE
8
BLACK
6
CONTINUOUS
10
135.0621699999999805
20
-50.6082389999999975
11
135.0617799999999988
21
-50.6079559999999944
0
LINE
8
BLACK
6
CONTINUOUS
10
135.0617799999999988
20
-50.6079559999999944
11
135.0615559999999959
21
-50.6078769999999949
0
LINE
8
BLACK
6
CONTINUOUS
10
135.0615559999999959
20
-50.6078769999999949
11
135.0610790000000065
21
-50.6074470000000005
0
LINE
8
BLACK
6
CONTINUOUS
10
135.0610790000000065
20
-50.6074470000000005
11
135.0463009999999997
21
-50.5967300000000009
0
LINE
8
BLACK
6
CONTINUOUS
10
135.0463009999999997
20
-50.5967300000000009
11
135.0401369999999872
21
-50.5885999999999996
0
LINE
8
BLACK
6
CONTINUOUS
10
135.0401369999999872
20
-50.5885999999999996
11
135.0325540000000046
21
-50.5817750000000004
0
LINE
8
BLACK
6
CONTINUOUS
10
135.0325540000000046
20
-50.5817750000000004
11
135.02311499999999
21
-50.5661470000000008
0
LINE
8
BLACK
6
CONTINUOUS
10
135.02311499999999
20
-50.5661470000000008
11
135.0227280000000007
21
-50.5656369999999953
0
LINE
8
BLACK
6
CONTINUOUS
10
135.0227280000000007
20
-50.5656369999999953
11
135.0226669999999842
21
-50.5654059999999959
0
LINE
8
BLACK
6
CONTINUOUS
10
135.0226669999999842
20
-50.5654059999999959
11
135.0224189999999851
21
-50.5649949999999961
0
LINE
8
BLACK
6
CONTINUOUS
10
135.0224189999999851
20
-50.5649949999999961
11
134.9974339999999984
21
-50.5126379999999955
0
LINE
8
BLACK
6
CONTINUOUS
10
134.9974339999999984
20
-50.5126379999999955
11
134.9907649999999819
21
-50.4942039999999963
0
LINE
8
BLACK
6
CONTINUOUS
10
134.9907649999999819
20
-50.4942039999999963
11
134.9906599999999912
21
-50.4922219999999982
0
LINE
8
BLACK
6
CONTINUOUS
10
134.9906599999999912
20
-50.4922219999999982
11
134.9898780000000045
21
-50.4904030000000006
0
LINE
8
BLACK
6
CONTINUOUS
10
134.9898780000000045
20
-50.4904030000000006
11
134.9876930000000073
21
-50.4709219999999945
0
LINE
8
BLACK
6
CONTINUOUS
10
134.9876930000000073
20
-50.4709219999999945
11
134.9863029999999924
21
-50.368116999999998
0
LINE
8
BLACK
6
CONTINUOUS
10
134.9863029999999924
20
-50.368116999999998
11
134.9865089999999839
21
-50.365676999999998
0
LINE
8
BLACK
6
CONTINUOUS
10
134.9865089999999839
20
-50.365676999999998
11
134.9863169999999855
21
-50.3645829999999961
0
LINE
8
BLACK
6
CONTINUOUS
10
134.9863169999999855
20
-50.3645829999999961
11
134.9872790000000009
21
-50.3566009999999977
0
LINE
8
BLACK
6
CONTINUOUS
10
134.9872790000000009
20
-50.3566009999999977
11
134.9879599999999868
21
-50.3485839999999953
0
LINE
8
BLACK
6
CONTINUOUS
10
134.9879599999999868
20
-50.3485839999999953
11
134.9883710000000008
21
-50.3475499999999982
0
LINE
8
BLACK
6
CONTINUOUS
10
134.9883710000000008
20
-50.3475499999999982
11
134.9886649999999975
21
-50.3451199999999943
0
LINE
8
BLACK
6
CONTINUOUS
10
134.9886649999999975
20
-50.3451199999999943
11
135.0285130000000038
21
-50.165379999999999
0
LINE
8
BLACK
6
CONTINUOUS
10
135.0285130000000038
20
-50.165379999999999
11
135.0307640000000049
21
-50.1585019999999986
0
LINE
8
BLACK
6
CONTINUOUS
10
135.0307640000000049
20
-50.1585019999999986
11
135.0326550000000054
21
-50.151527999999999
0
LINE
8
BLACK
6
CONTINUOUS
10
135.0326550000000054
20
-50.151527999999999
11
135.1353059999999857
21
-49.8811679999999953
0
LINE
8
BLACK
6
CONTINUOUS
10
135.1353059999999857
20
-49.8811679999999953
11
135.137157000000002
21
-49.8774409999999975
0
LINE
8
BLACK
6
CONTINUOUS
10
135.137157000000002
20
-49.8774409999999975
11
135.138576999999998
21
-49.8735259999999982
0
LINE
8
BLACK
6
CONTINUOUS
10
135.138576999999998
20
-49.8735259999999982
11
135.2177959999999928
21
-49.707850999999998
0
LINE
8
BLACK
6
CONTINUOUS
10
135.2177959999999928
20
-49.707850999999998
11
135.2191349999999943
21
-49.7056359999999984
0
LINE
8
BLACK
6
CONTINUOUS
10
135.2191349999999943
20
-49.7056359999999984
11
135.2201440000000048
21
-49.7032489999999996
0
LINE
8
BLACK
6
CONTINUOUS
10
135.2201440000000048
20
-49.7032489999999996
11
135.3137179999999944
21
-49.5310190000000006
0
LINE
8
BLACK
6
CONTINUOUS
10
135.3137179999999944
20
-49.5310190000000006
11
135.3147299999999973
21
-49.5295259999999971
0
LINE
8
BLACK
6
CONTINUOUS
10
135.3147299999999973
20
-49.5295259999999971
11
135.3154909999999802
21
-49.5278909999999968
0
LINE
8
BLACK
6
CONTINUOUS
10
135.3154909999999802
20
-49.5278909999999968
11
135.3605199999999797
21
-49.4516759999999991
0
LINE
8
BLACK
6
CONTINUOUS
10
135.3605199999999797
20
-49.4516759999999991
11
135.3606409999999869
21
-49.4515089999999944
0
LINE
8
BLACK
6
CONTINUOUS
10
135.3606409999999869
20
-49.4515089999999944
11
135.360730999999987
21
-49.4513199999999955
0
LINE
8
BLACK
6
CONTINUOUS
10
135.360730999999987
20
-49.4513199999999955
11
135.7443899999999815
21
-48.8080399999999983
0
LINE
8
BLACK
6
CONTINUOUS
10
135.7443899999999815
20
-48.8080399999999983
11
136.0862879999999961
21
-48.2129599999999954
0
LINE
8
BLACK
6
CONTINUOUS
10
136.0862879999999961
20
-48.2129599999999954
11
136.3490679999999884
21
-47.7349249999999969
0
LINE
8
BLACK
6
CONTINUOUS
10
136.3490679999999884
20
-47.7349249999999969
11
136.5833690000000047
21
-47.2864359999999948
0
LINE
8
BLACK
6
CONTINUOUS
10
136.5833690000000047
20
-47.2864359999999948
11
136.7706249999999955
21
-46.9061529999999962
0
LINE
8
BLACK
6
CONTINUOUS
10
136.7706249999999955
20
-46.9061529999999962
11
136.9365180000000066
21
-46.5456029999999998
0
LINE
8
BLACK
6
CONTINUOUS
10
136.9365180000000066
20
-46.5456029999999998
11
137.0715119999999843
21
-46.228273999999999
0
LINE
8
BLACK
6
CONTINUOUS
10
137.0715119999999843
20
-46.228273999999999
11
137.1895580000000052
21
-45.9246300000000005
0
LINE
8
BLACK
6
CONTINUOUS
10
137.1895580000000052
20
-45.9246300000000005
11
137.2860900000000015
21
-45.6489649999999969
0
LINE
8
BLACK
6
CONTINUOUS
10
137.2860900000000015
20
-45.6489649999999969
11
137.368678999999986
21
-45.3826739999999944
0
LINE
8
BLACK
6
CONTINUOUS
10
137.368678999999986
20
-45.3826739999999944
11
137.4355579999999861
21
-45.1338280000000012
0
LINE
8
BLACK
6
CONTINUOUS
10
137.4355579999999861
20
-45.1338280000000012
11
137.4905310000000043
21
-44.8911859999999976
0
LINE
8
BLACK
6
CONTINUOUS
10
137.4905310000000043
20
-44.8911859999999976
11
137.5334450000000004
21
-44.6575360000000003
0
LINE
8
BLACK
6
CONTINUOUS
10
137.5334450000000004
20
-44.6575360000000003
11
137.5656669999999906
21
-44.4285019999999946
0
LINE
8
BLACK
6
CONTINUOUS
10
137.5656669999999906
20
-44.4285019999999946
11
137.6008499999999799
21
-43.9699669999999969
0
LINE
8
BLACK
6
CONTINUOUS
10
137.6008499999999799
20
-43.9699669999999969
11
137.6042769999999962
21
-43.7720899999999986
0
LINE
8
BLACK
6
CONTINUOUS
10
137.6042769999999962
20
-43.7720899999999986
11
137.5991640000000018
21
-43.4355440000000002
0
LINE
8
BLACK
6
CONTINUOUS
10
137.5991640000000018
20
-43.4355440000000002
11
137.5832089999999823
21
-43.1298710000000014
0
LINE
8
BLACK
6
CONTINUOUS
10
137.5832089999999823
20
-43.1298710000000014
11
137.5605840000000057
21
-42.8926639999999963
0
LINE
8
BLACK
6
CONTINUOUS
10
137.5605840000000057
20
-42.8926639999999963
11
137.5290090000000021
21
-42.6723829999999964
0
LINE
8
BLACK
6
CONTINUOUS
10
137.5290090000000021
20
-42.6723829999999964
11
137.4920899999999904
21
-42.4847499999999982
0
LINE
8
BLACK
6
CONTINUOUS
10
137.4920899999999904
20
-42.4847499999999982
11
137.4469059999999843
21
-42.3071190000000001
0
LINE
8
BLACK
6
CONTINUOUS
10
137.4469059999999843
20
-42.3071190000000001
11
137.3955629999999815
21
-42.1448169999999962
0
LINE
8
BLACK
6
CONTINUOUS
10
137.3955629999999815
20
-42.1448169999999962
11
137.3363039999999842
21
-41.9893539999999987
0
LINE
8
BLACK
6
CONTINUOUS
10
137.3363039999999842
20
-41.9893539999999987
11
137.1886489999999981
21
-41.6833209999999994
0
LINE
8
BLACK
6
CONTINUOUS
10
137.1886489999999981
20
-41.6833209999999994
11
137.0240090000000066
21
-41.4129110000000011
0
LINE
8
BLACK
6
CONTINUOUS
10
137.0240090000000066
20
-41.4129110000000011
11
136.8332029999999975
21
-41.1599049999999949
0
LINE
8
BLACK
6
CONTINUOUS
10
136.8332029999999975
20
-41.1599049999999949
11
136.5835280000000012
21
-40.8932059999999993
0
LINE
8
BLACK
6
CONTINUOUS
10
136.5835280000000012
20
-40.8932059999999993
11
136.2727380000000039
21
-40.6181709999999967
0
LINE
8
BLACK
6
CONTINUOUS
10
136.2727380000000039
20
-40.6181709999999967
11
135.9042599999999936
21
-40.3441779999999994
0
LINE
8
BLACK
6
CONTINUOUS
10
135.9042599999999936
20
-40.3441779999999994
11
135.4881110000000035
21
-40.0834270000000004
0
LINE
8
BLACK
6
CONTINUOUS
10
135.4881110000000035
20
-40.0834270000000004
11
135.0402499999999861
21
-39.8490600000000015
0
LINE
8
BLACK
6
CONTINUOUS
10
135.0402499999999861
20
-39.8490600000000015
11
134.813699999999983
21
-39.7470069999999964
0
LINE
8
BLACK
6
CONTINUOUS
10
134.813699999999983
20
-39.7470069999999964
11
134.5851480000000038
21
-39.6549989999999966
0
LINE
8
BLACK
6
CONTINUOUS
10
134.5851480000000038
20
-39.6549989999999966
11
134.3630310000000065
21
-39.5762199999999993
0
LINE
8
BLACK
6
CONTINUOUS
10
134.3630310000000065
20
-39.5762199999999993
11
134.1427449999999908
21
-39.5088250000000016
0
LINE
8
BLACK
6
CONTINUOUS
10
134.1427449999999908
20
-39.5088250000000016
11
133.9357880000000023
21
-39.455841999999997
0
LINE
8
BLACK
6
CONTINUOUS
10
133.9357880000000023
20
-39.455841999999997
11
133.7330780000000061
21
-39.414473000000001
0
LINE
8
BLACK
6
CONTINUOUS
10
133.7330780000000061
20
-39.414473000000001
11
133.547994999999986
21
-39.3867580000000004
0
LINE
8
BLACK
6
CONTINUOUS
10
133.547994999999986
20
-39.3867580000000004
11
133.3687070000000006
21
-39.3702339999999964
0
LINE
8
BLACK
6
CONTINUOUS
10
133.3687070000000006
20
-39.3702339999999964
11
133.2132349999999974
21
-39.3652239999999978
0
LINE
8
BLACK
6
CONTINUOUS
10
133.2132349999999974
20
-39.3652239999999978
11
133.2112510000000043
21
-39.3649629999999959
0
LINE
8
BLACK
6
CONTINUOUS
10
133.2112510000000043
20
-39.3649629999999959
11
133.2092549999999846
21
-39.3650159999999971
0
LINE
8
BLACK
6
CONTINUOUS
10
133.2092549999999846
20
-39.3650159999999971
11
132.9362889999999879
21
-39.3453079999999957
0
LINE
8
BLACK
6
CONTINUOUS
10
132.9362889999999879
20
-39.3453079999999957
11
132.930655999999999
21
-39.344338999999998
0
LINE
8
BLACK
6
CONTINUOUS
10
132.930655999999999
20
-39.344338999999998
11
132.9249470000000031
21
-39.3438340000000011
0
LINE
8
BLACK
6
CONTINUOUS
10
132.9249470000000031
20
-39.3438340000000011
11
132.5843669999999861
21
-39.2795649999999981
0
LINE
8
BLACK
6
CONTINUOUS
10
132.5843669999999861
20
-39.2795649999999981
11
132.5796109999999999
21
-39.2781729999999953
0
LINE
8
BLACK
6
CONTINUOUS
10
132.5796109999999999
20
-39.2781729999999953
11
132.5747419999999863
21
-39.2772499999999951
0
LINE
8
BLACK
6
CONTINUOUS
10
132.5747419999999863
20
-39.2772499999999951
11
132.1931160000000034
21
-39.1652190000000004
0
LINE
8
BLACK
6
CONTINUOUS
10
132.1931160000000034
20
-39.1652190000000004
11
132.1897319999999922
21
-39.163852999999996
0
LINE
8
BLACK
6
CONTINUOUS
10
132.1897319999999922
20
-39.163852999999996
11
132.1862160000000017
21
-39.1629170000000002
0
LINE
8
BLACK
6
CONTINUOUS
10
132.1862160000000017
20
-39.1629170000000002
11
131.9964760000000012
21
-39.091865999999996
0
LINE
8
BLACK
6
CONTINUOUS
10
131.9964760000000012
20
-39.091865999999996
11
131.9941419999999823
21
-39.0907199999999975
0
LINE
8
BLACK
6
CONTINUOUS
10
131.9941419999999823
20
-39.0907199999999975
11
131.9916649999999834
21
-39.0899209999999968
0
LINE
8
BLACK
6
CONTINUOUS
10
131.9916649999999834
20
-39.0899209999999968
11
131.8105500000000063
21
-39.0111580000000018
0
LINE
8
BLACK
6
CONTINUOUS
10
131.8105500000000063
20
-39.0111580000000018
11
131.808086000000003
21
-39.0097850000000008
0
LINE
8
BLACK
6
CONTINUOUS
10
131.808086000000003
20
-39.0097850000000008
11
131.8054559999999924
21
-39.0087699999999984
0
LINE
8
BLACK
6
CONTINUOUS
10
131.8054559999999924
20
-39.0087699999999984
11
131.6457920000000001
21
-38.9283730000000006
0
LINE
8
BLACK
6
CONTINUOUS
10
131.6457920000000001
20
-38.9283730000000006
11
131.6430770000000052
21
-38.9266530000000017
0
LINE
8
BLACK
6
CONTINUOUS
10
131.6430770000000052
20
-38.9266530000000017
11
131.6401559999999904
21
-38.9253050000000016
0
LINE
8
BLACK
6
CONTINUOUS
10
131.6401559999999904
20
-38.9253050000000016
11
131.4951859999999897
21
-38.8402369999999948
0
LINE
8
BLACK
6
CONTINUOUS
10
131.4951859999999897
20
-38.8402369999999948
11
131.4929459999999892
21
-38.8386069999999961
0
LINE
8
BLACK
6
CONTINUOUS
10
131.4929459999999892
20
-38.8386069999999961
11
131.4905029999999897
21
-38.8373119999999972
0
LINE
8
BLACK
6
CONTINUOUS
10
131.4905029999999897
20
-38.8373119999999972
11
131.4536860000000047
21
-38.8128799999999998
0
LINE
8
BLACK
6
CONTINUOUS
10
131.4536860000000047
20
-38.8128799999999998
11
127.9740869999999973
21
-38.6016130000000004
0
LINE
8
BLACK
6
CONTINUOUS
10
127.9740869999999973
20
-38.6016130000000004
11
127.6392339999999876
21
-38.7916370000000015
  0
ENDSEC
  0
EOF
